track,baseline,historical_seed,variant,stratum,source,fold,channel,aggregation,n_events,positive_count,positive_prevalence,auprc,auroc
P,R3-P1,17,,POOLED,ALL,ALL,ALL,EVENT_POOLED,5290,893,0.16880907372400755,0.697015263618245,0.8609542646021758
P,R3-P1,17,,SOURCE,rnafold,ALL,ALL,EVENT_POOLED,1693,220,0.1299468399291199,0.33704897289001523,0.7686431525026229
P,R3-P1,17,,SOURCE,petfold,ALL,ALL,EVENT_POOLED,1704,241,0.1414319248826291,0.4239405716545956,0.7941463428469325
P,R3-P1,17,,SOURCE,trrosettarna2_native_ss,ALL,ALL,EVENT_POOLED,1893,432,0.22820919175911253,0.8990255170110233,0.9400540598778108
P,R3-P1,17,,FOLD,ALL,0,ALL,EVENT_POOLED,1082,149,0.1377079482439926,0.596907002974187,0.8029305768359265
P,R3-P1,17,,FOLD,ALL,1,ALL,EVENT_POOLED,853,122,0.14302461899179367,0.6513176279479326,0.8310084994729878
P,R3-P1,17,,FOLD,ALL,2,ALL,EVENT_POOLED,1397,352,0.25196850393700787,0.7429846349171005,0.8640930839495433
P,R3-P1,17,,FOLD,ALL,3,ALL,EVENT_POOLED,953,119,0.1248688352570829,0.778206491391734,0.9277754267174496
P,R3-P1,17,,FOLD,ALL,4,ALL,EVENT_POOLED,1005,151,0.15024875621890546,0.6769955685129863,0.8556694635296307
P,R3-P1,29,,POOLED,ALL,ALL,ALL,EVENT_POOLED,5290,893,0.16880907372400755,0.6955788366090763,0.8639212677074692
P,R3-P1,29,,SOURCE,rnafold,ALL,ALL,EVENT_POOLED,1693,220,0.1299468399291199,0.32210638923647866,0.7672514349194594
P,R3-P1,29,,SOURCE,petfold,ALL,ALL,EVENT_POOLED,1704,241,0.1414319248826291,0.41385925551335323,0.7982304875731389
P,R3-P1,29,,SOURCE,trrosettarna2_native_ss,ALL,ALL,EVENT_POOLED,1893,432,0.22820919175911253,0.9001128406556121,0.9436237229700611
P,R3-P1,29,,FOLD,ALL,0,ALL,EVENT_POOLED,1082,149,0.1377079482439926,0.6002518561744775,0.8151736837940684
P,R3-P1,29,,FOLD,ALL,1,ALL,EVENT_POOLED,853,122,0.14302461899179367,0.64026207414534,0.8283173734610123
P,R3-P1,29,,FOLD,ALL,2,ALL,EVENT_POOLED,1397,352,0.25196850393700787,0.7502649259021317,0.8705021204871684
P,R3-P1,29,,FOLD,ALL,3,ALL,EVENT_POOLED,953,119,0.1248688352570829,0.7586318183607458,0.9223646293049594
P,R3-P1,29,,FOLD,ALL,4,ALL,EVENT_POOLED,1005,151,0.15024875621890546,0.6802742779259882,0.8551343890069327
P,R3-P1,41,,POOLED,ALL,ALL,ALL,EVENT_POOLED,5290,893,0.16880907372400755,0.6969744712875332,0.8633515521755774
P,R3-P1,41,,SOURCE,rnafold,ALL,ALL,EVENT_POOLED,1693,220,0.1299468399291199,0.33572961648292654,0.7738489785842128
P,R3-P1,41,,SOURCE,petfold,ALL,ALL,EVENT_POOLED,1704,241,0.1414319248826291,0.4280959626357824,0.7998471281939288
P,R3-P1,41,,SOURCE,trrosettarna2_native_ss,ALL,ALL,EVENT_POOLED,1893,432,0.22820919175911253,0.8989946997825531,0.9394567394225163
P,R3-P1,41,,FOLD,ALL,0,ALL,EVENT_POOLED,1082,149,0.1377079482439926,0.6145304871228828,0.8200004316018904
P,R3-P1,41,,FOLD,ALL,1,ALL,EVENT_POOLED,853,122,0.14302461899179367,0.6503560945614184,0.8391827947343634
P,R3-P1,41,,FOLD,ALL,2,ALL,EVENT_POOLED,1397,352,0.25196850393700787,0.7412423348448076,0.8590066333188343
P,R3-P1,41,,FOLD,ALL,3,ALL,EVENT_POOLED,953,119,0.1248688352570829,0.7767700494023974,0.9274126916953832
P,R3-P1,41,,FOLD,ALL,4,ALL,EVENT_POOLED,1005,151,0.15024875621890546,0.6772463228706844,0.8572979512074073
P,R3-P1,53,,POOLED,ALL,ALL,ALL,EVENT_POOLED,5290,893,0.16880907372400755,0.7042881255809368,0.8659224030636791
P,R3-P1,53,,SOURCE,rnafold,ALL,ALL,EVENT_POOLED,1693,220,0.1299468399291199,0.3439358725589541,0.7738644078257113
P,R3-P1,53,,SOURCE,petfold,ALL,ALL,EVENT_POOLED,1704,241,0.1414319248826291,0.4451831412122048,0.8003888446124742
P,R3-P1,53,,SOURCE,trrosettarna2_native_ss,ALL,ALL,EVENT_POOLED,1893,432,0.22820919175911253,0.90142891537688,0.9438906951098943
P,R3-P1,53,,FOLD,ALL,0,ALL,EVENT_POOLED,1082,149,0.1377079482439926,0.6036914494900946,0.8160368875749009
P,R3-P1,53,,FOLD,ALL,1,ALL,EVENT_POOLED,853,122,0.14302461899179367,0.6506381689977718,0.8282949474109125
P,R3-P1,53,,FOLD,ALL,2,ALL,EVENT_POOLED,1397,352,0.25196850393700787,0.7551790238304131,0.87242143323184
P,R3-P1,53,,FOLD,ALL,3,ALL,EVENT_POOLED,953,119,0.1248688352570829,0.7783401054719546,0.9334885033149951
P,R3-P1,53,,FOLD,ALL,4,ALL,EVENT_POOLED,1005,151,0.15024875621890546,0.6807053260906285,0.8633621291313182
P,R3-P1,67,,POOLED,ALL,ALL,ALL,EVENT_POOLED,5290,893,0.16880907372400755,0.6888520787949579,0.8630262005475076
P,R3-P1,67,,SOURCE,rnafold,ALL,ALL,EVENT_POOLED,1693,220,0.1299468399291199,0.331900996668444,0.7748703943714127
P,R3-P1,67,,SOURCE,petfold,ALL,ALL,EVENT_POOLED,1704,241,0.1414319248826291,0.4129203767467705,0.8003774997660126
P,R3-P1,67,,SOURCE,trrosettarna2_native_ss,ALL,ALL,EVENT_POOLED,1893,432,0.22820919175911253,0.8908286687054278,0.9382454622658251
P,R3-P1,67,,FOLD,ALL,0,ALL,EVENT_POOLED,1082,149,0.1377079482439926,0.6143647495091392,0.8208204751936814
P,R3-P1,67,,FOLD,ALL,1,ALL,EVENT_POOLED,853,122,0.14302461899179367,0.6511774183218096,0.830649682671391
P,R3-P1,67,,FOLD,ALL,2,ALL,EVENT_POOLED,1397,352,0.25196850393700787,0.7378550035229657,0.8633400391474554
P,R3-P1,67,,FOLD,ALL,3,ALL,EVENT_POOLED,953,119,0.1248688352570829,0.7242858475212628,0.9157950950164239
P,R3-P1,67,,FOLD,ALL,4,ALL,EVENT_POOLED,1005,151,0.15024875621890546,0.6821509874797912,0.86015168199513
P,R3-P2,,,POOLED,ALL,ALL,ALL,EVENT_POOLED,5290,893,0.16880907372400755,0.7199702651477111,0.9188025481081089
P,R3-P2,,,SOURCE,rnafold,ALL,ALL,EVENT_POOLED,1693,220,0.1299468399291199,0.5823885897498395,0.891183731407764
P,R3-P2,,,SOURCE,petfold,ALL,ALL,EVENT_POOLED,1704,241,0.1414319248826291,0.6400257298321487,0.9018571513657777
P,R3-P2,,,SOURCE,trrosettarna2_native_ss,ALL,ALL,EVENT_POOLED,1893,432,0.22820919175911253,0.7835039511084189,0.9334090678632089
P,R3-P2,,,FOLD,ALL,0,ALL,EVENT_POOLED,1082,149,0.1377079482439926,0.6739591498979013,0.9073746376342462
P,R3-P2,,,FOLD,ALL,1,ALL,EVENT_POOLED,853,122,0.14302461899179367,0.6843023920598033,0.9149996636092484
P,R3-P2,,,FOLD,ALL,2,ALL,EVENT_POOLED,1397,352,0.25196850393700787,0.759856238087344,0.9192828403653762
P,R3-P2,,,FOLD,ALL,3,ALL,EVENT_POOLED,953,119,0.1248688352570829,0.7973815065976225,0.9354583560042722
P,R3-P2,,,FOLD,ALL,4,ALL,EVENT_POOLED,1005,151,0.15024875621890546,0.6852006715230256,0.90669541076663
P,R3-P3,17,,POOLED,ALL,ALL,ALL,EVENT_POOLED,5290,893,0.16880907372400755,0.4359492390900296,0.6676146644828844
P,R3-P3,17,,SOURCE,rnafold,ALL,ALL,EVENT_POOLED,1693,220,0.1299468399291199,0.14276647156741662,0.5122785903844967
P,R3-P3,17,,SOURCE,petfold,ALL,ALL,EVENT_POOLED,1704,241,0.1414319248826291,0.19540887758446765,0.5380520331382965
P,R3-P3,17,,SOURCE,trrosettarna2_native_ss,ALL,ALL,EVENT_POOLED,1893,432,0.22820919175911253,0.7117154564928981,0.8188906951098943
P,R3-P3,17,,FOLD,ALL,0,ALL,EVENT_POOLED,1082,149,0.1377079482439926,0.4546102540175625,0.6902033564240345
P,R3-P3,17,,FOLD,ALL,1,ALL,EVENT_POOLED,853,122,0.14302461899179367,0.14302461899179367,0.5
P,R3-P3,17,,FOLD,ALL,2,ALL,EVENT_POOLED,1397,352,0.25196850393700787,0.4891905896430518,0.6713516746411483
P,R3-P3,17,,FOLD,ALL,3,ALL,EVENT_POOLED,953,119,0.1248688352570829,0.6470059167423527,0.7983193277310925
P,R3-P3,17,,FOLD,ALL,4,ALL,EVENT_POOLED,1005,151,0.15024875621890546,0.42513067696189877,0.664977433813608
P,R3-P3,29,,POOLED,ALL,ALL,ALL,EVENT_POOLED,5290,893,0.16880907372400755,0.4359492390900296,0.6676146644828844
P,R3-P3,29,,SOURCE,rnafold,ALL,ALL,EVENT_POOLED,1693,220,0.1299468399291199,0.13499301938463187,0.5057998518792817
P,R3-P3,29,,SOURCE,petfold,ALL,ALL,EVENT_POOLED,1704,241,0.1414319248826291,0.1948875131842229,0.5363191078412742
P,R3-P3,29,,SOURCE,trrosettarna2_native_ss,ALL,ALL,EVENT_POOLED,1893,432,0.22820919175911253,0.7144206639919326,0.8228358620427408
P,R3-P3,29,,FOLD,ALL,0,ALL,EVENT_POOLED,1082,149,0.1377079482439926,0.4661697255869204,0.6969147658200077
P,R3-P3,29,,FOLD,ALL,1,ALL,EVENT_POOLED,853,122,0.14302461899179367,0.14302461899179367,0.5
P,R3-P3,29,,FOLD,ALL,2,ALL,EVENT_POOLED,1397,352,0.25196850393700787,0.4895296129693499,0.6704096889952154
P,R3-P3,29,,FOLD,ALL,3,ALL,EVENT_POOLED,953,119,0.1248688352570829,0.6387192687498224,0.7977198073473994
P,R3-P3,29,,FOLD,ALL,4,ALL,EVENT_POOLED,1005,151,0.15024875621890546,0.4195057823465454,0.6616661755354623
P,R3-P3,41,,POOLED,ALL,ALL,ALL,EVENT_POOLED,5290,893,0.16880907372400755,0.4468116407993249,0.6756721790103759
P,R3-P3,41,,SOURCE,rnafold,ALL,ALL,EVENT_POOLED,1693,220,0.1299468399291199,0.159222466842077,0.5252360673949269
P,R3-P3,41,,SOURCE,petfold,ALL,ALL,EVENT_POOLED,1704,241,0.1414319248826291,0.21938059894637535,0.5508419294180378
P,R3-P3,41,,SOURCE,trrosettarna2_native_ss,ALL,ALL,EVENT_POOLED,1893,432,0.22820919175911253,0.7126354834599586,0.8216784546353335
P,R3-P3,41,,FOLD,ALL,0,ALL,EVENT_POOLED,1082,149,0.1377079482439926,0.48271550677609554,0.7154412769661265
P,R3-P3,41,,FOLD,ALL,1,ALL,EVENT_POOLED,853,122,0.14302461899179367,0.14302461899179367,0.5
P,R3-P3,41,,FOLD,ALL,2,ALL,EVENT_POOLED,1397,352,0.25196850393700787,0.508544144747864,0.6831937799043062
P,R3-P3,41,,FOLD,ALL,3,ALL,EVENT_POOLED,953,119,0.1248688352570829,0.6387192687498224,0.7977198073473994
P,R3-P3,41,,FOLD,ALL,4,ALL,EVENT_POOLED,1005,151,0.15024875621890546,0.4195057823465454,0.6616661755354623
P,R3-P3,53,,POOLED,ALL,ALL,ALL,EVENT_POOLED,5290,893,0.16880907372400755,0.4480256310357395,0.6748934998692226
P,R3-P3,53,,SOURCE,rnafold,ALL,ALL,EVENT_POOLED,1693,220,0.1299468399291199,0.16273521221837817,0.5239816700610997
P,R3-P3,53,,SOURCE,petfold,ALL,ALL,EVENT_POOLED,1704,241,0.1414319248826291,0.21586747316541013,0.5487672406213573
P,R3-P3,53,,SOURCE,trrosettarna2_native_ss,ALL,ALL,EVENT_POOLED,1893,432,0.22820919175911253,0.7126354834599586,0.8216784546353335
P,R3-P3,53,,FOLD,ALL,0,ALL,EVENT_POOLED,1082,149,0.1377079482439926,0.4661697255869204,0.6969147658200077
P,R3-P3,53,,FOLD,ALL,1,ALL,EVENT_POOLED,853,122,0.14302461899179367,0.14302461899179367,0.5
P,R3-P3,53,,FOLD,ALL,2,ALL,EVENT_POOLED,1397,352,0.25196850393700787,0.5106577411858408,0.6846142344497608
P,R3-P3,53,,FOLD,ALL,3,ALL,EVENT_POOLED,953,119,0.1248688352570829,0.6460717133379821,0.8019214880196683
P,R3-P3,53,,FOLD,ALL,4,ALL,EVENT_POOLED,1005,151,0.15024875621890546,0.43075567146437954,0.6682886920917537
P,R3-P3,67,,POOLED,ALL,ALL,ALL,EVENT_POOLED,5290,893,0.16880907372400755,0.4468116407993249,0.6756721790103759
P,R3-P3,67,,SOURCE,rnafold,ALL,ALL,EVENT_POOLED,1693,220,0.1299468399291199,0.1524492562959781,0.5206906128494723
P,R3-P3,67,,SOURCE,petfold,ALL,ALL,EVENT_POOLED,1704,241,0.1414319248826291,0.2166569106334792,0.5522330912154018
P,R3-P3,67,,SOURCE,trrosettarna2_native_ss,ALL,ALL,EVENT_POOLED,1893,432,0.22820919175911253,0.71885879755333,0.823520324739524
P,R3-P3,67,,FOLD,ALL,0,ALL,EVENT_POOLED,1082,149,0.1377079482439926,0.4597986796102902,0.7048382571915665
P,R3-P3,67,,FOLD,ALL,1,ALL,EVENT_POOLED,853,122,0.14302461899179367,0.14302461899179367,0.5
P,R3-P3,67,,FOLD,ALL,2,ALL,EVENT_POOLED,1397,352,0.25196850393700787,0.5124057401327968,0.6869766746411483
P,R3-P3,67,,FOLD,ALL,3,ALL,EVENT_POOLED,953,119,0.1248688352570829,0.6396518733411518,0.7941176470588235
P,R3-P3,67,,FOLD,ALL,4,ALL,EVENT_POOLED,1005,151,0.15024875621890546,0.43162334025238047,0.6655629139072847
P,R3-P4,,,POOLED,ALL,ALL,ALL,EVENT_POOLED,5290,893,0.16880907372400755,0.7772828897729951,0.9136082552468203
P,R3-P4,,,SOURCE,rnafold,ALL,ALL,EVENT_POOLED,1693,220,0.1299468399291199,0.5094270582944151,0.8582870456088378
P,R3-P4,,,SOURCE,petfold,ALL,ALL,EVENT_POOLED,1704,241,0.1414319248826291,0.6177882454899021,0.8759313409892139
P,R3-P4,,,SOURCE,trrosettarna2_native_ss,ALL,ALL,EVENT_POOLED,1893,432,0.22820919175911253,0.9495120063346209,0.9736885884858164
P,R3-P4,,,FOLD,ALL,0,ALL,EVENT_POOLED,1082,149,0.1377079482439926,0.6877105675166918,0.8870857521022609
P,R3-P4,,,FOLD,ALL,1,ALL,EVENT_POOLED,853,122,0.14302461899179367,0.7910891363888518,0.9287636518579983
P,R3-P4,,,FOLD,ALL,2,ALL,EVENT_POOLED,1397,352,0.25196850393700787,0.8168993717648383,0.917379839060461
P,R3-P4,,,FOLD,ALL,3,ALL,EVENT_POOLED,953,119,0.1248688352570829,0.9105543152519289,0.9820446164077141
P,R3-P4,,,FOLD,ALL,4,ALL,EVENT_POOLED,1005,151,0.15024875621890546,0.6577494333154782,0.8201723095057152
E,R3-E1,,,POOLED,ALL,ALL,ALL,EVENT_POOLED,310838,50215,0.16154717248212896,0.26136338283564553,0.5595240465996216
E,R3-E1,,,SOURCE,rnafold,ALL,ALL,EVENT_POOLED,99424,12257,0.12328009333762471,0.22885556712677912,0.5602104919637758
E,R3-E1,,,SOURCE,petfold,ALL,ALL,EVENT_POOLED,100065,13485,0.13476240443711587,0.2399255055960011,0.5607712272895811
E,R3-E1,,,SOURCE,trrosettarna2_native_ss,ALL,ALL,EVENT_POOLED,111349,24473,0.21978643723787372,0.3110605528014731,0.5584930331385609
E,R3-E1,,,CHANNEL,ALL,ALL,POSITIVE_PAIR_EVIDENCE,EVENT_POOLED,152138,23425,0.1539720516899131,0.20298208054185707,0.5289647812166489
E,R3-E1,,,CHANNEL,ALL,ALL,UNPAIRED_NUCLEOTIDE_EVIDENCE,EVENT_POOLED,158700,26790,0.16880907372400755,0.31218097631159103,0.5862448674878686
E,R3-E1,,,FOLD,ALL,0,ALL,EVENT_POOLED,64261,8800,0.1369415353013492,0.2544351762910064,0.5680681818181819
E,R3-E1,,,FOLD,ALL,1,ALL,EVENT_POOLED,50808,7136,0.14045032278381359,0.2565666188651482,0.5675448430493274
E,R3-E1,,,FOLD,ALL,2,ALL,EVENT_POOLED,79779,18701,0.23441005778463003,0.3083448973996751,0.5482861879043901
E,R3-E1,,,FOLD,ALL,3,ALL,EVENT_POOLED,56130,6613,0.11781578478531979,0.21893413275639612,0.5573113564191744
E,R3-E1,,,FOLD,ALL,4,ALL,EVENT_POOLED,59860,8965,0.14976612094888073,0.2685048623400689,0.5698271054099275
E,R3-E2,,,POOLED,ALL,ALL,ALL,EVENT_POOLED,310838,50215,0.16154717248212896,0.6205497633628437,0.8138247354633633
E,R3-E2,,,SOURCE,rnafold,ALL,ALL,EVENT_POOLED,99424,12257,0.12328009333762471,0.36663166308850403,0.6580648726263749
E,R3-E2,,,SOURCE,petfold,ALL,ALL,EVENT_POOLED,100065,13485,0.13476240443711587,0.45776389938921036,0.7081705411238225
E,R3-E2,,,SOURCE,trrosettarna2_native_ss,ALL,ALL,EVENT_POOLED,111349,24473,0.21978643723787372,0.8202114127907975,0.9446870825716448
E,R3-E2,,,CHANNEL,ALL,ALL,POSITIVE_PAIR_EVIDENCE,EVENT_POOLED,152138,23425,0.1539720516899131,0.6051073123694993,0.8069208815578969
E,R3-E2,,,CHANNEL,ALL,ALL,UNPAIRED_NUCLEOTIDE_EVIDENCE,EVENT_POOLED,158700,26790,0.16880907372400755,0.6341026304060079,0.8198173735307498
E,R3-E2,,,FOLD,ALL,0,ALL,EVENT_POOLED,64261,8800,0.1369415353013492,0.6433731053318196,0.8293729664252194
E,R3-E2,,,FOLD,ALL,1,ALL,EVENT_POOLED,50808,7136,0.14045032278381359,0.5501999778143593,0.7868658418401504
E,R3-E2,,,FOLD,ALL,2,ALL,EVENT_POOLED,79779,18701,0.23441005778463003,0.6555290390560118,0.8083081628541161
E,R3-E2,,,FOLD,ALL,3,ALL,EVENT_POOLED,56130,6613,0.11781578478531979,0.7153710556385502,0.8720923449113629
E,R3-E2,,,FOLD,ALL,4,ALL,EVENT_POOLED,59860,8965,0.14976612094888073,0.5436806992724145,0.7849077584850802
