dataset_version,rna_id,sequence_path,gt_path,rnafold_prediction_path,petfold_prediction_path,trrna2_prediction_path,trrna2_pair_score_path,gt_mapping_key,petfold_source_id,petfold_alias_applied,validation_status
Legacy121_v1,17RA_21_hp_nmr_A,/root/autodl-tmp/data/sequences/17RA_21_hp_nmr_A.fasta,/root/autodl-tmp/data/ss/gt/17RA_21_hp_nmr_matrix.db,/root/autodl-tmp/data/ss/rnafold/17RA_21_hp_nmr_A.db,/root/autodl-tmp/data/ss/petfold/17RA_21_hp_nmr.db,/root/autodl-tmp/models/trRosettaRNA2/data/ss_native/17RA_21_hp_nmr_A/17RA_21_hp_nmr_A.dbn,/root/autodl-tmp/models/trRosettaRNA2/data/ss_native/17RA_21_hp_nmr_A/17RA_21_hp_nmr_A_ss_prob.npz,17RA_21_hp_nmr,17RA_21_hp_nmr,false,valid
Legacy121_v1,1A60_44_pseudknot_nmr_A,/root/autodl-tmp/data/sequences/1A60_44_pseudknot_nmr_A.fasta,/root/autodl-tmp/data/ss/gt/1A60_44_pseudknot_nmr_matrix.db,/root/autodl-tmp/data/ss/rnafold/1A60_44_pseudknot_nmr_A.db,/root/autodl-tmp/data/ss/petfold/1A60_44_pseudknot_nmr.db,/root/autodl-tmp/models/trRosettaRNA2/data/ss_native/1A60_44_pseudknot_nmr_A/1A60_44_pseudknot_nmr_A.dbn,/root/autodl-tmp/models/trRosettaRNA2/data/ss_native/1A60_44_pseudknot_nmr_A/1A60_44_pseudknot_nmr_A_ss_prob.npz,1A60_44_pseudknot_nmr,1A60_44_pseudknot_nmr,false,valid
Legacy121_v1,1A9L_38_hpbulge_nmr_A,/root/autodl-tmp/data/sequences/1A9L_38_hpbulge_nmr_A.fasta,/root/autodl-tmp/data/ss/gt/1A9L_38_hpbulge_nmr_matrix.db,/root/autodl-tmp/data/ss/rnafold/1A9L_38_hpbulge_nmr_A.db,/root/autodl-tmp/data/ss/petfold/1A9L.db,/root/autodl-tmp/models/trRosettaRNA2/data/ss_native/1A9L_38_hpbulge_nmr_A/1A9L_38_hpbulge_nmr_A.dbn,/root/autodl-tmp/models/trRosettaRNA2/data/ss_native/1A9L_38_hpbulge_nmr_A/1A9L_38_hpbulge_nmr_A_ss_prob.npz,1A9L_38_hpbulge_nmr,1A9L,true,valid
Legacy121_v1,1B36_38_hp_nmr_A,/root/autodl-tmp/data/sequences/1B36_38_hp_nmr_A.fasta,/root/autodl-tmp/data/ss/gt/1B36_38_hp_nmr_matrix.db,/root/autodl-tmp/data/ss/rnafold/1B36_38_hp_nmr_A.db,/root/autodl-tmp/data/ss/petfold/1B36_38_hp_nmr.db,/root/autodl-tmp/models/trRosettaRNA2/data/ss_native/1B36_38_hp_nmr_A/1B36_38_hp_nmr_A.dbn,/root/autodl-tmp/models/trRosettaRNA2/data/ss_native/1B36_38_hp_nmr_A/1B36_38_hp_nmr_A_ss_prob.npz,1B36_38_hp_nmr,1B36_38_hp_nmr,false,valid
Legacy121_v1,1BGZ_23_hp_nmr_A,/root/autodl-tmp/data/sequences/1BGZ_23_hp_nmr_A.fasta,/root/autodl-tmp/data/ss/gt/1BGZ_23_hp_nmr_matrix.db,/root/autodl-tmp/data/ss/rnafold/1BGZ_23_hp_nmr_A.db,/root/autodl-tmp/data/ss/petfold/1BGZ_23_hp_nmr.db,/root/autodl-tmp/models/trRosettaRNA2/data/ss_native/1BGZ_23_hp_nmr_A/1BGZ_23_hp_nmr_A.dbn,/root/autodl-tmp/models/trRosettaRNA2/data/ss_native/1BGZ_23_hp_nmr_A/1BGZ_23_hp_nmr_A_ss_prob.npz,1BGZ_23_hp_nmr,1BGZ_23_hp_nmr,false,valid
Legacy121_v1,1BVJ_23_hp_nmr_A,/root/autodl-tmp/data/sequences/1BVJ_23_hp_nmr_A.fasta,/root/autodl-tmp/data/ss/gt/1BVJ_23_hp_nmr_matrix.db,/root/autodl-tmp/data/ss/rnafold/1BVJ_23_hp_nmr_A.db,/root/autodl-tmp/data/ss/petfold/1BVJ_23_hp_nmr.db,/root/autodl-tmp/models/trRosettaRNA2/data/ss_native/1BVJ_23_hp_nmr_A/1BVJ_23_hp_nmr_A.dbn,/root/autodl-tmp/models/trRosettaRNA2/data/ss_native/1BVJ_23_hp_nmr_A/1BVJ_23_hp_nmr_A_ss_prob.npz,1BVJ_23_hp_nmr,1BVJ_23_hp_nmr,false,valid
Legacy121_v1,1E4P_24_hpbulge_nmr_A,/root/autodl-tmp/data/sequences/1E4P_24_hpbulge_nmr_A.fasta,/root/autodl-tmp/data/ss/gt/1E4P_24_hpbulge_nmr_matrix.db,/root/autodl-tmp/data/ss/rnafold/1E4P_24_hpbulge_nmr_A.db,/root/autodl-tmp/data/ss/petfold/1E4P_24_hpbulge_nmr.db,/root/autodl-tmp/models/trRosettaRNA2/data/ss_native/1E4P_24_hpbulge_nmr_A/1E4P_24_hpbulge_nmr_A.dbn,/root/autodl-tmp/models/trRosettaRNA2/data/ss_native/1E4P_24_hpbulge_nmr_A/1E4P_24_hpbulge_nmr_A_ss_prob.npz,1E4P_24_hpbulge_nmr,1E4P_24_hpbulge_nmr,false,valid
Legacy121_v1,1E95_36_pseudoknot_nmr_A,/root/autodl-tmp/data/sequences/1E95_36_pseudoknot_nmr_A.fasta,/root/autodl-tmp/data/ss/gt/1E95_36_pseudoknot_nmr_matrix.db,/root/autodl-tmp/data/ss/rnafold/1E95_36_pseudoknot_nmr_A.db,/root/autodl-tmp/data/ss/petfold/1E95_36_pseudoknot_nmr.db,/root/autodl-tmp/models/trRosettaRNA2/data/ss_native/1E95_36_pseudoknot_nmr_A/1E95_36_pseudoknot_nmr_A.dbn,/root/autodl-tmp/models/trRosettaRNA2/data/ss_native/1E95_36_pseudoknot_nmr_A/1E95_36_pseudoknot_nmr_A_ss_prob.npz,1E95_36_pseudoknot_nmr,1E95_36_pseudoknot_nmr,false,valid
Legacy121_v1,1F9L_22_hp_nmr_A,/root/autodl-tmp/data/sequences/1F9L_22_hp_nmr_A.fasta,/root/autodl-tmp/data/ss/gt/1F9L_22_hp_nmr_matrix.db,/root/autodl-tmp/data/ss/rnafold/1F9L_22_hp_nmr_A.db,/root/autodl-tmp/data/ss/petfold/1F9L_22_hp_nmr.db,/root/autodl-tmp/models/trRosettaRNA2/data/ss_native/1F9L_22_hp_nmr_A/1F9L_22_hp_nmr_A.dbn,/root/autodl-tmp/models/trRosettaRNA2/data/ss_native/1F9L_22_hp_nmr_A/1F9L_22_hp_nmr_A_ss_prob.npz,1F9L_22_hp_nmr,1F9L_22_hp_nmr,false,valid
Legacy121_v1,1HLX_20_hp_nmr_A,/root/autodl-tmp/data/sequences/1HLX_20_hp_nmr_A.fasta,/root/autodl-tmp/data/ss/gt/1HLX_20_hp_nmr_matrix.db,/root/autodl-tmp/data/ss/rnafold/1HLX_20_hp_nmr_A.db,/root/autodl-tmp/data/ss/petfold/1HLX_20_hp_nmr.db,/root/autodl-tmp/models/trRosettaRNA2/data/ss_native/1HLX_20_hp_nmr_A/1HLX_20_hp_nmr_A.dbn,/root/autodl-tmp/models/trRosettaRNA2/data/ss_native/1HLX_20_hp_nmr_A/1HLX_20_hp_nmr_A_ss_prob.npz,1HLX_20_hp_nmr,1HLX_20_hp_nmr,false,valid
Legacy121_v1,1IKD_22_hp_nmr_A,/root/autodl-tmp/data/sequences/1IKD_22_hp_nmr_A.fasta,/root/autodl-tmp/data/ss/gt/1IKD_22_hp_nmr_matrix.db,/root/autodl-tmp/data/ss/rnafold/1IKD_22_hp_nmr_A.db,/root/autodl-tmp/data/ss/petfold/1IKD_22_hp_nmr.db,/root/autodl-tmp/models/trRosettaRNA2/data/ss_native/1IKD_22_hp_nmr_A/1IKD_22_hp_nmr_A.dbn,/root/autodl-tmp/models/trRosettaRNA2/data/ss_native/1IKD_22_hp_nmr_A/1IKD_22_hp_nmr_A_ss_prob.npz,1IKD_22_hp_nmr,1IKD_22_hp_nmr,false,valid
Legacy121_v1,1JUR_22_hp_nmr_A,/root/autodl-tmp/data/sequences/1JUR_22_hp_nmr_A.fasta,/root/autodl-tmp/data/ss/gt/1JUR_22_hp_nmr_matrix.db,/root/autodl-tmp/data/ss/rnafold/1JUR_22_hp_nmr_A.db,/root/autodl-tmp/data/ss/petfold/1JUR_22_hp_nmr.db,/root/autodl-tmp/models/trRosettaRNA2/data/ss_native/1JUR_22_hp_nmr_A/1JUR_22_hp_nmr_A.dbn,/root/autodl-tmp/models/trRosettaRNA2/data/ss_native/1JUR_22_hp_nmr_A/1JUR_22_hp_nmr_A_ss_prob.npz,1JUR_22_hp_nmr,1JUR_22_hp_nmr,false,valid
Legacy121_v1,1K2G_22_dumbbell_nmr_A,/root/autodl-tmp/data/sequences/1K2G_22_dumbbell_nmr_A.fasta,/root/autodl-tmp/data/ss/gt/1K2G_22_dumbbell_nmr_matrix.db,/root/autodl-tmp/data/ss/rnafold/1K2G_22_dumbbell_nmr_A.db,/root/autodl-tmp/data/ss/petfold/1K2G_22_dumbbell_nmr.db,/root/autodl-tmp/models/trRosettaRNA2/data/ss_native/1K2G_22_dumbbell_nmr_A/1K2G_22_dumbbell_nmr_A.dbn,/root/autodl-tmp/models/trRosettaRNA2/data/ss_native/1K2G_22_dumbbell_nmr_A/1K2G_22_dumbbell_nmr_A_ss_prob.npz,1K2G_22_dumbbell_nmr,1K2G_22_dumbbell_nmr,false,valid
Legacy121_v1,1K6H_22_hp_nmr_A,/root/autodl-tmp/data/sequences/1K6H_22_hp_nmr_A.fasta,/root/autodl-tmp/data/ss/gt/1K6H_22_hp_nmr_matrix.db,/root/autodl-tmp/data/ss/rnafold/1K6H_22_hp_nmr_A.db,/root/autodl-tmp/data/ss/petfold/1K6H_22_hp_nmr.db,/root/autodl-tmp/models/trRosettaRNA2/data/ss_native/1K6H_22_hp_nmr_A/1K6H_22_hp_nmr_A.dbn,/root/autodl-tmp/models/trRosettaRNA2/data/ss_native/1K6H_22_hp_nmr_A/1K6H_22_hp_nmr_A_ss_prob.npz,1K6H_22_hp_nmr,1K6H_22_hp_nmr,false,valid
Legacy121_v1,1LDZ_30_hpbulge_nmr_A,/root/autodl-tmp/data/sequences/1LDZ_30_hpbulge_nmr_A.fasta,/root/autodl-tmp/data/ss/gt/1LDZ_30_hpbulge_nmr_matrix.db,/root/autodl-tmp/data/ss/rnafold/1LDZ_30_hpbulge_nmr_A.db,/root/autodl-tmp/data/ss/petfold/1LDZ_30_hpbulge_nmr.db,/root/autodl-tmp/models/trRosettaRNA2/data/ss_native/1LDZ_30_hpbulge_nmr_A/1LDZ_30_hpbulge_nmr_A.dbn,/root/autodl-tmp/models/trRosettaRNA2/data/ss_native/1LDZ_30_hpbulge_nmr_A/1LDZ_30_hpbulge_nmr_A_ss_prob.npz,1LDZ_30_hpbulge_nmr,1LDZ_30_hpbulge_nmr,false,valid
Legacy121_v1,1M82_25_hp_nmr_A,/root/autodl-tmp/data/sequences/1M82_25_hp_nmr_A.fasta,/root/autodl-tmp/data/ss/gt/1M82_25_hp_nmr_matrix.db,/root/autodl-tmp/data/ss/rnafold/1M82_25_hp_nmr_A.db,/root/autodl-tmp/data/ss/petfold/1M82_25_hp_nmr.db,/root/autodl-tmp/models/trRosettaRNA2/data/ss_native/1M82_25_hp_nmr_A/1M82_25_hp_nmr_A.dbn,/root/autodl-tmp/models/trRosettaRNA2/data/ss_native/1M82_25_hp_nmr_A/1M82_25_hp_nmr_A_ss_prob.npz,1M82_25_hp_nmr,1M82_25_hp_nmr,false,valid
Legacy121_v1,1MT4_24_hp_nmr_A,/root/autodl-tmp/data/sequences/1MT4_24_hp_nmr_A.fasta,/root/autodl-tmp/data/ss/gt/1MT4_24_hp_nmr_matrix.db,/root/autodl-tmp/data/ss/rnafold/1MT4_24_hp_nmr_A.db,/root/autodl-tmp/data/ss/petfold/1MT4_24_hp_nmr.db,/root/autodl-tmp/models/trRosettaRNA2/data/ss_native/1MT4_24_hp_nmr_A/1MT4_24_hp_nmr_A.dbn,/root/autodl-tmp/models/trRosettaRNA2/data/ss_native/1MT4_24_hp_nmr_A/1MT4_24_hp_nmr_A_ss_prob.npz,1MT4_24_hp_nmr,1MT4_24_hp_nmr,false,valid
Legacy121_v1,1P5M_55_hpbulge_nmr_A,/root/autodl-tmp/data/sequences/1P5M_55_hpbulge_nmr_A.fasta,/root/autodl-tmp/data/ss/gt/1P5M_55_hpbulge_nmr_matrix.db,/root/autodl-tmp/data/ss/rnafold/1P5M_55_hpbulge_nmr_A.db,/root/autodl-tmp/data/ss/petfold/1P5M_55_hpbulge_nmr.db,/root/autodl-tmp/models/trRosettaRNA2/data/ss_native/1P5M_55_hpbulge_nmr_A/1P5M_55_hpbulge_nmr_A.dbn,/root/autodl-tmp/models/trRosettaRNA2/data/ss_native/1P5M_55_hpbulge_nmr_A/1P5M_55_hpbulge_nmr_A_ss_prob.npz,1P5M_55_hpbulge_nmr,1P5M_55_hpbulge_nmr,false,valid
Legacy121_v1,1P5O_77_hpbulge_nmr_A,/root/autodl-tmp/data/sequences/1P5O_77_hpbulge_nmr_A.fasta,/root/autodl-tmp/data/ss/gt/1P5O_77_hpbulge_nmr_matrix.db,/root/autodl-tmp/data/ss/rnafold/1P5O_77_hpbulge_nmr_A.db,/root/autodl-tmp/data/ss/petfold/1P5O_77_hpbulge_nmr.db,/root/autodl-tmp/models/trRosettaRNA2/data/ss_native/1P5O_77_hpbulge_nmr_A/1P5O_77_hpbulge_nmr_A.dbn,/root/autodl-tmp/models/trRosettaRNA2/data/ss_native/1P5O_77_hpbulge_nmr_A/1P5O_77_hpbulge_nmr_A_ss_prob.npz,1P5O_77_hpbulge_nmr,1P5O_77_hpbulge_nmr,false,valid
Legacy121_v1,1QWA_21_hp_nmr_A,/root/autodl-tmp/data/sequences/1QWA_21_hp_nmr_A.fasta,/root/autodl-tmp/data/ss/gt/1QWA_21_hp_nmr_matrix.db,/root/autodl-tmp/data/ss/rnafold/1QWA_21_hp_nmr_A.db,/root/autodl-tmp/data/ss/petfold/1QWA_21_hp_nmr.db,/root/autodl-tmp/models/trRosettaRNA2/data/ss_native/1QWA_21_hp_nmr_A/1QWA_21_hp_nmr_A.dbn,/root/autodl-tmp/models/trRosettaRNA2/data/ss_native/1QWA_21_hp_nmr_A/1QWA_21_hp_nmr_A_ss_prob.npz,1QWA_21_hp_nmr,1QWA_21_hp_nmr,false,valid
Legacy121_v1,1QWB_26_hp_nmr_A,/root/autodl-tmp/data/sequences/1QWB_26_hp_nmr_A.fasta,/root/autodl-tmp/data/ss/gt/1QWB_26_hp_nmr_matrix.db,/root/autodl-tmp/data/ss/rnafold/1QWB_26_hp_nmr_A.db,/root/autodl-tmp/data/ss/petfold/1QWB_26_hp_nmr.db,/root/autodl-tmp/models/trRosettaRNA2/data/ss_native/1QWB_26_hp_nmr_A/1QWB_26_hp_nmr_A.dbn,/root/autodl-tmp/models/trRosettaRNA2/data/ss_native/1QWB_26_hp_nmr_A/1QWB_26_hp_nmr_A_ss_prob.npz,1QWB_26_hp_nmr,1QWB_26_hp_nmr,false,valid
Legacy121_v1,1R7W_34_hpbulge_nmr_A,/root/autodl-tmp/data/sequences/1R7W_34_hpbulge_nmr_A.fasta,/root/autodl-tmp/data/ss/gt/1R7W_34_hpbulge_nmr_matrix.db,/root/autodl-tmp/data/ss/rnafold/1R7W_34_hpbulge_nmr_A.db,/root/autodl-tmp/data/ss/petfold/1R7W_34_hpbulge_nmr.db,/root/autodl-tmp/models/trRosettaRNA2/data/ss_native/1R7W_34_hpbulge_nmr_A/1R7W_34_hpbulge_nmr_A.dbn,/root/autodl-tmp/models/trRosettaRNA2/data/ss_native/1R7W_34_hpbulge_nmr_A/1R7W_34_hpbulge_nmr_A_ss_prob.npz,1R7W_34_hpbulge_nmr,1R7W_34_hpbulge_nmr,false,valid
Legacy121_v1,1RHT_24_hp_nmr_A,/root/autodl-tmp/data/sequences/1RHT_24_hp_nmr_A.fasta,/root/autodl-tmp/data/ss/gt/1RHT_24_hp_nmr_matrix.db,/root/autodl-tmp/data/ss/rnafold/1RHT_24_hp_nmr_A.db,/root/autodl-tmp/data/ss/petfold/1RHT_24_hp_nmr.db,/root/autodl-tmp/models/trRosettaRNA2/data/ss_native/1RHT_24_hp_nmr_A/1RHT_24_hp_nmr_A.dbn,/root/autodl-tmp/models/trRosettaRNA2/data/ss_native/1RHT_24_hp_nmr_A/1RHT_24_hp_nmr_A_ss_prob.npz,1RHT_24_hp_nmr,1RHT_24_hp_nmr,false,valid
Legacy121_v1,1RNK_36_pseudoknot_nmr_A,/root/autodl-tmp/data/sequences/1RNK_36_pseudoknot_nmr_A.fasta,/root/autodl-tmp/data/ss/gt/1RNK_36_pseudoknot_nmr_matrix.db,/root/autodl-tmp/data/ss/rnafold/1RNK_36_pseudoknot_nmr_A.db,/root/autodl-tmp/data/ss/petfold/1RNK_36_pseudoknot_nmr.db,/root/autodl-tmp/models/trRosettaRNA2/data/ss_native/1RNK_36_pseudoknot_nmr_A/1RNK_36_pseudoknot_nmr_A.dbn,/root/autodl-tmp/models/trRosettaRNA2/data/ss_native/1RNK_36_pseudoknot_nmr_A/1RNK_36_pseudoknot_nmr_A_ss_prob.npz,1RNK_36_pseudoknot_nmr,1RNK_36_pseudoknot_nmr,false,valid
Legacy121_v1,1S2F_23_hp_nmr_A,/root/autodl-tmp/data/sequences/1S2F_23_hp_nmr_A.fasta,/root/autodl-tmp/data/ss/gt/1S2F_23_hp_nmr_matrix.db,/root/autodl-tmp/data/ss/rnafold/1S2F_23_hp_nmr_A.db,/root/autodl-tmp/data/ss/petfold/1S2F_23_hp_nmr.db,/root/autodl-tmp/models/trRosettaRNA2/data/ss_native/1S2F_23_hp_nmr_A/1S2F_23_hp_nmr_A.dbn,/root/autodl-tmp/models/trRosettaRNA2/data/ss_native/1S2F_23_hp_nmr_A/1S2F_23_hp_nmr_A_ss_prob.npz,1S2F_23_hp_nmr,1S2F_23_hp_nmr,false,valid
Legacy121_v1,1S9S_101_3wj_nmr_A,/root/autodl-tmp/data/sequences/1S9S_101_3wj_nmr_A.fasta,/root/autodl-tmp/data/ss/gt/1S9S_101_3wj_nmr_matrix.db,/root/autodl-tmp/data/ss/rnafold/1S9S_101_3wj_nmr_A.db,/root/autodl-tmp/data/ss/petfold/1S9S_101_3wj_nmr.db,/root/autodl-tmp/models/trRosettaRNA2/data/ss_native/1S9S_101_3wj_nmr_A/1S9S_101_3wj_nmr_A.dbn,/root/autodl-tmp/models/trRosettaRNA2/data/ss_native/1S9S_101_3wj_nmr_A/1S9S_101_3wj_nmr_A_ss_prob.npz,1S9S_101_3wj_nmr,1S9S_101_3wj_nmr,false,valid
Legacy121_v1,1T28_34_hpbulge_nmr_A,/root/autodl-tmp/data/sequences/1T28_34_hpbulge_nmr_A.fasta,/root/autodl-tmp/data/ss/gt/1T28_34_hpbulge_nmr_matrix.db,/root/autodl-tmp/data/ss/rnafold/1T28_34_hpbulge_nmr_A.db,/root/autodl-tmp/data/ss/petfold/1T28_34_hpbulge_nmr.db,/root/autodl-tmp/models/trRosettaRNA2/data/ss_native/1T28_34_hpbulge_nmr_A/1T28_34_hpbulge_nmr_A.dbn,/root/autodl-tmp/models/trRosettaRNA2/data/ss_native/1T28_34_hpbulge_nmr_A/1T28_34_hpbulge_nmr_A_ss_prob.npz,1T28_34_hpbulge_nmr,1T28_34_hpbulge_nmr,false,valid
Legacy121_v1,1TBK_17_hp_nmr_A,/root/autodl-tmp/data/sequences/1TBK_17_hp_nmr_A.fasta,/root/autodl-tmp/data/ss/gt/1TBK_17_hp_nmr_matrix.db,/root/autodl-tmp/data/ss/rnafold/1TBK_17_hp_nmr_A.db,/root/autodl-tmp/data/ss/petfold/1TBK_17_hp_nmr.db,/root/autodl-tmp/models/trRosettaRNA2/data/ss_native/1TBK_17_hp_nmr_A/1TBK_17_hp_nmr_A.dbn,/root/autodl-tmp/models/trRosettaRNA2/data/ss_native/1TBK_17_hp_nmr_A/1TBK_17_hp_nmr_A_ss_prob.npz,1TBK_17_hp_nmr,1TBK_17_hp_nmr,false,valid
Legacy121_v1,1TJZ_26_hp_nmr_A,/root/autodl-tmp/data/sequences/1TJZ_26_hp_nmr_A.fasta,/root/autodl-tmp/data/ss/gt/1TJZ_26_hp_nmr_matrix.db,/root/autodl-tmp/data/ss/rnafold/1TJZ_26_hp_nmr_A.db,/root/autodl-tmp/data/ss/petfold/1TJZ_26_hp_nmr.db,/root/autodl-tmp/models/trRosettaRNA2/data/ss_native/1TJZ_26_hp_nmr_A/1TJZ_26_hp_nmr_A.dbn,/root/autodl-tmp/models/trRosettaRNA2/data/ss_native/1TJZ_26_hp_nmr_A/1TJZ_26_hp_nmr_A_ss_prob.npz,1TJZ_26_hp_nmr,1TJZ_26_hp_nmr,false,valid
Legacy121_v1,1TLR_23_hp_nmr_A,/root/autodl-tmp/data/sequences/1TLR_23_hp_nmr_A.fasta,/root/autodl-tmp/data/ss/gt/1TLR_23_hp_nmr_matrix.db,/root/autodl-tmp/data/ss/rnafold/1TLR_23_hp_nmr_A.db,/root/autodl-tmp/data/ss/petfold/1TLR_23_hp_nmr.db,/root/autodl-tmp/models/trRosettaRNA2/data/ss_native/1TLR_23_hp_nmr_A/1TLR_23_hp_nmr_A.dbn,/root/autodl-tmp/models/trRosettaRNA2/data/ss_native/1TLR_23_hp_nmr_A/1TLR_23_hp_nmr_A_ss_prob.npz,1TLR_23_hp_nmr,1TLR_23_hp_nmr,false,valid
Legacy121_v1,1UUU_19_hp_nmr_A,/root/autodl-tmp/data/sequences/1UUU_19_hp_nmr_A.fasta,/root/autodl-tmp/data/ss/gt/1UUU_19_hp_nmr_matrix.db,/root/autodl-tmp/data/ss/rnafold/1UUU_19_hp_nmr_A.db,/root/autodl-tmp/data/ss/petfold/1UUU_19_hp_nmr.db,/root/autodl-tmp/models/trRosettaRNA2/data/ss_native/1UUU_19_hp_nmr_A/1UUU_19_hp_nmr_A.dbn,/root/autodl-tmp/models/trRosettaRNA2/data/ss_native/1UUU_19_hp_nmr_A/1UUU_19_hp_nmr_A_ss_prob.npz,1UUU_19_hp_nmr,1UUU_19_hp_nmr,false,valid
Legacy121_v1,1XWU_16_hp_nmr_A,/root/autodl-tmp/data/sequences/1XWU_16_hp_nmr_A.fasta,/root/autodl-tmp/data/ss/gt/1XWU_16_hp_nmr_matrix.db,/root/autodl-tmp/data/ss/rnafold/1XWU_16_hp_nmr_A.db,/root/autodl-tmp/data/ss/petfold/1XWU_16_hp_nmr.db,/root/autodl-tmp/models/trRosettaRNA2/data/ss_native/1XWU_16_hp_nmr_A/1XWU_16_hp_nmr_A.dbn,/root/autodl-tmp/models/trRosettaRNA2/data/ss_native/1XWU_16_hp_nmr_A/1XWU_16_hp_nmr_A_ss_prob.npz,1XWU_16_hp_nmr,1XWU_16_hp_nmr,false,valid
Legacy121_v1,1YLG_31_hp_nmr_A,/root/autodl-tmp/data/sequences/1YLG_31_hp_nmr_A.fasta,/root/autodl-tmp/data/ss/gt/1YLG_31_hp_nmr_matrix.db,/root/autodl-tmp/data/ss/rnafold/1YLG_31_hp_nmr_A.db,/root/autodl-tmp/data/ss/petfold/1YLG_31_hp_nmr.db,/root/autodl-tmp/models/trRosettaRNA2/data/ss_native/1YLG_31_hp_nmr_A/1YLG_31_hp_nmr_A.dbn,/root/autodl-tmp/models/trRosettaRNA2/data/ss_native/1YLG_31_hp_nmr_A/1YLG_31_hp_nmr_A_ss_prob.npz,1YLG_31_hp_nmr,1YLG_31_hp_nmr,false,valid
Legacy121_v1,1Z31_32_hpbulge_nmr_A,/root/autodl-tmp/data/sequences/1Z31_32_hpbulge_nmr_A.fasta,/root/autodl-tmp/data/ss/gt/1Z31_32_hpbulge_nmr_matrix.db,/root/autodl-tmp/data/ss/rnafold/1Z31_32_hpbulge_nmr_A.db,/root/autodl-tmp/data/ss/petfold/1Z31_32_hpbulge_nmr.db,/root/autodl-tmp/models/trRosettaRNA2/data/ss_native/1Z31_32_hpbulge_nmr_A/1Z31_32_hpbulge_nmr_A.dbn,/root/autodl-tmp/models/trRosettaRNA2/data/ss_native/1Z31_32_hpbulge_nmr_A/1Z31_32_hpbulge_nmr_A_ss_prob.npz,1Z31_32_hpbulge_nmr,1Z31_32_hpbulge_nmr,false,valid
Legacy121_v1,2AHT_27_hp_nmr_A,/root/autodl-tmp/data/sequences/2AHT_27_hp_nmr_A.fasta,/root/autodl-tmp/data/ss/gt/2AHT_27_hp_nmr_matrix.db,/root/autodl-tmp/data/ss/rnafold/2AHT_27_hp_nmr_A.db,/root/autodl-tmp/data/ss/petfold/2AHT_27_hp_nmr.db,/root/autodl-tmp/models/trRosettaRNA2/data/ss_native/2AHT_27_hp_nmr_A/2AHT_27_hp_nmr_A.dbn,/root/autodl-tmp/models/trRosettaRNA2/data/ss_native/2AHT_27_hp_nmr_A/2AHT_27_hp_nmr_A_ss_prob.npz,2AHT_27_hp_nmr,2AHT_27_hp_nmr,false,valid
Legacy121_v1,2ES5_23_hp_nmr_A,/root/autodl-tmp/data/sequences/2ES5_23_hp_nmr_A.fasta,/root/autodl-tmp/data/ss/gt/2ES5_23_hp_nmr_matrix.db,/root/autodl-tmp/data/ss/rnafold/2ES5_23_hp_nmr_A.db,/root/autodl-tmp/data/ss/petfold/2ES5_23_hp_nmr.db,/root/autodl-tmp/models/trRosettaRNA2/data/ss_native/2ES5_23_hp_nmr_A/2ES5_23_hp_nmr_A.dbn,/root/autodl-tmp/models/trRosettaRNA2/data/ss_native/2ES5_23_hp_nmr_A/2ES5_23_hp_nmr_A_ss_prob.npz,2ES5_23_hp_nmr,2ES5_23_hp_nmr,false,valid
Legacy121_v1,2EUY_34_hp_nmr_A,/root/autodl-tmp/data/sequences/2EUY_34_hp_nmr_A.fasta,/root/autodl-tmp/data/ss/gt/2EUY_34_hp_nmr_matrix.db,/root/autodl-tmp/data/ss/rnafold/2EUY_34_hp_nmr_A.db,/root/autodl-tmp/data/ss/petfold/2EUY_34_hp_nmr.db,/root/autodl-tmp/models/trRosettaRNA2/data/ss_native/2EUY_34_hp_nmr_A/2EUY_34_hp_nmr_A.dbn,/root/autodl-tmp/models/trRosettaRNA2/data/ss_native/2EUY_34_hp_nmr_A/2EUY_34_hp_nmr_A_ss_prob.npz,2EUY_34_hp_nmr,2EUY_34_hp_nmr,false,valid
Legacy121_v1,2FDT_35_hp_nmr_A,/root/autodl-tmp/data/sequences/2FDT_35_hp_nmr_A.fasta,/root/autodl-tmp/data/ss/gt/2FDT_35_hp_nmr_matrix.db,/root/autodl-tmp/data/ss/rnafold/2FDT_35_hp_nmr_A.db,/root/autodl-tmp/data/ss/petfold/2FDT_35_hp_nmr.db,/root/autodl-tmp/models/trRosettaRNA2/data/ss_native/2FDT_35_hp_nmr_A/2FDT_35_hp_nmr_A.dbn,/root/autodl-tmp/models/trRosettaRNA2/data/ss_native/2FDT_35_hp_nmr_A/2FDT_35_hp_nmr_A_ss_prob.npz,2FDT_35_hp_nmr,2FDT_35_hp_nmr,false,valid
Legacy121_v1,2GIO_29_hp_nmr_A,/root/autodl-tmp/data/sequences/2GIO_29_hp_nmr_A.fasta,/root/autodl-tmp/data/ss/gt/2GIO_29_hp_nmr_matrix.db,/root/autodl-tmp/data/ss/rnafold/2GIO_29_hp_nmr_A.db,/root/autodl-tmp/data/ss/petfold/2GIO_29_hp_nmr.db,/root/autodl-tmp/models/trRosettaRNA2/data/ss_native/2GIO_29_hp_nmr_A/2GIO_29_hp_nmr_A.dbn,/root/autodl-tmp/models/trRosettaRNA2/data/ss_native/2GIO_29_hp_nmr_A/2GIO_29_hp_nmr_A_ss_prob.npz,2GIO_29_hp_nmr,2GIO_29_hp_nmr,false,valid
Legacy121_v1,2GV3_22_hp_nmr_A,/root/autodl-tmp/data/sequences/2GV3_22_hp_nmr_A.fasta,/root/autodl-tmp/data/ss/gt/2GV3_22_hp_nmr_matrix.db,/root/autodl-tmp/data/ss/rnafold/2GV3_22_hp_nmr_A.db,/root/autodl-tmp/data/ss/petfold/2GV3_22_hp_nmr.db,/root/autodl-tmp/models/trRosettaRNA2/data/ss_native/2GV3_22_hp_nmr_A/2GV3_22_hp_nmr_A.dbn,/root/autodl-tmp/models/trRosettaRNA2/data/ss_native/2GV3_22_hp_nmr_A/2GV3_22_hp_nmr_A_ss_prob.npz,2GV3_22_hp_nmr,2GV3_22_hp_nmr,false,valid
Legacy121_v1,2HUA_40_hpbulge_nmr_A,/root/autodl-tmp/data/sequences/2HUA_40_hpbulge_nmr_A.fasta,/root/autodl-tmp/data/ss/gt/2HUA_40_hpbulge_nmr_matrix.db,/root/autodl-tmp/data/ss/rnafold/2HUA_40_hpbulge_nmr_A.db,/root/autodl-tmp/data/ss/petfold/2HUA_40_hpbulge_nmr.db,/root/autodl-tmp/models/trRosettaRNA2/data/ss_native/2HUA_40_hpbulge_nmr_A/2HUA_40_hpbulge_nmr_A.dbn,/root/autodl-tmp/models/trRosettaRNA2/data/ss_native/2HUA_40_hpbulge_nmr_A/2HUA_40_hpbulge_nmr_A_ss_prob.npz,2HUA_40_hpbulge_nmr,2HUA_40_hpbulge_nmr,false,valid
Legacy121_v1,2JTP_34_hp_nmr_A,/root/autodl-tmp/data/sequences/2JTP_34_hp_nmr_A.fasta,/root/autodl-tmp/data/ss/gt/2JTP_34_hp_nmr_matrix.db,/root/autodl-tmp/data/ss/rnafold/2JTP_34_hp_nmr_A.db,/root/autodl-tmp/data/ss/petfold/2JTP_34_hp_nmr.db,/root/autodl-tmp/models/trRosettaRNA2/data/ss_native/2JTP_34_hp_nmr_A/2JTP_34_hp_nmr_A.dbn,/root/autodl-tmp/models/trRosettaRNA2/data/ss_native/2JTP_34_hp_nmr_A/2JTP_34_hp_nmr_A_ss_prob.npz,2JTP_34_hp_nmr,2JTP_34_hp_nmr,false,valid
Legacy121_v1,2K5Z_29_hp_nmr_A,/root/autodl-tmp/data/sequences/2K5Z_29_hp_nmr_A.fasta,/root/autodl-tmp/data/ss/gt/2K5Z_29_hp_nmr_matrix.db,/root/autodl-tmp/data/ss/rnafold/2K5Z_29_hp_nmr_A.db,/root/autodl-tmp/data/ss/petfold/2K5Z_29_hp_nmr.db,/root/autodl-tmp/models/trRosettaRNA2/data/ss_native/2K5Z_29_hp_nmr_A/2K5Z_29_hp_nmr_A.dbn,/root/autodl-tmp/models/trRosettaRNA2/data/ss_native/2K5Z_29_hp_nmr_A/2K5Z_29_hp_nmr_A_ss_prob.npz,2K5Z_29_hp_nmr,2K5Z_29_hp_nmr,false,valid
Legacy121_v1,2K95_48_pseudoknot_nmr_A,/root/autodl-tmp/data/sequences/2K95_48_pseudoknot_nmr_A.fasta,/root/autodl-tmp/data/ss/gt/2K95_48_pseudoknot_nmr_matrix.db,/root/autodl-tmp/data/ss/rnafold/2K95_48_pseudoknot_nmr_A.db,/root/autodl-tmp/data/ss/petfold/2K95_48_pseudoknot_nmr.db,/root/autodl-tmp/models/trRosettaRNA2/data/ss_native/2K95_48_pseudoknot_nmr_A/2K95_48_pseudoknot_nmr_A.dbn,/root/autodl-tmp/models/trRosettaRNA2/data/ss_native/2K95_48_pseudoknot_nmr_A/2K95_48_pseudoknot_nmr_A_ss_prob.npz,2K95_48_pseudoknot_nmr,2K95_48_pseudoknot_nmr,false,valid
Legacy121_v1,2KD8_22_hp_nmr_A,/root/autodl-tmp/data/sequences/2KD8_22_hp_nmr_A.fasta,/root/autodl-tmp/data/ss/gt/2KD8_22_hp_nmr_matrix.db,/root/autodl-tmp/data/ss/rnafold/2KD8_22_hp_nmr_A.db,/root/autodl-tmp/data/ss/petfold/2KD8_22_hp_nmr.db,/root/autodl-tmp/models/trRosettaRNA2/data/ss_native/2KD8_22_hp_nmr_A/2KD8_22_hp_nmr_A.dbn,/root/autodl-tmp/models/trRosettaRNA2/data/ss_native/2KD8_22_hp_nmr_A/2KD8_22_hp_nmr_A_ss_prob.npz,2KD8_22_hp_nmr,2KD8_22_hp_nmr,false,valid
Legacy121_v1,2KE6_49_hp_nmr_A,/root/autodl-tmp/data/sequences/2KE6_49_hp_nmr_A.fasta,/root/autodl-tmp/data/ss/gt/2KE6_49_hp_nmr_matrix.db,/root/autodl-tmp/data/ss/rnafold/2KE6_49_hp_nmr_A.db,/root/autodl-tmp/data/ss/petfold/2KE6_49_hp_nmr.db,/root/autodl-tmp/models/trRosettaRNA2/data/ss_native/2KE6_49_hp_nmr_A/2KE6_49_hp_nmr_A.dbn,/root/autodl-tmp/models/trRosettaRNA2/data/ss_native/2KE6_49_hp_nmr_A/2KE6_49_hp_nmr_A_ss_prob.npz,2KE6_49_hp_nmr,2KE6_49_hp_nmr,false,valid
Legacy121_v1,2KHY_38_hpbulge_nmr_A,/root/autodl-tmp/data/sequences/2KHY_38_hpbulge_nmr_A.fasta,/root/autodl-tmp/data/ss/gt/2KHY_38_hpbulge_nmr_matrix.db,/root/autodl-tmp/data/ss/rnafold/2KHY_38_hpbulge_nmr_A.db,/root/autodl-tmp/data/ss/petfold/2KHY_38_hpbulge_nmr.db,/root/autodl-tmp/models/trRosettaRNA2/data/ss_native/2KHY_38_hpbulge_nmr_A/2KHY_38_hpbulge_nmr_A.dbn,/root/autodl-tmp/models/trRosettaRNA2/data/ss_native/2KHY_38_hpbulge_nmr_A/2KHY_38_hpbulge_nmr_A_ss_prob.npz,2KHY_38_hpbulge_nmr,2KHY_38_hpbulge_nmr,false,valid
Legacy121_v1,2KPV_34_hpbulge_nmr_A,/root/autodl-tmp/data/sequences/2KPV_34_hpbulge_nmr_A.fasta,/root/autodl-tmp/data/ss/gt/2KPV_34_hpbulge_nmr_matrix.db,/root/autodl-tmp/data/ss/rnafold/2KPV_34_hpbulge_nmr_A.db,/root/autodl-tmp/data/ss/petfold/2KPV_34_hpbulge_nmr.db,/root/autodl-tmp/models/trRosettaRNA2/data/ss_native/2KPV_34_hpbulge_nmr_A/2KPV_34_hpbulge_nmr_A.dbn,/root/autodl-tmp/models/trRosettaRNA2/data/ss_native/2KPV_34_hpbulge_nmr_A/2KPV_34_hpbulge_nmr_A_ss_prob.npz,2KPV_34_hpbulge_nmr,2KPV_34_hpbulge_nmr,false,valid
Legacy121_v1,2KRL_102_3wj_nmr_A,/root/autodl-tmp/data/sequences/2KRL_102_3wj_nmr_A.fasta,/root/autodl-tmp/data/ss/gt/2KRL_102_3wj_nmr_matrix.db,/root/autodl-tmp/data/ss/rnafold/2KRL_102_3wj_nmr_A.db,/root/autodl-tmp/data/ss/petfold/2KRL_102_3wj_nmr.db,/root/autodl-tmp/models/trRosettaRNA2/data/ss_native/2KRL_102_3wj_nmr_A/2KRL_102_3wj_nmr_A.dbn,/root/autodl-tmp/models/trRosettaRNA2/data/ss_native/2KRL_102_3wj_nmr_A/2KRL_102_3wj_nmr_A_ss_prob.npz,2KRL_102_3wj_nmr,2KRL_102_3wj_nmr,false,valid
Legacy121_v1,2KVN_17_hp_nmr_A,/root/autodl-tmp/data/sequences/2KVN_17_hp_nmr_A.fasta,/root/autodl-tmp/data/ss/gt/2KVN_17_hp_nmr_matrix.db,/root/autodl-tmp/data/ss/rnafold/2KVN_17_hp_nmr_A.db,/root/autodl-tmp/data/ss/petfold/2KVN_17_hp_nmr.db,/root/autodl-tmp/models/trRosettaRNA2/data/ss_native/2KVN_17_hp_nmr_A/2KVN_17_hp_nmr_A.dbn,/root/autodl-tmp/models/trRosettaRNA2/data/ss_native/2KVN_17_hp_nmr_A/2KVN_17_hp_nmr_A_ss_prob.npz,2KVN_17_hp_nmr,2KVN_17_hp_nmr,false,valid
Legacy121_v1,2KZL_55_hpbulge_nmr_A,/root/autodl-tmp/data/sequences/2KZL_55_hpbulge_nmr_A.fasta,/root/autodl-tmp/data/ss/gt/2KZL_55_hpbulge_nmr_matrix.db,/root/autodl-tmp/data/ss/rnafold/2KZL_55_hpbulge_nmr_A.db,/root/autodl-tmp/data/ss/petfold/2KZL_55_hpbulge_nmr.db,/root/autodl-tmp/models/trRosettaRNA2/data/ss_native/2KZL_55_hpbulge_nmr_A/2KZL_55_hpbulge_nmr_A.dbn,/root/autodl-tmp/models/trRosettaRNA2/data/ss_native/2KZL_55_hpbulge_nmr_A/2KZL_55_hpbulge_nmr_A_ss_prob.npz,2KZL_55_hpbulge_nmr,2KZL_55_hpbulge_nmr,false,valid
Legacy121_v1,2L2J_42_hp_nmr_A,/root/autodl-tmp/data/sequences/2L2J_42_hp_nmr_A.fasta,/root/autodl-tmp/data/ss/gt/2L2J_42_hp_nmr_matrix.db,/root/autodl-tmp/data/ss/rnafold/2L2J_42_hp_nmr_A.db,/root/autodl-tmp/data/ss/petfold/2L2J_42_hp_nmr.db,/root/autodl-tmp/models/trRosettaRNA2/data/ss_native/2L2J_42_hp_nmr_A/2L2J_42_hp_nmr_A.dbn,/root/autodl-tmp/models/trRosettaRNA2/data/ss_native/2L2J_42_hp_nmr_A/2L2J_42_hp_nmr_A_ss_prob.npz,2L2J_42_hp_nmr,2L2J_42_hp_nmr,false,valid
Legacy121_v1,2L3E_35_hpbulge_nmr_A,/root/autodl-tmp/data/sequences/2L3E_35_hpbulge_nmr_A.fasta,/root/autodl-tmp/data/ss/gt/2L3E_35_hpbulge_nmr_matrix.db,/root/autodl-tmp/data/ss/rnafold/2L3E_35_hpbulge_nmr_A.db,/root/autodl-tmp/data/ss/petfold/2L3E_35_hpbulge_nmr.db,/root/autodl-tmp/models/trRosettaRNA2/data/ss_native/2L3E_35_hpbulge_nmr_A/2L3E_35_hpbulge_nmr_A.dbn,/root/autodl-tmp/models/trRosettaRNA2/data/ss_native/2L3E_35_hpbulge_nmr_A/2L3E_35_hpbulge_nmr_A_ss_prob.npz,2L3E_35_hpbulge_nmr,2L3E_35_hpbulge_nmr,false,valid
Legacy121_v1,2L5Z_26_hpbulge_nmr_A,/root/autodl-tmp/data/sequences/2L5Z_26_hpbulge_nmr_A.fasta,/root/autodl-tmp/data/ss/gt/2L5Z_26_hpbulge_nmr_matrix.db,/root/autodl-tmp/data/ss/rnafold/2L5Z_26_hpbulge_nmr_A.db,/root/autodl-tmp/data/ss/petfold/2L5Z_26_hpbulge_nmr.db,/root/autodl-tmp/models/trRosettaRNA2/data/ss_native/2L5Z_26_hpbulge_nmr_A/2L5Z_26_hpbulge_nmr_A.dbn,/root/autodl-tmp/models/trRosettaRNA2/data/ss_native/2L5Z_26_hpbulge_nmr_A/2L5Z_26_hpbulge_nmr_A_ss_prob.npz,2L5Z_26_hpbulge_nmr,2L5Z_26_hpbulge_nmr,false,valid
Legacy121_v1,2LBL_17_hp_nmr_A,/root/autodl-tmp/data/sequences/2LBL_17_hp_nmr_A.fasta,/root/autodl-tmp/data/ss/gt/2LBL_17_hp_nmr_matrix.db,/root/autodl-tmp/data/ss/rnafold/2LBL_17_hp_nmr_A.db,/root/autodl-tmp/data/ss/petfold/2LBL_17_hp_nmr.db,/root/autodl-tmp/models/trRosettaRNA2/data/ss_native/2LBL_17_hp_nmr_A/2LBL_17_hp_nmr_A.dbn,/root/autodl-tmp/models/trRosettaRNA2/data/ss_native/2LBL_17_hp_nmr_A/2LBL_17_hp_nmr_A_ss_prob.npz,2LBL_17_hp_nmr,2LBL_17_hp_nmr,false,valid
Legacy121_v1,2LDL_27_hp_nmr_A,/root/autodl-tmp/data/sequences/2LDL_27_hp_nmr_A.fasta,/root/autodl-tmp/data/ss/gt/2LDL_27_hp_nmr_matrix.db,/root/autodl-tmp/data/ss/rnafold/2LDL_27_hp_nmr_A.db,/root/autodl-tmp/data/ss/petfold/2LDL_27_hp_nmr.db,/root/autodl-tmp/models/trRosettaRNA2/data/ss_native/2LDL_27_hp_nmr_A/2LDL_27_hp_nmr_A.dbn,/root/autodl-tmp/models/trRosettaRNA2/data/ss_native/2LDL_27_hp_nmr_A/2LDL_27_hp_nmr_A_ss_prob.npz,2LDL_27_hp_nmr,2LDL_27_hp_nmr,false,valid
Legacy121_v1,2LDT_31_hp_nmr_A,/root/autodl-tmp/data/sequences/2LDT_31_hp_nmr_A.fasta,/root/autodl-tmp/data/ss/gt/2LDT_31_hp_nmr_matrix.db,/root/autodl-tmp/data/ss/rnafold/2LDT_31_hp_nmr_A.db,/root/autodl-tmp/data/ss/petfold/2LDT_31_hp_nmr.db,/root/autodl-tmp/models/trRosettaRNA2/data/ss_native/2LDT_31_hp_nmr_A/2LDT_31_hp_nmr_A.dbn,/root/autodl-tmp/models/trRosettaRNA2/data/ss_native/2LDT_31_hp_nmr_A/2LDT_31_hp_nmr_A_ss_prob.npz,2LDT_31_hp_nmr,2LDT_31_hp_nmr,false,valid
Legacy121_v1,2LHP_37_hp_nmr_A,/root/autodl-tmp/data/sequences/2LHP_37_hp_nmr_A.fasta,/root/autodl-tmp/data/ss/gt/2LHP_37_hp_nmr_matrix.db,/root/autodl-tmp/data/ss/rnafold/2LHP_37_hp_nmr_A.db,/root/autodl-tmp/data/ss/petfold/2LHP_37_hp_nmr.db,/root/autodl-tmp/models/trRosettaRNA2/data/ss_native/2LHP_37_hp_nmr_A/2LHP_37_hp_nmr_A.dbn,/root/autodl-tmp/models/trRosettaRNA2/data/ss_native/2LHP_37_hp_nmr_A/2LHP_37_hp_nmr_A_ss_prob.npz,2LHP_37_hp_nmr,2LHP_37_hp_nmr,false,valid
Legacy121_v1,2LI4_32_hp_nmr_A,/root/autodl-tmp/data/sequences/2LI4_32_hp_nmr_A.fasta,/root/autodl-tmp/data/ss/gt/2LI4_32_hp_nmr_matrix.db,/root/autodl-tmp/data/ss/rnafold/2LI4_32_hp_nmr_A.db,/root/autodl-tmp/data/ss/petfold/2LI4_32_hp_nmr.db,/root/autodl-tmp/models/trRosettaRNA2/data/ss_native/2LI4_32_hp_nmr_A/2LI4_32_hp_nmr_A.dbn,/root/autodl-tmp/models/trRosettaRNA2/data/ss_native/2LI4_32_hp_nmr_A/2LI4_32_hp_nmr_A_ss_prob.npz,2LI4_32_hp_nmr,2LI4_32_hp_nmr,false,valid
Legacy121_v1,2LJJ_27_hpbulge_nmr_A,/root/autodl-tmp/data/sequences/2LJJ_27_hpbulge_nmr_A.fasta,/root/autodl-tmp/data/ss/gt/2LJJ_27_hpbulge_nmr_matrix.db,/root/autodl-tmp/data/ss/rnafold/2LJJ_27_hpbulge_nmr_A.db,/root/autodl-tmp/data/ss/petfold/2LJJ_27_hpbulge_nmr.db,/root/autodl-tmp/models/trRosettaRNA2/data/ss_native/2LJJ_27_hpbulge_nmr_A/2LJJ_27_hpbulge_nmr_A.dbn,/root/autodl-tmp/models/trRosettaRNA2/data/ss_native/2LJJ_27_hpbulge_nmr_A/2LJJ_27_hpbulge_nmr_A_ss_prob.npz,2LJJ_27_hpbulge_nmr,2LJJ_27_hpbulge_nmr,false,valid
Legacy121_v1,2LK3_24_hpbulge_nmr_A,/root/autodl-tmp/data/sequences/2LK3_24_hpbulge_nmr_A.fasta,/root/autodl-tmp/data/ss/gt/2LK3_24_hpbulge_nmr_matrix.db,/root/autodl-tmp/data/ss/rnafold/2LK3_24_hpbulge_nmr_A.db,/root/autodl-tmp/data/ss/petfold/2LK3_24_hpbulge_nmr.db,/root/autodl-tmp/models/trRosettaRNA2/data/ss_native/2LK3_24_hpbulge_nmr_A/2LK3_24_hpbulge_nmr_A.dbn,/root/autodl-tmp/models/trRosettaRNA2/data/ss_native/2LK3_24_hpbulge_nmr_A/2LK3_24_hpbulge_nmr_A_ss_prob.npz,2LK3_24_hpbulge_nmr,2LK3_24_hpbulge_nmr,false,valid
Legacy121_v1,2LKR_110_3wj_nmr_A,/root/autodl-tmp/data/sequences/2LKR_110_3wj_nmr_A.fasta,/root/autodl-tmp/data/ss/gt/2LKR_110_3wj_nmr_matrix.db,/root/autodl-tmp/data/ss/rnafold/2LKR_110_3wj_nmr_A.db,/root/autodl-tmp/data/ss/petfold/2LKR_110_3wj_nmr.db,/root/autodl-tmp/models/trRosettaRNA2/data/ss_native/2LKR_110_3wj_nmr_A/2LKR_110_3wj_nmr_A.dbn,/root/autodl-tmp/models/trRosettaRNA2/data/ss_native/2LKR_110_3wj_nmr_A/2LKR_110_3wj_nmr_A_ss_prob.npz,2LKR_110_3wj_nmr,2LKR_110_3wj_nmr,false,valid
Legacy121_v1,2LQZ_27_hpbulge_nmr_A,/root/autodl-tmp/data/sequences/2LQZ_27_hpbulge_nmr_A.fasta,/root/autodl-tmp/data/ss/gt/2LQZ_27_hpbulge_nmr_matrix.db,/root/autodl-tmp/data/ss/rnafold/2LQZ_27_hpbulge_nmr_A.db,/root/autodl-tmp/data/ss/petfold/2LQZ_27_hpbulge_nmr.db,/root/autodl-tmp/models/trRosettaRNA2/data/ss_native/2LQZ_27_hpbulge_nmr_A/2LQZ_27_hpbulge_nmr_A.dbn,/root/autodl-tmp/models/trRosettaRNA2/data/ss_native/2LQZ_27_hpbulge_nmr_A/2LQZ_27_hpbulge_nmr_A_ss_prob.npz,2LQZ_27_hpbulge_nmr,2LQZ_27_hpbulge_nmr,false,valid
Legacy121_v1,2LU0_49_3wj_nmr_A,/root/autodl-tmp/data/sequences/2LU0_49_3wj_nmr_A.fasta,/root/autodl-tmp/data/ss/gt/2LU0_49_3wj_nmr_matrix.db,/root/autodl-tmp/data/ss/rnafold/2LU0_49_3wj_nmr_A.db,/root/autodl-tmp/data/ss/petfold/2LU0_49_3wj_nmr.db,/root/autodl-tmp/models/trRosettaRNA2/data/ss_native/2LU0_49_3wj_nmr_A/2LU0_49_3wj_nmr_A.dbn,/root/autodl-tmp/models/trRosettaRNA2/data/ss_native/2LU0_49_3wj_nmr_A/2LU0_49_3wj_nmr_A_ss_prob.npz,2LU0_49_3wj_nmr,2LU0_49_3wj_nmr,false,valid
Legacy121_v1,2LUN_28_hp_nmr_A,/root/autodl-tmp/data/sequences/2LUN_28_hp_nmr_A.fasta,/root/autodl-tmp/data/ss/gt/2LUN_28_hp_nmr_matrix.db,/root/autodl-tmp/data/ss/rnafold/2LUN_28_hp_nmr_A.db,/root/autodl-tmp/data/ss/petfold/2LUN_28_hp_nmr.db,/root/autodl-tmp/models/trRosettaRNA2/data/ss_native/2LUN_28_hp_nmr_A/2LUN_28_hp_nmr_A.dbn,/root/autodl-tmp/models/trRosettaRNA2/data/ss_native/2LUN_28_hp_nmr_A/2LUN_28_hp_nmr_A_ss_prob.npz,2LUN_28_hp_nmr,2LUN_28_hp_nmr,false,valid
Legacy121_v1,2M12_23_hp_nmr_A,/root/autodl-tmp/data/sequences/2M12_23_hp_nmr_A.fasta,/root/autodl-tmp/data/ss/gt/2M12_23_hp_nmr_matrix.db,/root/autodl-tmp/data/ss/rnafold/2M12_23_hp_nmr_A.db,/root/autodl-tmp/data/ss/petfold/2M12_23_hp_nmr.db,/root/autodl-tmp/models/trRosettaRNA2/data/ss_native/2M12_23_hp_nmr_A/2M12_23_hp_nmr_A.dbn,/root/autodl-tmp/models/trRosettaRNA2/data/ss_native/2M12_23_hp_nmr_A/2M12_23_hp_nmr_A_ss_prob.npz,2M12_23_hp_nmr,2M12_23_hp_nmr,false,valid
Legacy121_v1,2M21_21_hp_nmr_A,/root/autodl-tmp/data/sequences/2M21_21_hp_nmr_A.fasta,/root/autodl-tmp/data/ss/gt/2M21_21_hp_nmr_matrix.db,/root/autodl-tmp/data/ss/rnafold/2M21_21_hp_nmr_A.db,/root/autodl-tmp/data/ss/petfold/2M21_21_hp_nmr.db,/root/autodl-tmp/models/trRosettaRNA2/data/ss_native/2M21_21_hp_nmr_A/2M21_21_hp_nmr_A.dbn,/root/autodl-tmp/models/trRosettaRNA2/data/ss_native/2M21_21_hp_nmr_A/2M21_21_hp_nmr_A_ss_prob.npz,2M21_21_hp_nmr,2M21_21_hp_nmr,false,valid
Legacy121_v1,2M8K_48_pseudoknot_nmr_A,/root/autodl-tmp/data/sequences/2M8K_48_pseudoknot_nmr_A.fasta,/root/autodl-tmp/data/ss/gt/2M8K_48_pseudoknot_nmr_matrix.db,/root/autodl-tmp/data/ss/rnafold/2M8K_48_pseudoknot_nmr_A.db,/root/autodl-tmp/data/ss/petfold/2M8K_48_pseudoknot_nmr.db,/root/autodl-tmp/models/trRosettaRNA2/data/ss_native/2M8K_48_pseudoknot_nmr_A/2M8K_48_pseudoknot_nmr_A.dbn,/root/autodl-tmp/models/trRosettaRNA2/data/ss_native/2M8K_48_pseudoknot_nmr_A/2M8K_48_pseudoknot_nmr_A_ss_prob.npz,2M8K_48_pseudoknot_nmr,2M8K_48_pseudoknot_nmr,false,valid
Legacy121_v1,2MEQ_19_hp_nmr_A,/root/autodl-tmp/data/sequences/2MEQ_19_hp_nmr_A.fasta,/root/autodl-tmp/data/ss/gt/2MEQ_19_hp_nmr_matrix.db,/root/autodl-tmp/data/ss/rnafold/2MEQ_19_hp_nmr_A.db,/root/autodl-tmp/data/ss/petfold/2MEQ_19_hp_nmr.db,/root/autodl-tmp/models/trRosettaRNA2/data/ss_native/2MEQ_19_hp_nmr_A/2MEQ_19_hp_nmr_A.dbn,/root/autodl-tmp/models/trRosettaRNA2/data/ss_native/2MEQ_19_hp_nmr_A/2MEQ_19_hp_nmr_A_ss_prob.npz,2MEQ_19_hp_nmr,2MEQ_19_hp_nmr,false,valid
Legacy121_v1,2MHI_53_3wj_nmr_A,/root/autodl-tmp/data/sequences/2MHI_53_3wj_nmr_A.fasta,/root/autodl-tmp/data/ss/gt/2MHI_53_3wj_nmr_matrix.db,/root/autodl-tmp/data/ss/rnafold/2MHI_53_3wj_nmr_A.db,/root/autodl-tmp/data/ss/petfold/2MHI_53_3wj_nmr.db,/root/autodl-tmp/models/trRosettaRNA2/data/ss_native/2MHI_53_3wj_nmr_A/2MHI_53_3wj_nmr_A.dbn,/root/autodl-tmp/models/trRosettaRNA2/data/ss_native/2MHI_53_3wj_nmr_A/2MHI_53_3wj_nmr_A_ss_prob.npz,2MHI_53_3wj_nmr,2MHI_53_3wj_nmr,false,valid
Legacy121_v1,2MQT_68_hpbulge_nmr_A,/root/autodl-tmp/data/sequences/2MQT_68_hpbulge_nmr_A.fasta,/root/autodl-tmp/data/ss/gt/2MQT_68_hpbulge_nmr_matrix.db,/root/autodl-tmp/data/ss/rnafold/2MQT_68_hpbulge_nmr_A.db,/root/autodl-tmp/data/ss/petfold/2MQT_68_hpbulge_nmr.db,/root/autodl-tmp/models/trRosettaRNA2/data/ss_native/2MQT_68_hpbulge_nmr_A/2MQT_68_hpbulge_nmr_A.dbn,/root/autodl-tmp/models/trRosettaRNA2/data/ss_native/2MQT_68_hpbulge_nmr_A/2MQT_68_hpbulge_nmr_A_ss_prob.npz,2MQT_68_hpbulge_nmr,2MQT_68_hpbulge_nmr,false,valid
Legacy121_v1,2MTJ_47_3wj_nmr_A,/root/autodl-tmp/data/sequences/2MTJ_47_3wj_nmr_A.fasta,/root/autodl-tmp/data/ss/gt/2MTJ_47_3wj_nmr_matrix.db,/root/autodl-tmp/data/ss/rnafold/2MTJ_47_3wj_nmr_A.db,/root/autodl-tmp/data/ss/petfold/2MTJ_47_3wj_nmr.db,/root/autodl-tmp/models/trRosettaRNA2/data/ss_native/2MTJ_47_3wj_nmr_A/2MTJ_47_3wj_nmr_A.dbn,/root/autodl-tmp/models/trRosettaRNA2/data/ss_native/2MTJ_47_3wj_nmr_A/2MTJ_47_3wj_nmr_A_ss_prob.npz,2MTJ_47_3wj_nmr,2MTJ_47_3wj_nmr,false,valid
Legacy121_v1,2MXL_39_hp_nmr_A,/root/autodl-tmp/data/sequences/2MXL_39_hp_nmr_A.fasta,/root/autodl-tmp/data/ss/gt/2MXL_39_hp_nmr_matrix.db,/root/autodl-tmp/data/ss/rnafold/2MXL_39_hp_nmr_A.db,/root/autodl-tmp/data/ss/petfold/2MXL_39_hp_nmr.db,/root/autodl-tmp/models/trRosettaRNA2/data/ss_native/2MXL_39_hp_nmr_A/2MXL_39_hp_nmr_A.dbn,/root/autodl-tmp/models/trRosettaRNA2/data/ss_native/2MXL_39_hp_nmr_A/2MXL_39_hp_nmr_A_ss_prob.npz,2MXL_39_hp_nmr,2MXL_39_hp_nmr,false,valid
Legacy121_v1,2N1Q_155_4wj_nmr_A,/root/autodl-tmp/data/sequences/2N1Q_155_4wj_nmr_A.fasta,/root/autodl-tmp/data/ss/gt/2N1Q_155_4wj_nmr_matrix.db,/root/autodl-tmp/data/ss/rnafold/2N1Q_155_4wj_nmr_A.db,/root/autodl-tmp/data/ss/petfold/2N1Q_155_4wj_nmr.db,/root/autodl-tmp/models/trRosettaRNA2/data/ss_native/2N1Q_155_4wj_nmr_A/2N1Q_155_4wj_nmr_A.dbn,/root/autodl-tmp/models/trRosettaRNA2/data/ss_native/2N1Q_155_4wj_nmr_A/2N1Q_155_4wj_nmr_A_ss_prob.npz,2N1Q_155_4wj_nmr,2N1Q_155_4wj_nmr,false,valid
Legacy121_v1,2N2P_23_hpbulge_nmr_A,/root/autodl-tmp/data/sequences/2N2P_23_hpbulge_nmr_A.fasta,/root/autodl-tmp/data/ss/gt/2N2P_23_hpbulge_nmr_matrix.db,/root/autodl-tmp/data/ss/rnafold/2N2P_23_hpbulge_nmr_A.db,/root/autodl-tmp/data/ss/petfold/2N2P_23_hpbulge_nmr.db,/root/autodl-tmp/models/trRosettaRNA2/data/ss_native/2N2P_23_hpbulge_nmr_A/2N2P_23_hpbulge_nmr_A.dbn,/root/autodl-tmp/models/trRosettaRNA2/data/ss_native/2N2P_23_hpbulge_nmr_A/2N2P_23_hpbulge_nmr_A_ss_prob.npz,2N2P_23_hpbulge_nmr,2N2P_23_hpbulge_nmr,false,valid
Legacy121_v1,2N3Q_62_3wj_nmr_A,/root/autodl-tmp/data/sequences/2N3Q_62_3wj_nmr_A.fasta,/root/autodl-tmp/data/ss/gt/2N3Q_62_3wj_nmr_matrix.db,/root/autodl-tmp/data/ss/rnafold/2N3Q_62_3wj_nmr_A.db,/root/autodl-tmp/data/ss/petfold/2N3Q_62_3wj_nmr.db,/root/autodl-tmp/models/trRosettaRNA2/data/ss_native/2N3Q_62_3wj_nmr_A/2N3Q_62_3wj_nmr_A.dbn,/root/autodl-tmp/models/trRosettaRNA2/data/ss_native/2N3Q_62_3wj_nmr_A/2N3Q_62_3wj_nmr_A_ss_prob.npz,2N3Q_62_3wj_nmr,2N3Q_62_3wj_nmr,false,valid
Legacy121_v1,2N4L_53_hpbulge_nmr_A,/root/autodl-tmp/data/sequences/2N4L_53_hpbulge_nmr_A.fasta,/root/autodl-tmp/data/ss/gt/2N4L_53_hpbulge_nmr_matrix.db,/root/autodl-tmp/data/ss/rnafold/2N4L_53_hpbulge_nmr_A.db,/root/autodl-tmp/data/ss/petfold/2N4L_53_hpbulge_nmr.db,/root/autodl-tmp/models/trRosettaRNA2/data/ss_native/2N4L_53_hpbulge_nmr_A/2N4L_53_hpbulge_nmr_A.dbn,/root/autodl-tmp/models/trRosettaRNA2/data/ss_native/2N4L_53_hpbulge_nmr_A/2N4L_53_hpbulge_nmr_A_ss_prob.npz,2N4L_53_hpbulge_nmr,2N4L_53_hpbulge_nmr,false,valid
Legacy121_v1,2N6W_68_hpbulge_nmr_A,/root/autodl-tmp/data/sequences/2N6W_68_hpbulge_nmr_A.fasta,/root/autodl-tmp/data/ss/gt/2N6W_68_hpbulge_nmr_matrix.db,/root/autodl-tmp/data/ss/rnafold/2N6W_68_hpbulge_nmr_A.db,/root/autodl-tmp/data/ss/petfold/2N6W_68_hpbulge_nmr.db,/root/autodl-tmp/models/trRosettaRNA2/data/ss_native/2N6W_68_hpbulge_nmr_A/2N6W_68_hpbulge_nmr_A.dbn,/root/autodl-tmp/models/trRosettaRNA2/data/ss_native/2N6W_68_hpbulge_nmr_A/2N6W_68_hpbulge_nmr_A_ss_prob.npz,2N6W_68_hpbulge_nmr,2N6W_68_hpbulge_nmr,false,valid
Legacy121_v1,2NC1_67_3wj_nmr_A,/root/autodl-tmp/data/sequences/2NC1_67_3wj_nmr_A.fasta,/root/autodl-tmp/data/ss/gt/2NC1_67_3wj_nmr_matrix.db,/root/autodl-tmp/data/ss/rnafold/2NC1_67_3wj_nmr_A.db,/root/autodl-tmp/data/ss/petfold/2NC1_67_3wj_nmr.db,/root/autodl-tmp/models/trRosettaRNA2/data/ss_native/2NC1_67_3wj_nmr_A/2NC1_67_3wj_nmr_A.dbn,/root/autodl-tmp/models/trRosettaRNA2/data/ss_native/2NC1_67_3wj_nmr_A/2NC1_67_3wj_nmr_A_ss_prob.npz,2NC1_67_3wj_nmr,2NC1_67_3wj_nmr,false,valid
Legacy121_v1,2NCI_28_hpbulge_nmr_A,/root/autodl-tmp/data/sequences/2NCI_28_hpbulge_nmr_A.fasta,/root/autodl-tmp/data/ss/gt/2NCI_28_hpbulge_nmr_matrix.db,/root/autodl-tmp/data/ss/rnafold/2NCI_28_hpbulge_nmr_A.db,/root/autodl-tmp/data/ss/petfold/2NCI_28_hpbulge_nmr.db,/root/autodl-tmp/models/trRosettaRNA2/data/ss_native/2NCI_28_hpbulge_nmr_A/2NCI_28_hpbulge_nmr_A.dbn,/root/autodl-tmp/models/trRosettaRNA2/data/ss_native/2NCI_28_hpbulge_nmr_A/2NCI_28_hpbulge_nmr_A_ss_prob.npz,2NCI_28_hpbulge_nmr,2NCI_28_hpbulge_nmr,false,valid
Legacy121_v1,2PCV_35_hpbulge_nmr_A,/root/autodl-tmp/data/sequences/2PCV_35_hpbulge_nmr_A.fasta,/root/autodl-tmp/data/ss/gt/2PCV_35_hpbulge_nmr_matrix.db,/root/autodl-tmp/data/ss/rnafold/2PCV_35_hpbulge_nmr_A.db,/root/autodl-tmp/data/ss/petfold/2PCV_35_hpbulge_nmr.db,/root/autodl-tmp/models/trRosettaRNA2/data/ss_native/2PCV_35_hpbulge_nmr_A/2PCV_35_hpbulge_nmr_A.dbn,/root/autodl-tmp/models/trRosettaRNA2/data/ss_native/2PCV_35_hpbulge_nmr_A/2PCV_35_hpbulge_nmr_A_ss_prob.npz,2PCV_35_hpbulge_nmr,2PCV_35_hpbulge_nmr,false,valid
Legacy121_v1,2QH2_24_hp_nmr_A,/root/autodl-tmp/data/sequences/2QH2_24_hp_nmr_A.fasta,/root/autodl-tmp/data/ss/gt/2QH2_24_hp_nmr_matrix.db,/root/autodl-tmp/data/ss/rnafold/2QH2_24_hp_nmr_A.db,/root/autodl-tmp/data/ss/petfold/2QH2_24_hp_nmr.db,/root/autodl-tmp/models/trRosettaRNA2/data/ss_native/2QH2_24_hp_nmr_A/2QH2_24_hp_nmr_A.dbn,/root/autodl-tmp/models/trRosettaRNA2/data/ss_native/2QH2_24_hp_nmr_A/2QH2_24_hp_nmr_A_ss_prob.npz,2QH2_24_hp_nmr,2QH2_24_hp_nmr,false,valid
Legacy121_v1,2RO2_23_hp_nmr_A,/root/autodl-tmp/data/sequences/2RO2_23_hp_nmr_A.fasta,/root/autodl-tmp/data/ss/gt/2RO2_23_hp_nmr_matrix.db,/root/autodl-tmp/data/ss/rnafold/2RO2_23_hp_nmr_A.db,/root/autodl-tmp/data/ss/petfold/2RO2_23_hp_nmr.db,/root/autodl-tmp/models/trRosettaRNA2/data/ss_native/2RO2_23_hp_nmr_A/2RO2_23_hp_nmr_A.dbn,/root/autodl-tmp/models/trRosettaRNA2/data/ss_native/2RO2_23_hp_nmr_A/2RO2_23_hp_nmr_A_ss_prob.npz,2RO2_23_hp_nmr,2RO2_23_hp_nmr,false,valid
Legacy121_v1,2RVO_34_hp_nmr_A,/root/autodl-tmp/data/sequences/2RVO_34_hp_nmr_A.fasta,/root/autodl-tmp/data/ss/gt/2RVO_34_hp_nmr_matrix.db,/root/autodl-tmp/data/ss/rnafold/2RVO_34_hp_nmr_A.db,/root/autodl-tmp/data/ss/petfold/2RVO_34_hp_nmr.db,/root/autodl-tmp/models/trRosettaRNA2/data/ss_native/2RVO_34_hp_nmr_A/2RVO_34_hp_nmr_A.dbn,/root/autodl-tmp/models/trRosettaRNA2/data/ss_native/2RVO_34_hp_nmr_A/2RVO_34_hp_nmr_A_ss_prob.npz,2RVO_34_hp_nmr,2RVO_34_hp_nmr,false,valid
Legacy121_v1,2TPK_35_pseudoknot_nmr_A,/root/autodl-tmp/data/sequences/2TPK_35_pseudoknot_nmr_A.fasta,/root/autodl-tmp/data/ss/gt/2TPK_35_pseudoknot_nmr_matrix.db,/root/autodl-tmp/data/ss/rnafold/2TPK_35_pseudoknot_nmr_A.db,/root/autodl-tmp/data/ss/petfold/2TPK_35_pseudoknot_nmr.db,/root/autodl-tmp/models/trRosettaRNA2/data/ss_native/2TPK_35_pseudoknot_nmr_A/2TPK_35_pseudoknot_nmr_A.dbn,/root/autodl-tmp/models/trRosettaRNA2/data/ss_native/2TPK_35_pseudoknot_nmr_A/2TPK_35_pseudoknot_nmr_A_ss_prob.npz,2TPK_35_pseudoknot_nmr,2TPK_35_pseudoknot_nmr,false,valid
Legacy121_v1,387D_26_hpbulge_xray_A,/root/autodl-tmp/data/sequences/387D_26_hpbulge_xray_A.fasta,/root/autodl-tmp/data/ss/gt/387D_26_hpbulge_xray_matrix.db,/root/autodl-tmp/data/ss/rnafold/387D_26_hpbulge_xray_A.db,/root/autodl-tmp/data/ss/petfold/387D_26_hpbulge_xray.db,/root/autodl-tmp/models/trRosettaRNA2/data/ss_native/387D_26_hpbulge_xray_A/387D_26_hpbulge_xray_A.dbn,/root/autodl-tmp/models/trRosettaRNA2/data/ss_native/387D_26_hpbulge_xray_A/387D_26_hpbulge_xray_A_ss_prob.npz,387D_26_hpbulge_xray,387D_26_hpbulge_xray,false,valid
Legacy121_v1,5A17_32_hp_nmr_A,/root/autodl-tmp/data/sequences/5A17_32_hp_nmr_A.fasta,/root/autodl-tmp/data/ss/gt/5A17_32_hp_nmr_matrix.db,/root/autodl-tmp/data/ss/rnafold/5A17_32_hp_nmr_A.db,/root/autodl-tmp/data/ss/petfold/5A17_32_hp_nmr.db,/root/autodl-tmp/models/trRosettaRNA2/data/ss_native/5A17_32_hp_nmr_A/5A17_32_hp_nmr_A.dbn,/root/autodl-tmp/models/trRosettaRNA2/data/ss_native/5A17_32_hp_nmr_A/5A17_32_hp_nmr_A_ss_prob.npz,5A17_32_hp_nmr,5A17_32_hp_nmr,false,valid
Legacy121_v1,5KH8_47_3wj_nmr_A,/root/autodl-tmp/data/sequences/5KH8_47_3wj_nmr_A.fasta,/root/autodl-tmp/data/ss/gt/5KH8_47_3wj_nmr_matrix.db,/root/autodl-tmp/data/ss/rnafold/5KH8_47_3wj_nmr_A.db,/root/autodl-tmp/data/ss/petfold/5KH8_47_3wj_nmr.db,/root/autodl-tmp/models/trRosettaRNA2/data/ss_native/5KH8_47_3wj_nmr_A/5KH8_47_3wj_nmr_A.dbn,/root/autodl-tmp/models/trRosettaRNA2/data/ss_native/5KH8_47_3wj_nmr_A/5KH8_47_3wj_nmr_A_ss_prob.npz,5KH8_47_3wj_nmr,5KH8_47_3wj_nmr,false,valid
Legacy121_v1,5KQE_35_hpbulge_nmr_A,/root/autodl-tmp/data/sequences/5KQE_35_hpbulge_nmr_A.fasta,/root/autodl-tmp/data/ss/gt/5KQE_35_hpbulge_nmr_matrix.db,/root/autodl-tmp/data/ss/rnafold/5KQE_35_hpbulge_nmr_A.db,/root/autodl-tmp/data/ss/petfold/5KQE_35_hpbulge_nmr.db,/root/autodl-tmp/models/trRosettaRNA2/data/ss_native/5KQE_35_hpbulge_nmr_A/5KQE_35_hpbulge_nmr_A.dbn,/root/autodl-tmp/models/trRosettaRNA2/data/ss_native/5KQE_35_hpbulge_nmr_A/5KQE_35_hpbulge_nmr_A_ss_prob.npz,5KQE_35_hpbulge_nmr,5KQE_35_hpbulge_nmr,false,valid
Legacy121_v1,5LSN_28_hp_nmr_A,/root/autodl-tmp/data/sequences/5LSN_28_hp_nmr_A.fasta,/root/autodl-tmp/data/ss/gt/5LSN_28_hp_nmr_matrix.db,/root/autodl-tmp/data/ss/rnafold/5LSN_28_hp_nmr_A.db,/root/autodl-tmp/data/ss/petfold/5LSN_28_hp_nmr.db,/root/autodl-tmp/models/trRosettaRNA2/data/ss_native/5LSN_28_hp_nmr_A/5LSN_28_hp_nmr_A.dbn,/root/autodl-tmp/models/trRosettaRNA2/data/ss_native/5LSN_28_hp_nmr_A/5LSN_28_hp_nmr_A_ss_prob.npz,5LSN_28_hp_nmr,5LSN_28_hp_nmr,false,valid
Legacy121_v1,5UF3_23_hp_nmr_A,/root/autodl-tmp/data/sequences/5UF3_23_hp_nmr_A.fasta,/root/autodl-tmp/data/ss/gt/5UF3_23_hp_nmr_matrix.db,/root/autodl-tmp/data/ss/rnafold/5UF3_23_hp_nmr_A.db,/root/autodl-tmp/data/ss/petfold/5UF3_23_hp_nmr.db,/root/autodl-tmp/models/trRosettaRNA2/data/ss_native/5UF3_23_hp_nmr_A/5UF3_23_hp_nmr_A.dbn,/root/autodl-tmp/models/trRosettaRNA2/data/ss_native/5UF3_23_hp_nmr_A/5UF3_23_hp_nmr_A_ss_prob.npz,5UF3_23_hp_nmr,5UF3_23_hp_nmr,false,valid
Legacy121_v1,5UZT_31_hp_nmr_A,/root/autodl-tmp/data/sequences/5UZT_31_hp_nmr_A.fasta,/root/autodl-tmp/data/ss/gt/5UZT_31_hp_nmr_matrix.db,/root/autodl-tmp/data/ss/rnafold/5UZT_31_hp_nmr_A.db,/root/autodl-tmp/data/ss/petfold/5UZT_31_hp_nmr.db,/root/autodl-tmp/models/trRosettaRNA2/data/ss_native/5UZT_31_hp_nmr_A/5UZT_31_hp_nmr_A.dbn,/root/autodl-tmp/models/trRosettaRNA2/data/ss_native/5UZT_31_hp_nmr_A/5UZT_31_hp_nmr_A_ss_prob.npz,5UZT_31_hp_nmr,5UZT_31_hp_nmr,false,valid
Legacy121_v1,5V16_41_hpbulge_nmr_A,/root/autodl-tmp/data/sequences/5V16_41_hpbulge_nmr_A.fasta,/root/autodl-tmp/data/ss/gt/5V16_41_hpbulge_nmr_matrix.db,/root/autodl-tmp/data/ss/rnafold/5V16_41_hpbulge_nmr_A.db,/root/autodl-tmp/data/ss/petfold/5V16_41_hpbulge_nmr.db,/root/autodl-tmp/models/trRosettaRNA2/data/ss_native/5V16_41_hpbulge_nmr_A/5V16_41_hpbulge_nmr_A.dbn,/root/autodl-tmp/models/trRosettaRNA2/data/ss_native/5V16_41_hpbulge_nmr_A/5V16_41_hpbulge_nmr_A_ss_prob.npz,5V16_41_hpbulge_nmr,5V16_41_hpbulge_nmr,false,valid
Legacy121_v1,5WQ1_23_hp_nmr_A,/root/autodl-tmp/data/sequences/5WQ1_23_hp_nmr_A.fasta,/root/autodl-tmp/data/ss/gt/5WQ1_23_hp_nmr_matrix.db,/root/autodl-tmp/data/ss/rnafold/5WQ1_23_hp_nmr_A.db,/root/autodl-tmp/data/ss/petfold/5WQ1_23_hp_nmr.db,/root/autodl-tmp/models/trRosettaRNA2/data/ss_native/5WQ1_23_hp_nmr_A/5WQ1_23_hp_nmr_A.dbn,/root/autodl-tmp/models/trRosettaRNA2/data/ss_native/5WQ1_23_hp_nmr_A/5WQ1_23_hp_nmr_A_ss_prob.npz,5WQ1_23_hp_nmr,5WQ1_23_hp_nmr,false,valid
Legacy121_v1,6HYK_31_hpbulge_nmr_A,/root/autodl-tmp/data/sequences/6HYK_31_hpbulge_nmr_A.fasta,/root/autodl-tmp/data/ss/gt/6HYK_31_hpbulge_nmr_matrix.db,/root/autodl-tmp/data/ss/rnafold/6HYK_31_hpbulge_nmr_A.db,/root/autodl-tmp/data/ss/petfold/6HYK_31_hpbulge_nmr.db,/root/autodl-tmp/models/trRosettaRNA2/data/ss_native/6HYK_31_hpbulge_nmr_A/6HYK_31_hpbulge_nmr_A.dbn,/root/autodl-tmp/models/trRosettaRNA2/data/ss_native/6HYK_31_hpbulge_nmr_A/6HYK_31_hpbulge_nmr_A_ss_prob.npz,6HYK_31_hpbulge_nmr,6HYK_31_hpbulge_nmr,false,valid
Legacy121_v1,6NOA_56_hp_nmr_A,/root/autodl-tmp/data/sequences/6NOA_56_hp_nmr_A.fasta,/root/autodl-tmp/data/ss/gt/6NOA_56_hp_nmr_matrix.db,/root/autodl-tmp/data/ss/rnafold/6NOA_56_hp_nmr_A.db,/root/autodl-tmp/data/ss/petfold/6NOA_56_hp_nmr.db,/root/autodl-tmp/models/trRosettaRNA2/data/ss_native/6NOA_56_hp_nmr_A/6NOA_56_hp_nmr_A.dbn,/root/autodl-tmp/models/trRosettaRNA2/data/ss_native/6NOA_56_hp_nmr_A/6NOA_56_hp_nmr_A_ss_prob.npz,6NOA_56_hp_nmr,6NOA_56_hp_nmr,false,valid
Legacy121_v1,6PK9_20_hp_nmr_A,/root/autodl-tmp/data/sequences/6PK9_20_hp_nmr_A.fasta,/root/autodl-tmp/data/ss/gt/6PK9_20_hp_nmr_matrix.db,/root/autodl-tmp/data/ss/rnafold/6PK9_20_hp_nmr_A.db,/root/autodl-tmp/data/ss/petfold/6PK9_20_hp_nmr.db,/root/autodl-tmp/models/trRosettaRNA2/data/ss_native/6PK9_20_hp_nmr_A/6PK9_20_hp_nmr_A.dbn,/root/autodl-tmp/models/trRosettaRNA2/data/ss_native/6PK9_20_hp_nmr_A/6PK9_20_hp_nmr_A_ss_prob.npz,6PK9_20_hp_nmr,6PK9_20_hp_nmr,false,valid
Legacy121_v1,6U79_37_hp_nmr_A,/root/autodl-tmp/data/sequences/6U79_37_hp_nmr_A.fasta,/root/autodl-tmp/data/ss/gt/6U79_37_hp_nmr_matrix.db,/root/autodl-tmp/data/ss/rnafold/6U79_37_hp_nmr_A.db,/root/autodl-tmp/data/ss/petfold/6U79_37_hp_nmr.db,/root/autodl-tmp/models/trRosettaRNA2/data/ss_native/6U79_37_hp_nmr_A/6U79_37_hp_nmr_A.dbn,/root/autodl-tmp/models/trRosettaRNA2/data/ss_native/6U79_37_hp_nmr_A/6U79_37_hp_nmr_A_ss_prob.npz,6U79_37_hp_nmr,6U79_37_hp_nmr,false,valid
Legacy121_v1,6UES_119_4wjpseudoknot_cryoEM_A,/root/autodl-tmp/data/sequences/6UES_119_4wjpseudoknot_cryoEM_A.fasta,/root/autodl-tmp/data/ss/gt/6UES_119_4wjpseudoknot_cryoEM_matrix.db,/root/autodl-tmp/data/ss/rnafold/6UES_119_4wjpseudoknot_cryoEM_A.db,/root/autodl-tmp/data/ss/petfold/6UES_119_4wjpseudoknot_cryoEM.db,/root/autodl-tmp/models/trRosettaRNA2/data/ss_native/6UES_119_4wjpseudoknot_cryoEM_A/6UES_119_4wjpseudoknot_cryoEM_A.dbn,/root/autodl-tmp/models/trRosettaRNA2/data/ss_native/6UES_119_4wjpseudoknot_cryoEM_A/6UES_119_4wjpseudoknot_cryoEM_A_ss_prob.npz,6UES_119_4wjpseudoknot_cryoEM,6UES_119_4wjpseudoknot_cryoEM,false,valid
Legacy121_v1,6VAR_61_hpbulge_nmr_A,/root/autodl-tmp/data/sequences/6VAR_61_hpbulge_nmr_A.fasta,/root/autodl-tmp/data/ss/gt/6VAR_61_hpbulge_nmr_matrix.db,/root/autodl-tmp/data/ss/rnafold/6VAR_61_hpbulge_nmr_A.db,/root/autodl-tmp/data/ss/petfold/6VAR_61_hpbulge_nmr.db,/root/autodl-tmp/models/trRosettaRNA2/data/ss_native/6VAR_61_hpbulge_nmr_A/6VAR_61_hpbulge_nmr_A.dbn,/root/autodl-tmp/models/trRosettaRNA2/data/ss_native/6VAR_61_hpbulge_nmr_A/6VAR_61_hpbulge_nmr_A_ss_prob.npz,6VAR_61_hpbulge_nmr,6VAR_61_hpbulge_nmr,false,valid
Legacy121_v1,6W3M_41_hp_nmr_A,/root/autodl-tmp/data/sequences/6W3M_41_hp_nmr_A.fasta,/root/autodl-tmp/data/ss/gt/6W3M_41_hp_nmr_matrix.db,/root/autodl-tmp/data/ss/rnafold/6W3M_41_hp_nmr_A.db,/root/autodl-tmp/data/ss/petfold/6W3M_41_hp_nmr.db,/root/autodl-tmp/models/trRosettaRNA2/data/ss_native/6W3M_41_hp_nmr_A/6W3M_41_hp_nmr_A.dbn,/root/autodl-tmp/models/trRosettaRNA2/data/ss_native/6W3M_41_hp_nmr_A/6W3M_41_hp_nmr_A_ss_prob.npz,6W3M_41_hp_nmr,6W3M_41_hp_nmr,false,valid
Legacy121_v1,7DD4_35_dumbbell_nmr_A,/root/autodl-tmp/data/sequences/7DD4_35_dumbbell_nmr_A.fasta,/root/autodl-tmp/data/ss/gt/7DD4_35_dumbbell_nmr_matrix.db,/root/autodl-tmp/data/ss/rnafold/7DD4_35_dumbbell_nmr_A.db,/root/autodl-tmp/data/ss/petfold/7DD4_35_dumbbell_nmr.db,/root/autodl-tmp/models/trRosettaRNA2/data/ss_native/7DD4_35_dumbbell_nmr_A/7DD4_35_dumbbell_nmr_A.dbn,/root/autodl-tmp/models/trRosettaRNA2/data/ss_native/7DD4_35_dumbbell_nmr_A/7DD4_35_dumbbell_nmr_A_ss_prob.npz,7DD4_35_dumbbell_nmr,7DD4_35_dumbbell_nmr,false,valid
Legacy121_v1,7K4L_36_hp_nmr_A,/root/autodl-tmp/data/sequences/7K4L_36_hp_nmr_A.fasta,/root/autodl-tmp/data/ss/gt/7K4L_36_hp_nmr_matrix.db,/root/autodl-tmp/data/ss/rnafold/7K4L_36_hp_nmr_A.db,/root/autodl-tmp/data/ss/petfold/7K4L_36_hp_nmr.db,/root/autodl-tmp/models/trRosettaRNA2/data/ss_native/7K4L_36_hp_nmr_A/7K4L_36_hp_nmr_A.dbn,/root/autodl-tmp/models/trRosettaRNA2/data/ss_native/7K4L_36_hp_nmr_A/7K4L_36_hp_nmr_A_ss_prob.npz,7K4L_36_hp_nmr,7K4L_36_hp_nmr,false,valid
Legacy121_v1,7KUB_60_hp_nmr_A,/root/autodl-tmp/data/sequences/7KUB_60_hp_nmr_A.fasta,/root/autodl-tmp/data/ss/gt/7KUB_60_hp_nmr_matrix.db,/root/autodl-tmp/data/ss/rnafold/7KUB_60_hp_nmr_A.db,/root/autodl-tmp/data/ss/petfold/7KUB_60_hp_nmr.db,/root/autodl-tmp/models/trRosettaRNA2/data/ss_native/7KUB_60_hp_nmr_A/7KUB_60_hp_nmr_A.dbn,/root/autodl-tmp/models/trRosettaRNA2/data/ss_native/7KUB_60_hp_nmr_A/7KUB_60_hp_nmr_A_ss_prob.npz,7KUB_60_hp_nmr,7KUB_60_hp_nmr,false,valid
Legacy121_v1,7LVA_103_3wj_nmr_A,/root/autodl-tmp/data/sequences/7LVA_103_3wj_nmr_A.fasta,/root/autodl-tmp/data/ss/gt/7LVA_103_3wj_nmr_matrix.db,/root/autodl-tmp/data/ss/rnafold/7LVA_103_3wj_nmr_A.db,/root/autodl-tmp/data/ss/petfold/7LVA_103_3wj_nmr.db,/root/autodl-tmp/models/trRosettaRNA2/data/ss_native/7LVA_103_3wj_nmr_A/7LVA_103_3wj_nmr_A.dbn,/root/autodl-tmp/models/trRosettaRNA2/data/ss_native/7LVA_103_3wj_nmr_A/7LVA_103_3wj_nmr_A_ss_prob.npz,7LVA_103_3wj_nmr,7LVA_103_3wj_nmr,false,valid
Legacy121_v1,7LYG_142_4wj_xray_A,/root/autodl-tmp/data/sequences/7LYG_142_4wj_xray_A.fasta,/root/autodl-tmp/data/ss/gt/7LYG_142_4wj_xray_matrix.db,/root/autodl-tmp/data/ss/rnafold/7LYG_142_4wj_xray_A.db,/root/autodl-tmp/data/ss/petfold/7LYG_142_4wj_xray.db,/root/autodl-tmp/models/trRosettaRNA2/data/ss_native/7LYG_142_4wj_xray_A/7LYG_142_4wj_xray_A.dbn,/root/autodl-tmp/models/trRosettaRNA2/data/ss_native/7LYG_142_4wj_xray_A/7LYG_142_4wj_xray_A_ss_prob.npz,7LYG_142_4wj_xray,7LYG_142_4wj_xray,false,valid
Legacy121_v1,7SHX_94_4wj_nmr_A,/root/autodl-tmp/data/sequences/7SHX_94_4wj_nmr_A.fasta,/root/autodl-tmp/data/ss/gt/7SHX_94_4wj_nmr_matrix.db,/root/autodl-tmp/data/ss/rnafold/7SHX_94_4wj_nmr_A.db,/root/autodl-tmp/data/ss/petfold/7SHX_94_4wj_nmr.db,/root/autodl-tmp/models/trRosettaRNA2/data/ss_native/7SHX_94_4wj_nmr_A/7SHX_94_4wj_nmr_A.dbn,/root/autodl-tmp/models/trRosettaRNA2/data/ss_native/7SHX_94_4wj_nmr_A/7SHX_94_4wj_nmr_A_ss_prob.npz,7SHX_94_4wj_nmr,7SHX_94_4wj_nmr,false,valid
Legacy121_v1,7UGA_43_hpbulge_nmr_A,/root/autodl-tmp/data/sequences/7UGA_43_hpbulge_nmr_A.fasta,/root/autodl-tmp/data/ss/gt/7UGA_43_hpbulge_nmr_matrix.db,/root/autodl-tmp/data/ss/rnafold/7UGA_43_hpbulge_nmr_A.db,/root/autodl-tmp/data/ss/petfold/7UGA_43_hpbulge_nmr.db,/root/autodl-tmp/models/trRosettaRNA2/data/ss_native/7UGA_43_hpbulge_nmr_A/7UGA_43_hpbulge_nmr_A.dbn,/root/autodl-tmp/models/trRosettaRNA2/data/ss_native/7UGA_43_hpbulge_nmr_A/7UGA_43_hpbulge_nmr_A_ss_prob.npz,7UGA_43_hpbulge_nmr,7UGA_43_hpbulge_nmr,false,valid
Legacy121_v1,7UMC_70_hpbulge_nmr_A,/root/autodl-tmp/data/sequences/7UMC_70_hpbulge_nmr_A.fasta,/root/autodl-tmp/data/ss/gt/7UMC_70_hpbulge_nmr_matrix.db,/root/autodl-tmp/data/ss/rnafold/7UMC_70_hpbulge_nmr_A.db,/root/autodl-tmp/data/ss/petfold/7UMC_70_hpbulge_nmr.db,/root/autodl-tmp/models/trRosettaRNA2/data/ss_native/7UMC_70_hpbulge_nmr_A/7UMC_70_hpbulge_nmr_A.dbn,/root/autodl-tmp/models/trRosettaRNA2/data/ss_native/7UMC_70_hpbulge_nmr_A/7UMC_70_hpbulge_nmr_A_ss_prob.npz,7UMC_70_hpbulge_nmr,7UMC_70_hpbulge_nmr,false,valid
Legacy121_v1,7UME_28_hp_nmr_A,/root/autodl-tmp/data/sequences/7UME_28_hp_nmr_A.fasta,/root/autodl-tmp/data/ss/gt/7UME_28_hp_nmr_matrix.db,/root/autodl-tmp/data/ss/rnafold/7UME_28_hp_nmr_A.db,/root/autodl-tmp/data/ss/petfold/7UME_28_hp_nmr.db,/root/autodl-tmp/models/trRosettaRNA2/data/ss_native/7UME_28_hp_nmr_A/7UME_28_hp_nmr_A.dbn,/root/autodl-tmp/models/trRosettaRNA2/data/ss_native/7UME_28_hp_nmr_A/7UME_28_hp_nmr_A_ss_prob.npz,7UME_28_hp_nmr,7UME_28_hp_nmr,false,valid
Legacy121_v1,7V06_43_hpbulge_nmr_A,/root/autodl-tmp/data/sequences/7V06_43_hpbulge_nmr_A.fasta,/root/autodl-tmp/data/ss/gt/7V06_43_hpbulge_nmr_matrix.db,/root/autodl-tmp/data/ss/rnafold/7V06_43_hpbulge_nmr_A.db,/root/autodl-tmp/data/ss/petfold/7V06_43_hpbulge_nmr.db,/root/autodl-tmp/models/trRosettaRNA2/data/ss_native/7V06_43_hpbulge_nmr_A/7V06_43_hpbulge_nmr_A.dbn,/root/autodl-tmp/models/trRosettaRNA2/data/ss_native/7V06_43_hpbulge_nmr_A/7V06_43_hpbulge_nmr_A_ss_prob.npz,7V06_43_hpbulge_nmr,7V06_43_hpbulge_nmr,false,valid
Legacy121_v1,8BWT_26_hp_nmr_A,/root/autodl-tmp/data/sequences/8BWT_26_hp_nmr_A.fasta,/root/autodl-tmp/data/ss/gt/8BWT_26_hp_nmr_matrix.db,/root/autodl-tmp/data/ss/rnafold/8BWT_26_hp_nmr_A.db,/root/autodl-tmp/data/ss/petfold/8BWT_26_hp_nmr.db,/root/autodl-tmp/models/trRosettaRNA2/data/ss_native/8BWT_26_hp_nmr_A/8BWT_26_hp_nmr_A.dbn,/root/autodl-tmp/models/trRosettaRNA2/data/ss_native/8BWT_26_hp_nmr_A/8BWT_26_hp_nmr_A_ss_prob.npz,8BWT_26_hp_nmr,8BWT_26_hp_nmr,false,valid
Legacy121_v1,8CQ1_43_hp_nmr_A,/root/autodl-tmp/data/sequences/8CQ1_43_hp_nmr_A.fasta,/root/autodl-tmp/data/ss/gt/8CQ1_43_hp_nmr_matrix.db,/root/autodl-tmp/data/ss/rnafold/8CQ1_43_hp_nmr_A.db,/root/autodl-tmp/data/ss/petfold/8CQ1_43_hp_nmr.db,/root/autodl-tmp/models/trRosettaRNA2/data/ss_native/8CQ1_43_hp_nmr_A/8CQ1_43_hp_nmr_A.dbn,/root/autodl-tmp/models/trRosettaRNA2/data/ss_native/8CQ1_43_hp_nmr_A/8CQ1_43_hp_nmr_A_ss_prob.npz,8CQ1_43_hp_nmr,8CQ1_43_hp_nmr,false,valid
Legacy121_v1,8FCS_71_hp_nmr_A,/root/autodl-tmp/data/sequences/8FCS_71_hp_nmr_A.fasta,/root/autodl-tmp/data/ss/gt/8FCS_71_hp_nmr_matrix.db,/root/autodl-tmp/data/ss/rnafold/8FCS_71_hp_nmr_A.db,/root/autodl-tmp/data/ss/petfold/8FCS_71_hp_nmr.db,/root/autodl-tmp/models/trRosettaRNA2/data/ss_native/8FCS_71_hp_nmr_A/8FCS_71_hp_nmr_A.dbn,/root/autodl-tmp/models/trRosettaRNA2/data/ss_native/8FCS_71_hp_nmr_A/8FCS_71_hp_nmr_A_ss_prob.npz,8FCS_71_hp_nmr,8FCS_71_hp_nmr,false,valid
Legacy121_v1,8JHP_27_hpbulge_nmr_A,/root/autodl-tmp/data/sequences/8JHP_27_hpbulge_nmr_A.fasta,/root/autodl-tmp/data/ss/gt/8JHP_27_hpbulge_nmr_matrix.db,/root/autodl-tmp/data/ss/rnafold/8JHP_27_hpbulge_nmr_A.db,/root/autodl-tmp/data/ss/petfold/8JHP_27_hpbulge_nmr.db,/root/autodl-tmp/models/trRosettaRNA2/data/ss_native/8JHP_27_hpbulge_nmr_A/8JHP_27_hpbulge_nmr_A.dbn,/root/autodl-tmp/models/trRosettaRNA2/data/ss_native/8JHP_27_hpbulge_nmr_A/8JHP_27_hpbulge_nmr_A_ss_prob.npz,8JHP_27_hpbulge_nmr,8JHP_27_hpbulge_nmr,false,valid
Legacy121_v1,8K8B_20_hp_nmr_A,/root/autodl-tmp/data/sequences/8K8B_20_hp_nmr_A.fasta,/root/autodl-tmp/data/ss/gt/8K8B_20_hp_nmr_matrix.db,/root/autodl-tmp/data/ss/rnafold/8K8B_20_hp_nmr_A.db,/root/autodl-tmp/data/ss/petfold/8K8B_20_hp_nmr.db,/root/autodl-tmp/models/trRosettaRNA2/data/ss_native/8K8B_20_hp_nmr_A/8K8B_20_hp_nmr_A.dbn,/root/autodl-tmp/models/trRosettaRNA2/data/ss_native/8K8B_20_hp_nmr_A/8K8B_20_hp_nmr_A_ss_prob.npz,8K8B_20_hp_nmr,8K8B_20_hp_nmr,false,valid
Legacy121_v1,8SCH_68_hpbulge_nmr_A,/root/autodl-tmp/data/sequences/8SCH_68_hpbulge_nmr_A.fasta,/root/autodl-tmp/data/ss/gt/8SCH_68_hpbulge_nmr_matrix.db,/root/autodl-tmp/data/ss/rnafold/8SCH_68_hpbulge_nmr_A.db,/root/autodl-tmp/data/ss/petfold/8SCH_68_hpbulge_nmr.db,/root/autodl-tmp/models/trRosettaRNA2/data/ss_native/8SCH_68_hpbulge_nmr_A/8SCH_68_hpbulge_nmr_A.dbn,/root/autodl-tmp/models/trRosettaRNA2/data/ss_native/8SCH_68_hpbulge_nmr_A/8SCH_68_hpbulge_nmr_A_ss_prob.npz,8SCH_68_hpbulge_nmr,8SCH_68_hpbulge_nmr,false,valid
Legacy121_v1,9FO9_33_hp_nmr_A,/root/autodl-tmp/data/sequences/9FO9_33_hp_nmr_A.fasta,/root/autodl-tmp/data/ss/gt/9FO9_33_hp_nmr_matrix.db,/root/autodl-tmp/data/ss/rnafold/9FO9_33_hp_nmr_A.db,/root/autodl-tmp/data/ss/petfold/9FO9_33_hp_nmr.db,/root/autodl-tmp/models/trRosettaRNA2/data/ss_native/9FO9_33_hp_nmr_A/9FO9_33_hp_nmr_A.dbn,/root/autodl-tmp/models/trRosettaRNA2/data/ss_native/9FO9_33_hp_nmr_A/9FO9_33_hp_nmr_A_ss_prob.npz,9FO9_33_hp_nmr,9FO9_33_hp_nmr,false,valid
Legacy121_v1,9G7C_224_4wj_cryoEM_A,/root/autodl-tmp/data/sequences/9G7C_224_4wj_cryoEM_A.fasta,/root/autodl-tmp/data/ss/gt/9G7C_224_4wj_cryoEM_matrix.db,/root/autodl-tmp/data/ss/rnafold/9G7C_224_4wj_cryoEM_A.db,/root/autodl-tmp/data/ss/petfold/9G7C_224_4wj_cryoEM.db,/root/autodl-tmp/models/trRosettaRNA2/data/ss_native/9G7C_224_4wj_cryoEM_A/9G7C_224_4wj_cryoEM_A.dbn,/root/autodl-tmp/models/trRosettaRNA2/data/ss_native/9G7C_224_4wj_cryoEM_A/9G7C_224_4wj_cryoEM_A_ss_prob.npz,9G7C_224_4wj_cryoEM,9G7C_224_4wj_cryoEM,false,valid
Legacy121_v1,9OBM_73_hp_nmr_A,/root/autodl-tmp/data/sequences/9OBM_73_hp_nmr_A.fasta,/root/autodl-tmp/data/ss/gt/9OBM_73_hp_nmr_matrix.db,/root/autodl-tmp/data/ss/rnafold/9OBM_73_hp_nmr_A.db,/root/autodl-tmp/data/ss/petfold/9OBM_73_hp_nmr.db,/root/autodl-tmp/models/trRosettaRNA2/data/ss_native/9OBM_73_hp_nmr_A/9OBM_73_hp_nmr_A.dbn,/root/autodl-tmp/models/trRosettaRNA2/data/ss_native/9OBM_73_hp_nmr_A/9OBM_73_hp_nmr_A_ss_prob.npz,9OBM_73_hp_nmr,9OBM_73_hp_nmr,false,valid
Legacy121_v1,9OD4_23_hp_nmr_A,/root/autodl-tmp/data/sequences/9OD4_23_hp_nmr_A.fasta,/root/autodl-tmp/data/ss/gt/9OD4_23_hp_nmr_matrix.db,/root/autodl-tmp/data/ss/rnafold/9OD4_23_hp_nmr_A.db,/root/autodl-tmp/data/ss/petfold/9OD4_23_hp_nmr.db,/root/autodl-tmp/models/trRosettaRNA2/data/ss_native/9OD4_23_hp_nmr_A/9OD4_23_hp_nmr_A.dbn,/root/autodl-tmp/models/trRosettaRNA2/data/ss_native/9OD4_23_hp_nmr_A/9OD4_23_hp_nmr_A_ss_prob.npz,9OD4_23_hp_nmr,9OD4_23_hp_nmr,false,valid
