variant,fold,seed,mode,macro_precision,macro_recall,macro_f1,micro_precision,micro_recall,micro_f1,macro_delta_f1,micro_delta_f1,modified_pair_count,modified_rna_count,beneficial_edit_count,harmful_edit_count,modification_precision,delete_recall,beneficial_harmful_ratio,correct_pair_preservation
MODEL_SPECIFIC_RNAFOLD,0,17,LEARNED_UNGATED,0.9066120023767082,0.7773410084658167,0.8245192662933991,0.9123505976095617,0.6897590361445783,0.7855917667238422,-0.0782729893036313,-0.12725904568383872,94,17,14,80,0.14893617021276595,0.3888888888888889,0.175,0.7411003236245954
MODEL_SPECIFIC_RNAFOLD,0,17,LEARNED_SELECTIVE,0.8867580061264272,0.9217598343685299,0.9023273433163287,0.8953488372093024,0.927710843373494,0.9112426035502958,-0.0004649122807017569,-0.0016082088573851072,1,1,0,1,0.0,0.0,0.0,0.9967637540453075
MODEL_SPECIFIC_RNAFOLD,0,29,LEARNED_UNGATED,0.9041428571428571,0.7701501075792636,0.8144077499678651,0.9135802469135802,0.6686746987951807,0.7721739130434783,-0.08838450562916517,-0.1406768993642027,102,15,15,87,0.14705882352941177,0.4166666666666667,0.1724137931034483,0.7184466019417476
MODEL_SPECIFIC_RNAFOLD,0,29,LEARNED_SELECTIVE,0.8890671329486507,0.906420135590468,0.8956744155970214,0.9,0.8945783132530121,0.8972809667673716,-0.007117840000009035,-0.015569845640309388,15,5,3,12,0.2,0.08333333333333333,0.25,0.9611650485436893
MODEL_SPECIFIC_RNAFOLD,0,41,LEARNED_UNGATED,0.9093600517129928,0.7711586227356048,0.818660992062142,0.921161825726141,0.6686746987951807,0.774869109947644,-0.08413126353488845,-0.13798170246003694,104,19,17,87,0.16346153846153846,0.4722222222222222,0.19540229885057472,0.7184466019417476
MODEL_SPECIFIC_RNAFOLD,0,41,LEARNED_SELECTIVE,0.8877103870788082,0.9129675638371291,0.8982423447235901,0.8978978978978979,0.9006024096385542,0.8992481203007519,-0.004549910873440286,-0.013602692106929104,12,2,2,10,0.16666666666666666,0.05555555555555555,0.2,0.9676375404530745
MODEL_SPECIFIC_RNAFOLD,0,53,LEARNED_UNGATED,0.9134034690799396,0.7655337861342977,0.8186748714289626,0.9214876033057852,0.6716867469879518,0.7770034843205574,-0.08411738416806791,-0.13584732808712352,103,19,17,86,0.1650485436893204,0.4722222222222222,0.19767441860465115,0.7216828478964401
MODEL_SPECIFIC_RNAFOLD,0,53,LEARNED_SELECTIVE,0.8874722918407129,0.9194068931920595,0.9014914819026397,0.8976608187134503,0.9246987951807228,0.9109792284866469,-0.0013007736943907177,-0.0018715839210340368,3,2,1,2,0.3333333333333333,0.027777777777777776,0.5,0.9935275080906149
MODEL_SPECIFIC_RNAFOLD,0,67,LEARNED_UNGATED,0.9131470588235294,0.7701705885475707,0.8203952004813501,0.921161825726141,0.6686746987951807,0.774869109947644,-0.08239705511568043,-0.13798170246003694,104,18,17,87,0.16346153846153846,0.4722222222222222,0.19540229885057472,0.7184466019417476
MODEL_SPECIFIC_RNAFOLD,0,67,LEARNED_SELECTIVE,0.8867580061264272,0.9217598343685299,0.9023273433163287,0.8953488372093024,0.927710843373494,0.9112426035502958,-0.0004649122807017569,-0.0016082088573851072,1,1,0,1,0.0,0.0,0.0,0.9967637540453075
MODEL_SPECIFIC_RNAFOLD,1,17,LEARNED_UNGATED,0.927533749833521,0.7839000120250118,0.8445510359208793,0.9241071428571429,0.7666666666666667,0.8380566801619433,-0.055614352507566044,-0.05205320994794671,52,23,16,36,0.3076923076923077,0.48484848484848486,0.4444444444444444,0.8518518518518519
MODEL_SPECIFIC_RNAFOLD,1,29,LEARNED_UNGATED,0.9233587440824284,0.7636983676046176,0.829094131748516,0.9245283018867925,0.725925925925926,0.8132780082987552,-0.07107125667992949,-0.07683188181113487,64,22,17,47,0.265625,0.5151515151515151,0.3617021276595745,0.8065843621399177
MODEL_SPECIFIC_RNAFOLD,1,29,LEARNED_SELECTIVE,0.8914944859501311,0.9164964375901876,0.9001653884284454,0.8804347826086957,0.9,0.8901098901098901,0.0,0.0,0,0,0,0,,0.0,,1.0
MODEL_SPECIFIC_RNAFOLD,1,41,LEARNED_UNGATED,0.9255107977534448,0.7824145472582972,0.8428013508776678,0.9227272727272727,0.7518518518518519,0.8285714285714286,-0.057364037550777576,-0.06153846153846143,56,22,16,40,0.2857142857142857,0.48484848484848486,0.4,0.8353909465020576
MODEL_SPECIFIC_RNAFOLD,1,53,LEARNED_UNGATED,0.9295813610387409,0.7840984247234246,0.8444030284791285,0.9276018099547512,0.7592592592592593,0.835030549898167,-0.05576235994931694,-0.055079340211723005,55,21,17,38,0.3090909090909091,0.5151515151515151,0.4473684210526316,0.8436213991769548
MODEL_SPECIFIC_RNAFOLD,1,67,LEARNED_UNGATED,0.9367211140308966,0.7676632395382396,0.8381854321911867,0.9348837209302325,0.7444444444444445,0.8288659793814434,-0.061979956237258695,-0.061243910728446704,61,23,19,42,0.3114754098360656,0.5757575757575758,0.4523809523809524,0.8271604938271605
MODEL_SPECIFIC_RNAFOLD,2,17,LEARNED_UNGATED,0.9360299422799422,0.6638322631971421,0.758381531029011,0.93359375,0.5195652173913043,0.6675977653631285,-0.10895526250646327,-0.10602860826324512,194,24,81,113,0.4175257731958763,0.826530612244898,0.7168141592920354,0.6789772727272727
MODEL_SPECIFIC_RNAFOLD,2,17,LEARNED_SELECTIVE,0.8803639914818743,0.8613392721071528,0.8669453521194753,0.7900677200902935,0.7608695652173914,0.7751937984496124,-0.00039144141599881344,0.0015674248232387944,7,2,5,2,0.7142857142857143,0.05102040816326531,2.5,0.9943181818181818
MODEL_SPECIFIC_RNAFOLD,2,29,LEARNED_UNGATED,0.9281822344322345,0.6299952634792815,0.7333185946976483,0.926829268292683,0.4956521739130435,0.6458923512747875,-0.13401819883782587,-0.12773402235158615,204,24,80,124,0.39215686274509803,0.8163265306122449,0.6451612903225806,0.6477272727272727
MODEL_SPECIFIC_RNAFOLD,2,29,LEARNED_SELECTIVE,0.8801738080638742,0.8628198800736099,0.8675969561371003,0.7857142857142857,0.7652173913043478,0.775330396475771,0.0002601626016260165,0.001704022849397302,2,1,2,0,1.0,0.02040816326530612,inf,1.0
MODEL_SPECIFIC_RNAFOLD,2,41,LEARNED_UNGATED,0.925936100936101,0.6047138018407319,0.712054137223979,0.9273504273504274,0.4717391304347826,0.6253602305475504,-0.15528265631149502,-0.14826614307882324,216,24,81,135,0.375,0.826530612244898,0.6,0.6164772727272727
MODEL_SPECIFIC_RNAFOLD,2,53,LEARNED_UNGATED,0.9253151260504202,0.6597216101666789,0.7529269555757182,0.9260700389105059,0.5173913043478261,0.6638772663877266,-0.11440983795975596,-0.10974910723864706,193,23,79,114,0.40932642487046633,0.8061224489795918,0.6929824561403509,0.6761363636363636
MODEL_SPECIFIC_RNAFOLD,2,53,LEARNED_SELECTIVE,0.8822412643567362,0.8613392721071528,0.867931433683968,0.7936507936507936,0.7608695652173914,0.7769145394006659,0.0005946401484937918,0.003288165774292251,9,3,7,2,0.7777777777777778,0.07142857142857142,3.5,0.9943181818181818
MODEL_SPECIFIC_RNAFOLD,2,67,LEARNED_UNGATED,0.9169642857142858,0.6688274124310798,0.7553102765196419,0.9090909090909091,0.5217391304347826,0.6629834254143646,-0.11202651701583227,-0.11064294821200904,186,23,74,112,0.3978494623655914,0.7551020408163265,0.6607142857142857,0.6818181818181818
MODEL_SPECIFIC_RNAFOLD,2,67,LEARNED_SELECTIVE,0.8821853037909073,0.8597669450631277,0.867047549336346,0.7945205479452054,0.7565217391304347,0.7750556792873051,-0.00028924419912831206,0.001429305660931468,12,4,8,4,0.6666666666666666,0.08163265306122448,2.0,0.9886363636363636
MODEL_SPECIFIC_RNAFOLD,3,17,LEARNED_UNGATED,0.9713675213675214,0.8144798200022659,0.8752904050854169,0.9692307692307692,0.8155339805825242,0.8857644991212654,-0.05291180530711342,-0.05367903606695057,42,16,7,35,0.16666666666666666,0.4666666666666667,0.2,0.8780487804878049
MODEL_SPECIFIC_RNAFOLD,3,17,LEARNED_SELECTIVE,0.9529912217412218,0.9233494936436113,0.9282022103925304,0.9503311258278145,0.9288025889967637,0.939443535188216,0.0,0.0,0,0,0,0,,0.0,,1.0
MODEL_SPECIFIC_RNAFOLD,3,29,LEARNED_UNGATED,0.9784508547008546,0.8289305392749665,0.8873521703178934,0.973384030418251,0.8284789644012945,0.8951048951048951,-0.04085004007463699,-0.04433864008332089,39,16,8,31,0.20512820512820512,0.5333333333333333,0.25806451612903225,0.89198606271777
MODEL_SPECIFIC_RNAFOLD,3,29,LEARNED_SELECTIVE,0.9527707631874298,0.9216828269769447,0.9273253356949009,0.9501661129568106,0.9255663430420712,0.9377049180327869,-0.0008768746976294169,-0.0017386171554291119,1,1,0,1,0.0,0.0,0.0,0.9965156794425087
MODEL_SPECIFIC_RNAFOLD,3,41,LEARNED_UNGATED,0.9713675213675214,0.8120288396101091,0.8735290991287085,0.9691119691119691,0.8122977346278317,0.8838028169014085,-0.05467311126382168,-0.0556407182868075,43,16,7,36,0.16279069767441862,0.4666666666666667,0.19444444444444445,0.8745644599303136
MODEL_SPECIFIC_RNAFOLD,3,41,LEARNED_SELECTIVE,0.9529912217412218,0.9233494936436113,0.9282022103925304,0.9503311258278145,0.9288025889967637,0.939443535188216,0.0,0.0,0,0,0,0,,0.0,,1.0
MODEL_SPECIFIC_RNAFOLD,3,53,LEARNED_UNGATED,0.9713675213675214,0.8217420838821768,0.8796045687199204,0.9694656488549618,0.8220064724919094,0.8896672504378283,-0.04859764167260996,-0.049776284750387645,40,16,7,33,0.175,0.4666666666666667,0.21212121212121213,0.8850174216027874
MODEL_SPECIFIC_RNAFOLD,3,53,LEARNED_SELECTIVE,0.9520763187429854,0.9170388641286474,0.9245420125990779,0.9498327759197325,0.919093851132686,0.9342105263157895,-0.003660197793452511,-0.005233008872426503,3,3,0,3,0.0,0.0,0.0,0.9895470383275261
MODEL_SPECIFIC_RNAFOLD,3,67,LEARNED_UNGATED,0.978160999628391,0.8272746543102582,0.8840653763977059,0.9731800766283525,0.8220064724919094,0.8912280701754386,-0.04413683399482454,-0.0482154650127774,41,15,8,33,0.1951219512195122,0.5333333333333333,0.24242424242424243,0.8850174216027874
MODEL_SPECIFIC_RNAFOLD,3,67,LEARNED_SELECTIVE,0.9527707631874298,0.9187066365007542,0.9257821258183577,0.95,0.9223300970873787,0.9359605911330049,-0.002420084574172629,-0.0034829440552111013,2,2,0,2,0.0,0.0,0.0,0.9930313588850174
MODEL_SPECIFIC_RNAFOLD,4,17,LEARNED_UNGATED,0.9442550505050505,0.8239051117727589,0.8701556023657613,0.9428571428571428,0.7573770491803279,0.84,-0.06056186573349448,-0.06240000000000001,75,16,24,51,0.32,0.631578947368421,0.47058823529411764,0.8191489361702128
MODEL_SPECIFIC_RNAFOLD,4,17,LEARNED_SELECTIVE,0.9244797205482689,0.9436748436748438,0.9307174680992558,0.88125,0.9245901639344263,0.9024,0.0,0.0,0,0,0,0,,0.0,,1.0
MODEL_SPECIFIC_RNAFOLD,4,29,LEARNED_UNGATED,0.9549768518518519,0.7889877551642256,0.8540053587411341,0.9446808510638298,0.7278688524590164,0.8222222222222222,-0.07671210935812152,-0.08017777777777779,85,19,25,60,0.29411764705882354,0.6578947368421053,0.4166666666666667,0.7872340425531915
MODEL_SPECIFIC_RNAFOLD,4,29,LEARNED_SELECTIVE,0.9244797205482689,0.9436748436748438,0.9307174680992558,0.88125,0.9245901639344263,0.9024,0.0,0.0,0,0,0,0,,0.0,,1.0
MODEL_SPECIFIC_RNAFOLD,4,41,LEARNED_UNGATED,0.9448647247360483,0.815631440999088,0.866005876727668,0.9346938775510204,0.7508196721311475,0.8327272727272728,-0.06471159137158779,-0.06967272727272722,75,15,22,53,0.29333333333333333,0.5789473684210527,0.41509433962264153,0.8120567375886525
MODEL_SPECIFIC_RNAFOLD,4,41,LEARNED_SELECTIVE,0.9247126229034124,0.9421867484367484,0.9301917705126496,0.8836477987421384,0.921311475409836,0.9020866773675762,-0.0005256975866062922,-0.0003133226324237848,2,2,1,1,0.5,0.02631578947368421,1.0,0.9964539007092199
MODEL_SPECIFIC_RNAFOLD,4,53,LEARNED_UNGATED,0.9491161616161617,0.8138122362387068,0.8691455562911149,0.9282868525896414,0.7639344262295082,0.8381294964028777,-0.0615719118081409,-0.06427050359712227,69,19,20,49,0.2898550724637681,0.5263157894736842,0.40816326530612246,0.8262411347517731
MODEL_SPECIFIC_RNAFOLD,4,53,LEARNED_SELECTIVE,0.9244797205482689,0.9436748436748438,0.9307174680992558,0.88125,0.9245901639344263,0.9024,0.0,0.0,0,0,0,0,,0.0,,1.0
MODEL_SPECIFIC_RNAFOLD,4,67,LEARNED_UNGATED,0.9412367724867726,0.8176537650802357,0.8657351338188959,0.9344262295081968,0.7475409836065574,0.8306010928961749,-0.06498233428035988,-0.07179890710382508,76,15,22,54,0.2894736842105263,0.5789473684210527,0.4074074074074074,0.8085106382978723
MODEL_SPECIFIC_RNAFOLD,4,67,LEARNED_SELECTIVE,0.9241985689513279,0.9424122174122175,0.9300165030496993,0.8808777429467085,0.921311475409836,0.9006410256410257,-0.000700965049556602,-0.001758974358974319,1,1,0,1,0.0,0.0,0.0,0.9964539007092199
MODEL_SPECIFIC_PETFOLD,0,17,LEARNED_UNGATED,0.9098636363636363,0.762201878031034,0.8123692001810255,0.9243697478991597,0.6626506024096386,0.7719298245614035,-0.08086417094430778,-0.1312959818902094,112,18,24,88,0.21428571428571427,0.5714285714285714,0.2727272727272727,0.7142857142857143
MODEL_SPECIFIC_PETFOLD,0,17,LEARNED_SELECTIVE,0.8863361244190966,0.8992362765396014,0.8897677241628362,0.9009287925696594,0.8765060240963856,0.8885496183206106,-0.003465646962497071,-0.014676188131002244,27,8,10,17,0.37037037037037035,0.23809523809523808,0.5882352941176471,0.9448051948051948
MODEL_SPECIFIC_PETFOLD,0,29,LEARNED_UNGATED,0.9121153846153846,0.7729232455524015,0.822453288101329,0.926530612244898,0.6837349397590361,0.7868284228769498,-0.07078008302400414,-0.11639738357466312,105,19,24,81,0.22857142857142856,0.5714285714285714,0.2962962962962963,0.737012987012987
MODEL_SPECIFIC_PETFOLD,0,29,LEARNED_SELECTIVE,0.8805981843533864,0.9053090244793569,0.8905148059041538,0.891566265060241,0.891566265060241,0.891566265060241,-0.0027185652211793743,-0.01165954139137193,18,7,6,12,0.3333333333333333,0.14285714285714285,0.5,0.961038961038961
MODEL_SPECIFIC_PETFOLD,0,41,LEARNED_UNGATED,0.9115000000000001,0.7655962614254175,0.815306443582785,0.9288702928870293,0.6686746987951807,0.7775831873905429,-0.07792692754254825,-0.12564261906107,111,18,25,86,0.22522522522522523,0.5952380952380952,0.29069767441860467,0.7207792207792207
MODEL_SPECIFIC_PETFOLD,0,41,LEARNED_SELECTIVE,0.885552036324822,0.9060394592619656,0.8932364748119339,0.8996960486322189,0.891566265060241,0.8956127080181543,3.103686600707256e-06,-0.007613098433458587,21,8,9,12,0.42857142857142855,0.21428571428571427,0.75,0.961038961038961
MODEL_SPECIFIC_PETFOLD,0,53,LEARNED_UNGATED,0.899529657477026,0.7856626601588238,0.8258116305345543,0.9094488188976378,0.6957831325301205,0.78839590443686,-0.06742174059077906,-0.11482990201475285,96,17,19,77,0.19791666666666666,0.4523809523809524,0.24675324675324675,0.75
MODEL_SPECIFIC_PETFOLD,0,53,LEARNED_SELECTIVE,0.878607396411558,0.8988504851215849,0.8859077531465326,0.8912386706948641,0.8885542168674698,0.889894419306184,-0.007325617978800762,-0.013331387145428919,19,7,6,13,0.3157894736842105,0.14285714285714285,0.46153846153846156,0.9577922077922078
MODEL_SPECIFIC_PETFOLD,0,67,LEARNED_UNGATED,0.9103137254901961,0.762815032992015,0.8134229782513934,0.9288702928870293,0.6686746987951807,0.7775831873905429,-0.07981039287393984,-0.12564261906107,111,18,25,86,0.22522522522522523,0.5952380952380952,0.29069767441860467,0.7207792207792207
MODEL_SPECIFIC_PETFOLD,0,67,LEARNED_SELECTIVE,0.8767464753231343,0.9128510534648642,0.8926092576703932,0.8885630498533724,0.9126506024096386,0.9004457652303121,-0.0006241134549400495,-0.002780041221300822,9,5,4,5,0.4444444444444444,0.09523809523809523,0.8,0.9837662337662337
MODEL_SPECIFIC_PETFOLD,1,17,LEARNED_UNGATED,0.9268999518999519,0.7797919672919672,0.8432120212757468,0.9279279279279279,0.762962962962963,0.8373983739837398,-0.05186027010526719,-0.04581330484837698,56,23,20,36,0.35714285714285715,0.5555555555555556,0.5555555555555556,0.8512396694214877
MODEL_SPECIFIC_PETFOLD,1,29,LEARNED_UNGATED,0.9336931995020231,0.7639753186628186,0.8354903567364868,0.933649289099526,0.7296296296296296,0.8191268191268192,-0.059581934644527185,-0.06408485970529765,67,23,22,45,0.3283582089552239,0.6111111111111112,0.4888888888888889,0.8140495867768595
MODEL_SPECIFIC_PETFOLD,1,41,LEARNED_UNGATED,0.9346626814977199,0.7714627675565175,0.8382063722925067,0.9299065420560748,0.737037037037037,0.8223140495867769,-0.05686591908850721,-0.060897629245339924,64,22,21,43,0.328125,0.5833333333333334,0.4883720930232558,0.8223140495867769
MODEL_SPECIFIC_PETFOLD,1,53,LEARNED_UNGATED,0.9250187969924811,0.7921052038239539,0.8502838347472359,0.9244444444444444,0.7703703703703704,0.8404040404040404,-0.04478845663377811,-0.042807638428076444,53,22,19,34,0.3584905660377358,0.5277777777777778,0.5588235294117647,0.859504132231405
MODEL_SPECIFIC_PETFOLD,1,67,LEARNED_UNGATED,0.9233261183261184,0.8011750691438192,0.8549361663979681,0.9210526315789473,0.7777777777777778,0.8433734939759037,-0.040136124983045855,-0.039838184856213155,50,21,18,32,0.36,0.5,0.5625,0.8677685950413223
MODEL_SPECIFIC_PETFOLD,2,17,LEARNED_UNGATED,0.9145250140654552,0.649628096109907,0.7453513357707614,0.9,0.5282608695652173,0.6657534246575343,-0.11091407240126884,-0.09824218456310241,181,24,76,105,0.4198895027624309,0.7378640776699029,0.7238095238095238,0.6982758620689655
MODEL_SPECIFIC_PETFOLD,2,29,LEARNED_UNGATED,0.9401363750628456,0.6365641597769135,0.7401084149042774,0.9224806201550387,0.5173913043478261,0.6629526462395543,-0.11615699326775286,-0.1010429629810824,193,23,83,110,0.43005181347150256,0.8058252427184466,0.7545454545454545,0.6839080459770115
MODEL_SPECIFIC_PETFOLD,2,41,LEARNED_UNGATED,0.9363694955406912,0.6247855095271646,0.7312012013332366,0.9206349206349206,0.5043478260869565,0.651685393258427,-0.1250642068387938,-0.11231021596220969,199,24,83,116,0.41708542713567837,0.8058252427184466,0.7155172413793104,0.6666666666666666
MODEL_SPECIFIC_PETFOLD,2,53,LEARNED_UNGATED,0.9363217338217339,0.6297881149464367,0.734087112601677,0.9288537549407114,0.5108695652173914,0.6591865357643759,-0.1221782955703531,-0.10480907345626078,198,24,85,113,0.4292929292929293,0.8252427184466019,0.7522123893805309,0.6752873563218391
MODEL_SPECIFIC_PETFOLD,2,67,LEARNED_UNGATED,0.9373180547522653,0.6692349368260073,0.7632009497656892,0.9219330855018587,0.5391304347826087,0.6803840877914952,-0.09306445840634113,-0.08361152142914152,182,24,82,100,0.45054945054945056,0.7961165048543689,0.82,0.7126436781609196
MODEL_SPECIFIC_PETFOLD,3,17,LEARNED_UNGATED,0.9667644855144856,0.8131885132697826,0.8734873401956071,0.9653846153846154,0.8122977346278317,0.8822495606326889,-0.045401715050434645,-0.04585501453070984,43,16,10,33,0.23255813953488372,0.5263157894736842,0.30303030303030304,0.8838028169014085
MODEL_SPECIFIC_PETFOLD,3,17,LEARNED_SELECTIVE,0.9483064774731442,0.8988315812154822,0.9129710498352387,0.9453924914675768,0.8964401294498382,0.920265780730897,-0.005918005410803141,-0.007838794432501683,10,5,3,7,0.3,0.15789473684210525,0.42857142857142855,0.9753521126760564
MODEL_SPECIFIC_PETFOLD,3,29,LEARNED_UNGATED,0.9712435134310134,0.826282195186994,0.8790948021382805,0.9695817490494296,0.8252427184466019,0.8916083916083916,-0.03979425310776143,-0.03649618355500717,40,16,11,29,0.275,0.5789473684210527,0.3793103448275862,0.897887323943662
MODEL_SPECIFIC_PETFOLD,3,29,LEARNED_SELECTIVE,0.9496926106301107,0.9108273795348097,0.9200877986322853,0.9463087248322147,0.912621359223301,0.929159802306425,0.0011987433862433866,0.001055227143026305,5,3,3,2,0.6,0.15789473684210525,1.5,0.9929577464788732
MODEL_SPECIFIC_PETFOLD,3,41,LEARNED_UNGATED,0.9680373068960026,0.8330112885337343,0.8849000246215794,0.9661654135338346,0.8317152103559871,0.8939130434782608,-0.03398903062446256,-0.03419153168513789,37,16,10,27,0.2702702702702703,0.5263157894736842,0.37037037037037035,0.9049295774647887
MODEL_SPECIFIC_PETFOLD,3,41,LEARNED_SELECTIVE,0.9467412217412218,0.905925418750496,0.9160631774201641,0.9427609427609428,0.9061488673139159,0.9240924092409241,-0.002825877825877824,-0.004012165922474664,6,3,2,4,0.3333333333333333,0.10526315789473684,0.5,0.9859154929577465
MODEL_SPECIFIC_PETFOLD,3,53,LEARNED_UNGATED,0.967033587757272,0.838019995570305,0.8836574503815301,0.9629629629629629,0.8414239482200647,0.8981001727115717,-0.035231604864511684,-0.030004402451827006,33,15,9,24,0.2727272727272727,0.47368421052631576,0.375,0.9154929577464789
MODEL_SPECIFIC_PETFOLD,3,53,LEARNED_SELECTIVE,0.9457806316084825,0.9051035771933605,0.9151692741997589,0.9395973154362416,0.9061488673139159,0.9225700164744646,-0.0037197810462828947,-0.005534558688934155,5,5,1,4,0.2,0.05263157894736842,0.25,0.9859154929577465
MODEL_SPECIFIC_PETFOLD,3,67,LEARNED_UNGATED,0.9734036796536797,0.824836505800128,0.8821593416404813,0.9731800766283525,0.8220064724919094,0.8912280701754386,-0.036729713605560564,-0.036876504987960135,42,16,12,30,0.2857142857142857,0.631578947368421,0.4,0.8943661971830986
MODEL_SPECIFIC_PETFOLD,3,67,LEARNED_SELECTIVE,0.9512826679493346,0.9037335419997959,0.9170873132760988,0.9489795918367347,0.9029126213592233,0.9253731343283582,-0.0018017419699429271,-0.0027314408350405106,9,5,4,5,0.4444444444444444,0.21052631578947367,0.8,0.9823943661971831
MODEL_SPECIFIC_PETFOLD,4,17,LEARNED_UNGATED,0.9380050505050505,0.7700757235683705,0.833868486270655,0.9353448275862069,0.7114754098360656,0.8081936685288641,-0.08706815446959659,-0.08813806990813755,90,18,26,64,0.28888888888888886,0.6341463414634146,0.40625,0.7722419928825622
MODEL_SPECIFIC_PETFOLD,4,17,LEARNED_SELECTIVE,0.9192461473711474,0.9293933735110206,0.9208025683915052,0.879746835443038,0.9114754098360656,0.895330112721417,-0.0001340723487462577,-0.0010016257155845976,6,3,3,3,0.5,0.07317073170731707,1.0,0.9893238434163701
MODEL_SPECIFIC_PETFOLD,4,29,LEARNED_UNGATED,0.934246138851402,0.8287154974654974,0.8694493298693603,0.9192307692307692,0.7836065573770492,0.8460176991150442,-0.05148731087089135,-0.05031403932195744,62,15,20,42,0.3225806451612903,0.4878048780487805,0.47619047619047616,0.8505338078291815
MODEL_SPECIFIC_PETFOLD,4,29,LEARNED_SELECTIVE,0.9160175898662741,0.9355579605579605,0.9222996497119561,0.878125,0.921311475409836,0.8992,0.0013630089717046278,0.0028682615629983532,2,2,2,0,1.0,0.04878048780487805,inf,1.0
MODEL_SPECIFIC_PETFOLD,4,41,LEARNED_UNGATED,0.9395246773923245,0.7821046668473138,0.8436761786231789,0.9322033898305084,0.7213114754098361,0.8133086876155268,-0.0772604621170726,-0.08302305082147488,86,19,25,61,0.29069767441860467,0.6097560975609756,0.4098360655737705,0.7829181494661922
MODEL_SPECIFIC_PETFOLD,4,41,LEARNED_SELECTIVE,0.9155015939942411,0.9306559997736468,0.9197125037424572,0.8773584905660378,0.9147540983606557,0.8956661316211878,-0.001224136997794283,-0.0006656068158138462,4,3,2,2,0.5,0.04878048780487805,1.0,0.9928825622775801
MODEL_SPECIFIC_PETFOLD,4,53,LEARNED_UNGATED,0.9342592592592592,0.7912229450832391,0.847358494979123,0.9259259259259259,0.7377049180327869,0.8211678832116789,-0.07357814576112849,-0.07516385522532276,79,17,23,56,0.2911392405063291,0.5609756097560976,0.4107142857142857,0.800711743772242
MODEL_SPECIFIC_PETFOLD,4,67,LEARNED_UNGATED,0.9367228835978837,0.8098938098938099,0.8594532376598374,0.9314516129032258,0.7573770491803279,0.8354430379746836,-0.06148340308041414,-0.06088870046231809,74,17,24,50,0.32432432432432434,0.5853658536585366,0.48,0.8220640569395018
MODEL_SPECIFIC_PETFOLD,4,67,LEARNED_SELECTIVE,0.9211137820512821,0.9355579605579605,0.9250243005923448,0.886435331230284,0.921311475409836,0.9035369774919614,0.004087659852093213,0.007205239054959733,5,4,5,0,1.0,0.12195121951219512,inf,1.0
MODEL_SPECIFIC_TRROSETTARNA2,0,17,LEARNED_UNGATED,0.972,0.9046428936792108,0.9344425475192522,0.9701986754966887,0.8825301204819277,0.9242902208201893,0.035441292283861336,0.045291611640773444,85,24,62,23,0.7294117647058823,0.8732394366197183,2.6956521739130435,0.9272151898734177
MODEL_SPECIFIC_TRROSETTARNA2,0,17,LEARNED_SELECTIVE,0.9529126050420169,0.9682397271952259,0.9589682232978088,0.9484848484848485,0.9427710843373494,0.945619335347432,0.059966968062418156,0.06662072616801618,57,21,54,3,0.9473684210526315,0.7605633802816901,18.0,0.990506329113924
MODEL_SPECIFIC_TRROSETTARNA2,0,29,LEARNED_UNGATED,0.9711042471042473,0.9094013477854911,0.9370603237605338,0.9671052631578947,0.8855421686746988,0.9245283018867925,0.038059068525143014,0.04552969270737661,83,24,61,22,0.7349397590361446,0.8591549295774648,2.772727272727273,0.930379746835443
MODEL_SPECIFIC_TRROSETTARNA2,0,29,LEARNED_SELECTIVE,0.94884593837535,0.9731730605285592,0.9592284663636906,0.9487951807228916,0.9487951807228916,0.9487951807228916,0.06022721112829972,0.06979657154347574,55,20,54,1,0.9818181818181818,0.7605633802816901,54.0,0.9968354430379747
MODEL_SPECIFIC_TRROSETTARNA2,0,41,LEARNED_UNGATED,0.972,0.9001984492347664,0.9320896063427816,0.9700996677740864,0.8795180722891566,0.9225908372827805,0.033088351107390744,0.043592228103364605,86,24,62,24,0.7209302325581395,0.8732394366197183,2.5833333333333335,0.9240506329113924
MODEL_SPECIFIC_TRROSETTARNA2,0,41,LEARNED_SELECTIVE,0.9594986856280974,0.9525254414809402,0.9536260306067791,0.9539877300613497,0.9367469879518072,0.9452887537993921,0.054624775371388254,0.06629014461997629,61,22,56,5,0.9180327868852459,0.7887323943661971,11.2,0.9841772151898734
MODEL_SPECIFIC_TRROSETTARNA2,0,53,LEARNED_UNGATED,0.9730043290043291,0.9098844395729305,0.9377883570510196,0.973421926910299,0.8825301204819277,0.9257503949447078,0.038787101815628645,0.04675178576529193,86,24,63,23,0.7325581395348837,0.8873239436619719,2.739130434782609,0.9272151898734177
MODEL_SPECIFIC_TRROSETTARNA2,0,53,LEARNED_SELECTIVE,0.9406185526185525,0.9731730605285592,0.9548948808978787,0.9375,0.9487951807228916,0.9431137724550899,0.055893625662487796,0.06411516327567401,51,19,50,1,0.9803921568627451,0.704225352112676,50.0,0.9968354430379747
MODEL_SPECIFIC_TRROSETTARNA2,0,67,LEARNED_UNGATED,0.972,0.9054365444728617,0.9348348043127594,0.9701986754966887,0.8825301204819277,0.9242902208201893,0.035833549077368694,0.045291611640773444,85,24,62,23,0.7294117647058823,0.8732394366197183,2.6956521739130435,0.9272151898734177
MODEL_SPECIFIC_TRROSETTARNA2,0,67,LEARNED_SELECTIVE,0.9529126050420169,0.9658587748142736,0.9576304306556684,0.9484848484848485,0.9427710843373494,0.945619335347432,0.058629175420277686,0.06662072616801618,57,21,54,3,0.9473684210526315,0.7605633802816901,18.0,0.990506329113924
MODEL_SPECIFIC_TRROSETTARNA2,1,17,LEARNED_UNGATED,0.940375939849624,0.8780814093314092,0.9015454782376459,0.9666666666666667,0.8592592592592593,0.9098039215686274,0.027257267699113602,0.04512905337882078,59,19,45,14,0.7627118644067796,0.8490566037735849,3.2142857142857144,0.943089430894309
MODEL_SPECIFIC_TRROSETTARNA2,1,17,LEARNED_SELECTIVE,0.934856174756537,0.9240327380952381,0.9267770913957355,0.95703125,0.9074074074074074,0.9315589353612167,0.05248888085720327,0.06688406717141004,43,14,42,1,0.9767441860465116,0.7924528301886793,42.0,0.9959349593495935
MODEL_SPECIFIC_TRROSETTARNA2,1,29,LEARNED_UNGATED,0.9405401234567901,0.8880516474266474,0.9069068201121455,0.9669421487603306,0.8666666666666667,0.9140625,0.03261860957361337,0.049387631810193344,57,18,45,12,0.7894736842105263,0.8490566037735849,3.75,0.9512195121951219
MODEL_SPECIFIC_TRROSETTARNA2,1,41,LEARNED_UNGATED,0.9402614709851552,0.8629945286195285,0.8926432039370636,0.9662447257383966,0.8481481481481481,0.903353057199211,0.018354993398531385,0.03867818900940434,62,20,45,17,0.7258064516129032,0.8490566037735849,2.6470588235294117,0.9308943089430894
MODEL_SPECIFIC_TRROSETTARNA2,1,53,LEARNED_UNGATED,0.9403208252111761,0.8667553511303511,0.8948288900872341,0.9703389830508474,0.8481481481481481,0.9051383399209486,0.02054067954870192,0.04046347173114195,63,19,46,17,0.7301587301587301,0.8679245283018868,2.7058823529411766,0.9308943089430894
MODEL_SPECIFIC_TRROSETTARNA2,1,67,LEARNED_UNGATED,0.9402614709851552,0.8491056397306397,0.8846162431527498,0.9699570815450643,0.837037037037037,0.8986083499005965,0.010328032614217659,0.0339334817107898,66,21,46,20,0.696969696969697,0.8679245283018868,2.3,0.9186991869918699
MODEL_SPECIFIC_TRROSETTARNA2,2,17,LEARNED_UNGATED,0.8824840322602471,0.7901086485424998,0.8158749243600433,0.9507692307692308,0.6717391304347826,0.7872611464968153,0.05123930283485075,0.06550382432108315,171,21,135,36,0.7894736842105263,0.8940397350993378,3.75,0.8956521739130435
MODEL_SPECIFIC_TRROSETTARNA2,2,29,LEARNED_UNGATED,0.8809343434343435,0.7890536265635113,0.8175383739354327,0.945619335347432,0.6804347826086956,0.7914032869785083,0.052902752410240346,0.06964596480277607,165,21,133,32,0.806060606060606,0.8807947019867549,4.15625,0.9072463768115943
MODEL_SPECIFIC_TRROSETTARNA2,2,41,LEARNED_UNGATED,0.8740197001066567,0.7960668132671193,0.8217653247274254,0.935672514619883,0.6956521739130435,0.7980049875311721,0.057129703202232936,0.07624766535543992,154,22,129,25,0.8376623376623377,0.8543046357615894,5.16,0.927536231884058
MODEL_SPECIFIC_TRROSETTARNA2,2,53,LEARNED_UNGATED,0.8833814333814334,0.7921676451201581,0.8190118660982589,0.9515151515151515,0.6826086956521739,0.7949367088607595,0.05437624457306648,0.07317938668502733,166,21,135,31,0.8132530120481928,0.8940397350993378,4.354838709677419,0.9101449275362319
MODEL_SPECIFIC_TRROSETTARNA2,2,67,LEARNED_UNGATED,0.8701141853315767,0.7873765391221044,0.8141687034733692,0.9341317365269461,0.6782608695652174,0.7858942065491183,0.04953308194817677,0.06413688437338616,162,21,129,33,0.7962962962962963,0.8543046357615894,3.909090909090909,0.9043478260869565
MODEL_SPECIFIC_TRROSETTARNA2,3,17,LEARNED_UNGATED,0.8883267195767196,0.8296729477379632,0.8519073594076181,0.9545454545454546,0.8155339805825242,0.8795811518324608,0.03944319167060874,0.07897232382637254,84,23,73,11,0.8690476190476191,0.8588235294117647,6.636363636363637,0.9581749049429658
MODEL_SPECIFIC_TRROSETTARNA2,3,17,LEARNED_SELECTIVE,0.8501834052385523,0.8631334686984843,0.8532026335297432,0.9154929577464789,0.8414239482200647,0.8768971332209107,0.04073846579273382,0.07628830521482244,64,18,61,3,0.953125,0.7176470588235294,20.333333333333332,0.9885931558935361
MODEL_SPECIFIC_TRROSETTARNA2,3,29,LEARNED_UNGATED,0.8842592592592592,0.8398225203875359,0.8563598367548323,0.951310861423221,0.8220064724919094,0.8819444444444444,0.04389566901782293,0.08133561643835618,81,22,72,9,0.8888888888888888,0.8470588235294118,8.0,0.9657794676806084
MODEL_SPECIFIC_TRROSETTARNA2,3,29,LEARNED_SELECTIVE,0.8683960375136847,0.8631334686984843,0.8621952075918934,0.9252669039145908,0.8414239482200647,0.8813559322033898,0.04973103985488409,0.08074710419730158,67,20,64,3,0.9552238805970149,0.7529411764705882,21.333333333333332,0.9885931558935361
MODEL_SPECIFIC_TRROSETTARNA2,3,41,LEARNED_UNGATED,0.8883267195767196,0.8336412017062171,0.8540333198669119,0.9509433962264151,0.8155339805825242,0.8780487804878049,0.04156915212990254,0.07743995248171665,83,23,72,11,0.8674698795180723,0.8470588235294118,6.545454545454546,0.9581749049429658
MODEL_SPECIFIC_TRROSETTARNA2,3,53,LEARNED_UNGATED,0.8883267195767196,0.8231072911723066,0.8481854108580834,0.9505703422053232,0.8090614886731392,0.8741258741258742,0.035721243121073984,0.07351704611978593,85,23,72,13,0.8470588235294118,0.8470588235294118,5.538461538461538,0.9505703422053232
MODEL_SPECIFIC_TRROSETTARNA2,3,53,LEARNED_SELECTIVE,0.8411426774478244,0.8631334686984843,0.849079492178341,0.8996539792387543,0.8414239482200647,0.8695652173913043,0.036615324441331594,0.06895638938521609,59,18,56,3,0.9491525423728814,0.6588235294117647,18.666666666666668,0.9885931558935361
MODEL_SPECIFIC_TRROSETTARNA2,3,67,LEARNED_UNGATED,0.8842592592592592,0.8463396144046299,0.8599178304852398,0.9550561797752809,0.8252427184466019,0.8854166666666666,0.04745366274823045,0.0848078386605784,81,21,73,8,0.9012345679012346,0.8588235294117647,9.125,0.9695817490494296
MODEL_SPECIFIC_TRROSETTARNA2,4,17,LEARNED_UNGATED,0.9559320887445888,0.9059323778073779,0.924502728860069,0.9517241379310345,0.9049180327868852,0.9277310924369748,0.06287390828897307,0.056473607407034665,73,23,58,15,0.7945205479452054,0.8055555555555556,3.8666666666666667,0.9484536082474226
MODEL_SPECIFIC_TRROSETTARNA2,4,17,LEARNED_SELECTIVE,0.9405344982922123,0.9396479677729678,0.9343019820766929,0.9381107491856677,0.9442622950819672,0.9411764705882353,0.07267316150559709,0.06991898555829512,56,22,53,3,0.9464285714285714,0.7361111111111112,17.666666666666668,0.9896907216494846
MODEL_SPECIFIC_TRROSETTARNA2,4,29,LEARNED_UNGATED,0.95402922862162,0.9027938496688496,0.9216364599452834,0.9479166666666666,0.8950819672131147,0.9207419898819561,0.06000763937418772,0.04948450485201594,75,23,57,18,0.76,0.7916666666666666,3.1666666666666665,0.9381443298969072
MODEL_SPECIFIC_TRROSETTARNA2,4,29,LEARNED_SELECTIVE,0.9430699332873246,0.9373481842231843,0.934245222195344,0.9381107491856677,0.9442622950819672,0.9411764705882353,0.07261640162424825,0.06991898555829512,56,22,53,3,0.9464285714285714,0.7361111111111112,17.666666666666668,0.9896907216494846
MODEL_SPECIFIC_TRROSETTARNA2,4,41,LEARNED_UNGATED,0.9558480833682447,0.9086380055130056,0.9259904751077236,0.9515570934256056,0.9016393442622951,0.9259259259259259,0.06436165453662786,0.05466844089598577,74,23,58,16,0.7837837837837838,0.8055555555555556,3.625,0.9450171821305842
MODEL_SPECIFIC_TRROSETTARNA2,4,41,LEARNED_SELECTIVE,0.9463215353292492,0.935860088985089,0.9353199254859407,0.944078947368421,0.940983606557377,0.9425287356321839,0.07369110491484483,0.07127125060224371,59,22,55,4,0.9322033898305084,0.7638888888888888,13.75,0.9862542955326461
MODEL_SPECIFIC_TRROSETTARNA2,4,53,LEARNED_UNGATED,0.9559320887445888,0.9080968799718799,0.9255253173826574,0.9517241379310345,0.9049180327868852,0.9277310924369748,0.0638964968115616,0.056473607407034665,73,23,58,15,0.7945205479452054,0.8055555555555556,3.8666666666666667,0.9484536082474226
MODEL_SPECIFIC_TRROSETTARNA2,4,53,LEARNED_SELECTIVE,0.9403868524792438,0.9373481842231843,0.9330789931602625,0.9381107491856677,0.9442622950819672,0.9411764705882353,0.07145017258916675,0.06991898555829512,56,22,53,3,0.9464285714285714,0.7361111111111112,17.666666666666668,0.9896907216494846
MODEL_SPECIFIC_TRROSETTARNA2,4,67,LEARNED_UNGATED,0.9544080942483304,0.9175880832130833,0.9297297165911718,0.9489795918367347,0.9147540983606557,0.9315525876460768,0.06810089602007595,0.06029510261613669,69,23,57,12,0.8260869565217391,0.7916666666666666,4.75,0.9587628865979382
MODEL_SPECIFIC_TRROSETTARNA2,4,67,LEARNED_SELECTIVE,0.9441747312671226,0.9373481842231843,0.9348827449640144,0.9411764705882353,0.9442622950819672,0.9427168576104746,0.07325392439291856,0.07145937258053447,57,22,54,3,0.9473684210526315,0.75,18.0,0.9896907216494846
POOLED_SOURCE_AWARE,0,17,LEARNED_UNGATED,0.9299356818704644,0.8122432355179158,0.8567575326902215,0.9374201787994891,0.7369477911646586,0.8251826869027543,-0.04158476129569659,-0.07279613889127845,299,57,100,199,0.33444816053511706,0.6711409395973155,0.5025125628140703,0.7867095391211146
POOLED_SOURCE_AWARE,0,17,LEARNED_SELECTIVE,0.9058484889995005,0.9254996792920067,0.9134111793793066,0.9130434782608695,0.9066265060240963,0.909823677581864,0.015068885393388494,0.011844851787831234,93,32,63,30,0.6774193548387096,0.4228187919463087,2.1,0.9678456591639871
POOLED_SOURCE_AWARE,0,29,LEARNED_UNGATED,0.93354884004884,0.8030687129106566,0.8539888332197066,0.942381562099872,0.7389558232931727,0.8283624085537422,-0.044353460766211474,-0.06961641724029055,301,59,104,197,0.34551495016611294,0.697986577181208,0.5279187817258884,0.7888531618435155
POOLED_SOURCE_AWARE,0,29,LEARNED_SELECTIVE,0.9010207092147235,0.9367928118107147,0.9167559799003466,0.906158357771261,0.9307228915662651,0.9182763744427934,0.01841368591442859,0.020297548648760655,59,25,53,6,0.8983050847457628,0.35570469798657717,8.833333333333334,0.9935691318327974
POOLED_SOURCE_AWARE,0,41,LEARNED_UNGATED,0.9297453355611249,0.8028472241219045,0.8506174896741525,0.9364461738002594,0.7248995983935743,0.8172043010752689,-0.04772480431176551,-0.0807745247187639,311,58,100,211,0.3215434083601286,0.6711409395973155,0.47393364928909953,0.7738478027867095
POOLED_SOURCE_AWARE,0,41,LEARNED_SELECTIVE,0.8986153738093883,0.936836384795464,0.9155201573878227,0.9051808406647116,0.929718875502008,0.9172857850421,0.017177863401904345,0.019306959248067246,59,23,52,7,0.8813559322033898,0.348993288590604,7.428571428571429,0.992497320471597
POOLED_SOURCE_AWARE,0,53,LEARNED_UNGATED,0.9284505743853569,0.8018622662740309,0.8503512280787453,0.9360613810741688,0.7349397590361446,0.8233970753655793,-0.04799106590717283,-0.0745817504284535,300,60,99,201,0.33,0.6644295302013423,0.4925373134328358,0.7845659163987139
POOLED_SOURCE_AWARE,0,53,LEARNED_SELECTIVE,0.9067533136376585,0.931182316404823,0.9167685891528466,0.9148296593186372,0.9166666666666666,0.9157472417251755,0.018426295166928418,0.017768415931142756,84,30,64,20,0.7619047619047619,0.42953020134228187,3.2,0.9785637727759914
POOLED_SOURCE_AWARE,0,67,LEARNED_UNGATED,0.9300131012027564,0.8056066417053629,0.8524953807382468,0.9369369369369369,0.7309236947791165,0.8212069937958263,-0.045846913247671296,-0.07677183199820647,305,58,100,205,0.32786885245901637,0.6711409395973155,0.4878048780487805,0.7802786709539121
POOLED_SOURCE_AWARE,0,67,LEARNED_SELECTIVE,0.9002873421918829,0.936052071069974,0.9160955284224593,0.9059745347698335,0.928714859437751,0.917203767972236,0.017753234436541074,0.019224942178203253,61,27,53,8,0.8688524590163934,0.35570469798657717,6.625,0.9914255091103966
POOLED_SOURCE_AWARE,1,17,LEARNED_UNGATED,0.932026878310979,0.816060280383197,0.864731615446102,0.9368575624082232,0.7876543209876543,0.8558014755197854,-0.025110348003228502,-0.023332619489234485,172,61,79,93,0.45930232558139533,0.6475409836065574,0.8494623655913979,0.8727770177838577
POOLED_SOURCE_AWARE,1,29,LEARNED_UNGATED,0.9279527676764996,0.8145222061888728,0.8610682711391515,0.9317851959361393,0.7925925925925926,0.85657104736491,-0.02877369231017903,-0.02256304764410988,164,61,75,89,0.4573170731707317,0.6147540983606558,0.8426966292134831,0.8782489740082079
POOLED_SOURCE_AWARE,1,41,LEARNED_UNGATED,0.933323950133413,0.8231410082972582,0.8695573582258942,0.9390420899854862,0.7987654320987654,0.8632421614409607,-0.020284605223436343,-0.01589193356805918,164,60,80,84,0.4878048780487805,0.6557377049180327,0.9523809523809523,0.8850889192886456
POOLED_SOURCE_AWARE,1,53,LEARNED_UNGATED,0.9290034581646425,0.8125460958794292,0.860473365673436,0.9331395348837209,0.7925925925925926,0.8571428571428571,-0.029368597775894536,-0.02199123786616275,165,61,76,89,0.46060606060606063,0.6229508196721312,0.8539325842696629,0.8782489740082079
POOLED_SOURCE_AWARE,1,67,LEARNED_UNGATED,0.9357479649203524,0.8096197590989257,0.8621452007968817,0.9409158050221565,0.7864197530864198,0.8567585743106927,-0.027696762652448827,-0.022375520698327156,176,64,82,94,0.4659090909090909,0.6721311475409836,0.8723404255319149,0.8714090287277702
POOLED_SOURCE_AWARE,2,17,LEARNED_UNGATED,0.905233134920635,0.7055353221276444,0.7771735353115921,0.923963133640553,0.5811594202898551,0.7135231316725978,-0.052239072432640206,-0.0390875993320835,529,69,286,243,0.5406427221172023,0.8125,1.176954732510288,0.7674641148325358
POOLED_SOURCE_AWARE,2,29,LEARNED_UNGATED,0.9021065512918247,0.7294466138297544,0.7918775859592765,0.9197802197802197,0.6065217391304348,0.731004366812227,-0.03753502178495591,-0.02160636419245432,487,67,279,208,0.5728952772073922,0.7926136363636364,1.3413461538461537,0.8009569377990431
POOLED_SOURCE_AWARE,2,29,LEARNED_SELECTIVE,0.8731564908338775,0.8404034456178162,0.8514237166510749,0.8298217179902755,0.7420289855072464,0.7834736036725325,0.022011108906842547,0.03086287266785115,163,33,142,21,0.8711656441717791,0.4034090909090909,6.761904761904762,0.9799043062200957
POOLED_SOURCE_AWARE,2,41,LEARNED_UNGATED,0.9059824133193699,0.7159987733227458,0.7825744257026948,0.9219457013574661,0.5905797101449275,0.7199646643109541,-0.04683818204153751,-0.03264606669372727,513,69,283,230,0.5516569200779727,0.8039772727272727,1.2304347826086957,0.7799043062200957
POOLED_SOURCE_AWARE,2,41,LEARNED_SELECTIVE,0.8664404873350288,0.8460984470863343,0.8511584359609136,0.8240445859872612,0.75,0.7852807283763278,0.021745828216681248,0.03266999737164644,141,28,131,10,0.9290780141843972,0.3721590909090909,13.1,0.9904306220095693
POOLED_SOURCE_AWARE,2,53,LEARNED_UNGATED,0.9045577807316714,0.7069940665468875,0.778111112967964,0.9215909090909091,0.5876811594202899,0.7176991150442478,-0.05130149477626826,-0.03491161596043357,517,68,283,234,0.5473887814313346,0.8039772727272727,1.2094017094017093,0.7760765550239235
POOLED_SOURCE_AWARE,2,67,LEARNED_UNGATED,0.9030723119974281,0.7197447559512368,0.7865757679203865,0.9121245828698554,0.5942028985507246,0.7196138657305836,-0.04283683982384561,-0.03299686527409773,498,69,273,225,0.5481927710843374,0.7755681818181818,1.2133333333333334,0.784688995215311
POOLED_SOURCE_AWARE,3,17,LEARNED_UNGATED,0.943563696099928,0.8348282622663429,0.8758423824237465,0.9635678391959799,0.8274002157497303,0.8903076030179918,-0.010676095368114055,0.00307356046480034,157,52,90,67,0.5732484076433121,0.7563025210084033,1.3432835820895523,0.919664268585132
POOLED_SOURCE_AWARE,3,17,LEARNED_SELECTIVE,0.926211449301727,0.8886714388313975,0.8992540939528291,0.945664739884393,0.8824163969795038,0.9129464285714286,0.012735616160968535,0.02571238601823711,88,32,72,16,0.8181818181818182,0.6050420168067226,4.5,0.9808153477218226
POOLED_SOURCE_AWARE,3,29,LEARNED_UNGATED,0.9444087548254214,0.8447757455536095,0.8822621039745251,0.9661229611041405,0.8306364617044228,0.8932714617169374,-0.004256373817335503,0.006037419163745894,156,49,92,64,0.5897435897435898,0.773109243697479,1.4375,0.9232613908872902
POOLED_SOURCE_AWARE,3,29,LEARNED_SELECTIVE,0.9260645475923255,0.8880363335781293,0.8986616238566825,0.9457274826789839,0.883495145631068,0.913552704963748,0.012143146064821968,0.02631866241055647,87,31,72,15,0.8275862068965517,0.6050420168067226,4.8,0.9820143884892086
POOLED_SOURCE_AWARE,3,41,LEARNED_UNGATED,0.9490256656923324,0.8197917109836614,0.86825730954498,0.9691516709511568,0.8133764832793959,0.884457478005865,-0.01826116824688057,-0.0027765645473264433,175,57,95,80,0.5428571428571428,0.7983193277310925,1.1875,0.9040767386091128
POOLED_SOURCE_AWARE,3,41,LEARNED_SELECTIVE,0.9241281159683938,0.8961832792250749,0.9020440632521937,0.9439359267734554,0.889967637540453,0.9161576901721266,0.01552558546033326,0.028923647618935067,79,25,70,9,0.8860759493670886,0.5882352941176471,7.777777777777778,0.9892086330935251
POOLED_SOURCE_AWARE,3,53,LEARNED_UNGATED,0.9374913666580333,0.8198639141789297,0.8634628220996798,0.9604591836734694,0.8122977346278317,0.880187025131502,-0.023055655692180696,-0.00704701742168945,169,57,88,81,0.5207100591715976,0.7394957983193278,1.0864197530864197,0.9028776978417267
POOLED_SOURCE_AWARE,3,53,LEARNED_SELECTIVE,0.9241281159683938,0.892347300389096,0.9000574022617014,0.9436781609195403,0.8856526429341963,0.9137451307735114,0.013538924469840851,0.02651108822031989,83,28,70,13,0.8433734939759037,0.5882352941176471,5.384615384615385,0.9844124700239808
POOLED_SOURCE_AWARE,3,67,LEARNED_UNGATED,0.9402143129951102,0.8174006571916789,0.865247745364976,0.960559796437659,0.81445523193096,0.8814944541739638,-0.021270732426884615,-0.0057395883792277225,167,60,88,79,0.5269461077844312,0.7394957983193278,1.1139240506329113,0.9052757793764988
POOLED_SOURCE_AWARE,3,67,LEARNED_SELECTIVE,0.9254455179291781,0.8934482963430332,0.901430272198987,0.9448275862068966,0.8867313915857605,0.9148580968280468,0.014911794407126498,0.02762405427485526,83,29,71,12,0.8554216867469879,0.5966386554621849,5.916666666666667,0.9856115107913669
POOLED_SOURCE_AWARE,4,17,LEARNED_UNGATED,0.9433327156606143,0.8781844585153409,0.9031774451573331,0.9324487334137516,0.8448087431693989,0.8864678899082569,-0.0012501979795346762,-0.003115443425076414,176,51,95,81,0.5397727272727273,0.6291390728476821,1.1728395061728396,0.905152224824356
POOLED_SOURCE_AWARE,4,17,LEARNED_SELECTIVE,0.9217758018482657,0.9404686748436748,0.9271804626619059,0.8948475289169295,0.9300546448087431,0.9121114683815649,0.0227528195250382,0.02252813504823159,54,27,51,3,0.9444444444444444,0.33774834437086093,17.0,0.9964871194379391
POOLED_SOURCE_AWARE,4,29,LEARNED_UNGATED,0.9446508486816457,0.8717116353145765,0.9004035035177663,0.9319562575941677,0.8382513661202186,0.8826237054085155,-0.0040241396191014415,-0.006959627924817746,182,53,95,87,0.521978021978022,0.6291390728476821,1.0919540229885059,0.8981264637002342
POOLED_SOURCE_AWARE,4,29,LEARNED_SELECTIVE,0.9216800644223073,0.9413855820105821,0.927421243101446,0.8950682056663168,0.9322404371584699,0.9132762312633833,0.022993599964578455,0.023692897930050028,52,26,51,1,0.9807692307692307,0.33774834437086093,51.0,0.9988290398126464
POOLED_SOURCE_AWARE,4,41,LEARNED_UNGATED,0.9425493689938277,0.862294547772489,0.8945609472481232,0.9286592865928659,0.825136612021858,0.8738425925925926,-0.009866695888744635,-0.015740740740740722,192,55,93,99,0.484375,0.6158940397350994,0.9393939393939394,0.8840749414519906
POOLED_SOURCE_AWARE,4,53,LEARNED_UNGATED,0.9477024904108239,0.8672353381912205,0.8999205514599594,0.9362745098039216,0.8349726775956284,0.8827267475447718,-0.004507091676908407,-0.00685658578856152,189,57,99,90,0.5238095238095238,0.6556291390728477,1.1,0.8946135831381733
POOLED_SOURCE_AWARE,4,53,LEARNED_SELECTIVE,0.9226608899645365,0.9413855820105821,0.9281252475111427,0.8950682056663168,0.9322404371584699,0.9132762312633833,0.023697604374275046,0.023692897930050028,52,25,51,1,0.9807692307692307,0.33774834437086093,51.0,0.9988290398126464
POOLED_SOURCE_AWARE,4,67,LEARNED_UNGATED,0.9437753384082028,0.8639318130126954,0.8956678191492737,0.9312883435582822,0.8295081967213115,0.8774566473988439,-0.008759823987593883,-0.0121266859344894,190,54,95,95,0.5,0.6291390728476821,1.0,0.8887587822014051
POOLED_SOURCE_AWARE,4,67,LEARNED_SELECTIVE,0.9230539220461651,0.9413855820105821,0.9282663836833165,0.8969505783385909,0.9322404371584699,0.9142550911039657,0.023838740546448967,0.024671757770632463,54,26,53,1,0.9814814814814815,0.3509933774834437,53.0,0.9988290398126464
POOLED_SOURCE_AGNOSTIC,0,17,LEARNED_UNGATED,0.9246728095717865,0.8076432727829147,0.8530613879949884,0.9300254452926209,0.7339357429718876,0.8204264870931538,-0.045280905990929626,-0.07755233870087896,296,58,94,202,0.31756756756756754,0.6308724832214765,0.46534653465346537,0.7834941050375134
POOLED_SOURCE_AGNOSTIC,0,17,LEARNED_SELECTIVE,0.9030455750018885,0.9314436027551118,0.9151579495044408,0.9095427435387674,0.9186746987951807,0.9140859140859141,0.01681565551852269,0.016107088291881344,76,28,58,18,0.7631578947368421,0.38926174496644295,3.2222222222222223,0.9807073954983923
POOLED_SOURCE_AGNOSTIC,0,29,LEARNED_UNGATED,0.9295154660154661,0.8215553581967905,0.8636939302335804,0.9384422110552764,0.75,0.8337053571428571,-0.0346483637523378,-0.06427346865117567,286,56,100,186,0.34965034965034963,0.6711409395973155,0.5376344086021505,0.8006430868167203
POOLED_SOURCE_AGNOSTIC,0,29,LEARNED_SELECTIVE,0.9057447074246103,0.9295462455513608,0.9155292196762931,0.911,0.9146586345381527,0.9128256513026052,0.017186925690374923,0.014846825508572414,82,29,60,22,0.7317073170731707,0.40268456375838924,2.727272727272727,0.9764201500535906
POOLED_SOURCE_AGNOSTIC,0,41,LEARNED_UNGATED,0.925996602431385,0.7904840825367678,0.8437256407347801,0.9375812743823146,0.7238955823293173,0.8169971671388102,-0.05461665325113807,-0.08098165865522255,313,64,101,212,0.3226837060702875,0.6778523489932886,0.47641509433962265,0.7727759914255091
POOLED_SOURCE_AGNOSTIC,0,41,LEARNED_SELECTIVE,0.9090183931965773,0.9240664690997171,0.9142783903262072,0.915736040609137,0.9056224899598394,0.9106511862695609,0.01593609634028906,0.01267236047552811,97,31,66,31,0.6804123711340206,0.4429530201342282,2.129032258064516,0.9667738478027867
POOLED_SOURCE_AGNOSTIC,0,53,LEARNED_UNGATED,0.9276764753764754,0.8064814140297516,0.8543482315253961,0.9365482233502538,0.7409638554216867,0.827354260089686,-0.04399406246052202,-0.07062456570434672,294,62,99,195,0.336734693877551,0.6644295302013423,0.5076923076923077,0.7909967845659164
POOLED_SOURCE_AGNOSTIC,0,53,LEARNED_SELECTIVE,0.9022550251262325,0.9255174873814259,0.9116769875845872,0.9104627766599598,0.9086345381526104,0.9095477386934674,0.01333469359866912,0.011568912899434625,88,30,60,28,0.6818181818181818,0.40268456375838924,2.142857142857143,0.969989281886388
POOLED_SOURCE_AGNOSTIC,0,67,LEARNED_UNGATED,0.9279746438746438,0.807630326630838,0.8555257968168885,0.9357682619647355,0.7459839357429718,0.8301675977653631,-0.04281649716902962,-0.06781122802866968,288,60,98,190,0.3402777777777778,0.6577181208053692,0.5157894736842106,0.7963558413719185
POOLED_SOURCE_AGNOSTIC,0,67,LEARNED_SELECTIVE,0.904201087798611,0.9271099852501389,0.9132979433061242,0.9133064516129032,0.9096385542168675,0.9114688128772636,0.014955649320206007,0.013489987083230792,90,30,63,27,0.7,0.4228187919463087,2.3333333333333335,0.9710610932475884
POOLED_SOURCE_AGNOSTIC,1,17,LEARNED_UNGATED,0.9249952480344636,0.8073504138608306,0.8565704304406145,0.9315866084425036,0.7901234567901234,0.8550434201736807,-0.03327153300871603,-0.02409067483533911,166,63,75,91,0.45180722891566266,0.6147540983606558,0.8241758241758241,0.8755129958960328
POOLED_SOURCE_AGNOSTIC,1,29,LEARNED_UNGATED,0.9278926502162861,0.8137175324675324,0.8616299336411127,0.934402332361516,0.7913580246913581,0.856951871657754,-0.02821202980821776,-0.02218222335126585,167,62,77,90,0.46107784431137727,0.6311475409836066,0.8555555555555555,0.8768809849521204
POOLED_SOURCE_AGNOSTIC,1,41,LEARNED_UNGATED,0.9307765151515154,0.8127736942841108,0.863126252712811,0.9367647058823529,0.7864197530864198,0.8550335570469799,-0.02671571073651949,-0.024100537962039925,173,63,79,94,0.45664739884393063,0.6475409836065574,0.8404255319148937,0.8714090287277702
POOLED_SOURCE_AGNOSTIC,1,53,LEARNED_UNGATED,0.9286461301044634,0.8257858846400512,0.86964520294072,0.930298719772404,0.8074074074074075,0.8645076007931263,-0.020196760508610356,-0.01462649421589357,150,62,73,77,0.4866666666666667,0.5983606557377049,0.948051948051948,0.8946648426812586
POOLED_SOURCE_AGNOSTIC,1,67,LEARNED_UNGATED,0.9319821141016793,0.8251325256533589,0.8701594586339811,0.9366906474820144,0.8037037037037037,0.8651162790697674,-0.019682504815349475,-0.014017815939252443,158,59,78,80,0.4936708860759494,0.639344262295082,0.975,0.8905608755129959
POOLED_SOURCE_AGNOSTIC,2,17,LEARNED_UNGATED,0.9020807908933554,0.7188172157392319,0.7840217392769466,0.9181818181818182,0.5855072463768116,0.7150442477876107,-0.045390868467285635,-0.03756648321707068,517,66,280,237,0.5415860735009671,0.7954545454545454,1.1814345991561181,0.7732057416267942
POOLED_SOURCE_AGNOSTIC,2,17,LEARNED_SELECTIVE,0.8648922262167165,0.8419172218359267,0.848023079123773,0.8190552441953562,0.741304347826087,0.7782426778242678,0.018610471379540732,0.02563194681958647,148,28,126,22,0.8513513513513513,0.35795454545454547,5.7272727272727275,0.9789473684210527
POOLED_SOURCE_AGNOSTIC,2,29,LEARNED_UNGATED,0.9101316063499034,0.7198693046181801,0.7909840360013747,0.9198218262806236,0.5985507246376811,0.7251975417032485,-0.038428571742857555,-0.027413189301432883,499,69,280,219,0.561122244488978,0.7954545454545454,1.278538812785388,0.7904306220095694
POOLED_SOURCE_AGNOSTIC,2,29,LEARNED_SELECTIVE,0.867499922645666,0.8437690736877785,0.8502103419069265,0.8202068416865553,0.7471014492753624,0.7819491846795601,0.020797734162694186,0.02933845367487875,140,31,126,14,0.9,0.35795454545454547,9.0,0.9866028708133971
POOLED_SOURCE_AGNOSTIC,2,41,LEARNED_UNGATED,0.9023942617982866,0.7223077031068992,0.7884432808357748,0.9165739710789766,0.5971014492753624,0.7231241772707327,-0.04096932690845742,-0.029486553733948595,498,69,277,221,0.5562248995983936,0.7869318181818182,1.253393665158371,0.7885167464114833
POOLED_SOURCE_AGNOSTIC,2,41,LEARNED_SELECTIVE,0.8691258556318162,0.84150055516926,0.8501630531451805,0.8258064516129032,0.7420289855072464,0.7816793893129771,0.02075044540094824,0.029068658308295747,157,32,136,21,0.8662420382165605,0.38636363636363635,6.476190476190476,0.9799043062200957
POOLED_SOURCE_AGNOSTIC,2,53,LEARNED_UNGATED,0.9104789480337726,0.72786249869991,0.7929546621939993,0.9268018018018018,0.5963768115942029,0.7257495590828924,-0.036457945550232886,-0.02686117192178894,509,65,287,222,0.5638506876227898,0.8153409090909091,1.2927927927927927,0.7875598086124402
POOLED_SOURCE_AGNOSTIC,2,53,LEARNED_SELECTIVE,0.8660887460088984,0.8416710937420583,0.8483921537895994,0.8252818035426731,0.7427536231884058,0.7818459191456903,0.018979546045367224,0.029235188141009005,155,32,135,20,0.8709677419354839,0.3835227272727273,6.75,0.9808612440191388
POOLED_SOURCE_AGNOSTIC,2,67,LEARNED_UNGATED,0.9038264087754541,0.7387522280359514,0.7977686237379632,0.9199561403508771,0.6079710144927536,0.7321116928446771,-0.03164398400626911,-0.0204990381600042,485,64,279,206,0.5752577319587628,0.7926136363636364,1.354368932038835,0.8028708133971292
POOLED_SOURCE_AGNOSTIC,2,67,LEARNED_SELECTIVE,0.8705218574104047,0.8383071135117943,0.8485744046615387,0.8264729620661824,0.7420289855072464,0.7819778541428026,0.019161796917306365,0.029367123138121287,158,34,137,21,0.8670886075949367,0.38920454545454547,6.523809523809524,0.9799043062200957
POOLED_SOURCE_AGNOSTIC,3,17,LEARNED_UNGATED,0.9461736063185336,0.8186810692460847,0.8673737210923306,0.9641943734015346,0.8133764832793959,0.882387361029842,-0.019144756699530013,-0.004846681523349439,171,62,91,80,0.5321637426900585,0.7647058823529411,1.1375,0.9040767386091128
POOLED_SOURCE_AGNOSTIC,3,17,LEARNED_SELECTIVE,0.9253907422310201,0.8971753427171384,0.9032198422057505,0.9450800915331807,0.8910463861920173,0.9172681843420322,0.01670136441388999,0.030034141788840674,79,24,71,8,0.8987341772151899,0.5966386554621849,8.875,0.9904076738609112
POOLED_SOURCE_AGNOSTIC,3,29,LEARNED_UNGATED,0.9561151040317708,0.8201240706890862,0.8739709278049462,0.972972972972973,0.8155339805825242,0.8873239436619719,-0.012547549986914232,8.990110878037694e-05,176,56,98,78,0.5568181818181818,0.8235294117647058,1.2564102564102564,0.9064748201438849
POOLED_SOURCE_AGNOSTIC,3,29,LEARNED_SELECTIVE,0.9253907422310201,0.8931307761725719,0.9011210767736517,0.9448275862068966,0.8867313915857605,0.9148580968280468,0.014602598981791226,0.02762405427485526,83,26,71,12,0.8554216867469879,0.5966386554621849,5.916666666666667,0.9856115107913669
POOLED_SOURCE_AGNOSTIC,3,41,LEARNED_UNGATED,0.9413429317595986,0.8428862758042325,0.8808849503518217,0.9613947696139477,0.8327939590075513,0.892485549132948,-0.005633527440038991,0.005251506579756482,150,53,88,62,0.5866666666666667,0.7394957983193278,1.4193548387096775,0.9256594724220624
POOLED_SOURCE_AGNOSTIC,3,41,LEARNED_SELECTIVE,0.9253907422310201,0.8961069666487622,0.9026642866501948,0.9450171821305842,0.889967637540453,0.9166666666666666,0.016145808858334436,0.029432624113475137,80,24,71,9,0.8875,0.5966386554621849,7.888888888888889,0.9892086330935251
POOLED_SOURCE_AGNOSTIC,3,53,LEARNED_UNGATED,0.9405550216691522,0.8234133046033202,0.86876781246294,0.963151207115629,0.8176914778856527,0.8844807467911319,-0.017750665328920636,-0.0027532957620596266,166,55,90,76,0.5421686746987951,0.7563025210084033,1.1842105263157894,0.9088729016786571
POOLED_SOURCE_AGNOSTIC,3,53,LEARNED_SELECTIVE,0.9267134935537713,0.8941228396646353,0.901900030330383,0.9459770114942528,0.8878101402373247,0.9159710628825821,0.015381552538522561,0.028737020329390628,83,26,72,11,0.8674698795180723,0.6050420168067226,6.545454545454546,0.986810551558753
POOLED_SOURCE_AGNOSTIC,3,67,LEARNED_UNGATED,0.9399159750609027,0.8266890227648741,0.8714044906332226,0.9619771863117871,0.8187702265372169,0.8846153846153846,-0.015113987158637996,-0.002618657937806912,164,51,89,75,0.5426829268292683,0.7478991596638656,1.1866666666666668,0.9100719424460432
POOLED_SOURCE_AGNOSTIC,3,67,LEARNED_SELECTIVE,0.9241281159683938,0.8951912157330114,0.9015296599600126,0.9438717067583047,0.8888888888888888,0.9155555555555556,0.01501118216815219,0.028321513002364074,80,26,70,10,0.875,0.5882352941176471,7.0,0.988009592326139
POOLED_SOURCE_AGNOSTIC,4,17,LEARNED_UNGATED,0.9468516571324543,0.8714636194415607,0.9011694649414986,0.9349693251533743,0.8327868852459016,0.8809248554913295,-0.0032581781953689884,-0.008658477842003798,190,50,98,92,0.5157894736842106,0.6490066225165563,1.065217391304348,0.892271662763466
POOLED_SOURCE_AGNOSTIC,4,17,LEARNED_SELECTIVE,0.9210667888090318,0.9413855820105821,0.9272336149728415,0.8941299790356394,0.9322404371584699,0.9127875869448903,0.02280597183597385,0.02320425361155698,51,26,50,1,0.9803921568627451,0.33112582781456956,50.0,0.9988290398126464
POOLED_SOURCE_AGNOSTIC,4,29,LEARNED_UNGATED,0.9467587800869628,0.8673961976658054,0.8987659833465229,0.9346485819975339,0.8284153005464481,0.8783314020857474,-0.005661659790344821,-0.011251931247585834,194,52,98,96,0.5051546391752577,0.6490066225165563,1.0208333333333333,0.8875878220140515
POOLED_SOURCE_AGNOSTIC,4,29,LEARNED_SELECTIVE,0.9210477474659773,0.9424327601410936,0.9277930364080694,0.8931937172774869,0.9322404371584699,0.9122994652406418,0.02336539327120178,0.02271613190730848,50,23,49,1,0.98,0.32450331125827814,49.0,0.9988290398126464
POOLED_SOURCE_AGNOSTIC,4,41,LEARNED_UNGATED,0.9467640340475307,0.8633722894752306,0.8964874890064904,0.9392059553349876,0.8273224043715847,0.8797210923881464,-0.007940154130377203,-0.00986224094518684,199,52,102,97,0.5125628140703518,0.6754966887417219,1.0515463917525774,0.8864168618266979
POOLED_SOURCE_AGNOSTIC,4,41,LEARNED_SELECTIVE,0.9200566877989308,0.9413855820105821,0.9265838423932444,0.8931937172774869,0.9322404371584699,0.9122994652406418,0.02215619925637671,0.02271613190730848,50,26,49,1,0.98,0.32450331125827814,49.0,0.9988290398126464
POOLED_SOURCE_AGNOSTIC,4,53,LEARNED_UNGATED,0.9473392064679259,0.8557371141929965,0.8927341093967421,0.9384422110552764,0.8163934426229508,0.8731735827001753,-0.011693533740125507,-0.01640975063315797,209,56,102,107,0.4880382775119617,0.6754966887417219,0.9532710280373832,0.8747072599531616
POOLED_SOURCE_AGNOSTIC,4,53,LEARNED_SELECTIVE,0.9218825399926381,0.9410198212281546,0.9276998684867979,0.8947368421052632,0.9289617486338798,0.9115281501340483,0.023272225349930113,0.021944816800715028,55,26,51,4,0.9272727272727272,0.33774834437086093,12.75,0.9953161592505855
POOLED_SOURCE_AGNOSTIC,4,67,LEARNED_UNGATED,0.9470562450473103,0.8696121144650557,0.900028348586846,0.9381953028430161,0.8295081967213115,0.8805104408352669,-0.0043992945500217,-0.00907289249806642,196,52,101,95,0.5153061224489796,0.6688741721854304,1.063157894736842,0.8887587822014051
POOLED_SOURCE_AGNOSTIC,4,67,LEARNED_SELECTIVE,0.9205990962360759,0.94250791646625,0.9274890914892799,0.8941299790356394,0.9322404371584699,0.9127875869448903,0.023061448352412108,0.02320425361155698,51,25,50,1,0.9803921568627451,0.33112582781456956,50.0,0.9988290398126464
LOMO_HOLDOUT_RNAFOLD,0,17,LEARNED_UNGATED,0.9127651248533601,0.7986908762167073,0.8449875228542076,0.9216417910447762,0.7439759036144579,0.8233333333333334,-0.057804732742822745,-0.0895174790743476,77,18,15,62,0.19480519480519481,0.4166666666666667,0.24193548387096775,0.7993527508090615
LOMO_HOLDOUT_RNAFOLD,0,17,LEARNED_SELECTIVE,0.8867580061264272,0.9217598343685299,0.9023273433163287,0.8953488372093024,0.927710843373494,0.9112426035502958,-0.0004649122807017569,-0.0016082088573851072,1,1,0,1,0.0,0.0,0.0,0.9967637540453075
LOMO_HOLDOUT_RNAFOLD,0,29,LEARNED_UNGATED,0.9126884552229381,0.7902445868425408,0.8382676112329362,0.9272030651340997,0.7289156626506024,0.8161888701517707,-0.06452464436409415,-0.0966619422559103,84,17,17,67,0.20238095238095238,0.4722222222222222,0.2537313432835821,0.7831715210355987
LOMO_HOLDOUT_RNAFOLD,0,29,LEARNED_SELECTIVE,0.8867580061264272,0.9217598343685299,0.9023273433163287,0.8953488372093024,0.927710843373494,0.9112426035502958,-0.0004649122807017569,-0.0016082088573851072,1,1,0,1,0.0,0.0,0.0,0.9967637540453075
LOMO_HOLDOUT_RNAFOLD,0,41,LEARNED_UNGATED,0.9093465608465608,0.7789300088374257,0.8295971640509662,0.9186046511627907,0.713855421686747,0.8033898305084746,-0.07319509154606431,-0.10946098189920639,87,18,15,72,0.1724137931034483,0.4166666666666667,0.20833333333333334,0.7669902912621359
LOMO_HOLDOUT_RNAFOLD,0,41,LEARNED_SELECTIVE,0.8894874287167194,0.9136039946413348,0.8995983060682983,0.9014925373134328,0.9096385542168675,0.9055472263868066,-0.0031939495287321407,-0.007303586020874331,10,4,3,7,0.3,0.08333333333333333,0.42857142857142855,0.9773462783171522
LOMO_HOLDOUT_RNAFOLD,0,53,LEARNED_UNGATED,0.9061190476190477,0.792405655327906,0.8379388800834756,0.9144981412639405,0.7409638554216867,0.8186356073211315,-0.06485337551355487,-0.09421520508654946,76,17,13,63,0.17105263157894737,0.3611111111111111,0.20634920634920634,0.7961165048543689
LOMO_HOLDOUT_RNAFOLD,0,53,LEARNED_SELECTIVE,0.8874722918407129,0.9217598343685299,0.9027036031147609,0.8979591836734694,0.927710843373494,0.9125925925925926,-8.865248226950672e-05,-0.00025821981508833414,2,1,1,1,0.5,0.027777777777777776,1.0,0.9967637540453075
LOMO_HOLDOUT_RNAFOLD,0,67,LEARNED_UNGATED,0.9080238095238096,0.7937724072460646,0.839786166444669,0.9176029962546817,0.7379518072289156,0.8180300500834724,-0.06300608915236144,-0.09482076232420855,78,17,14,64,0.1794871794871795,0.3888888888888889,0.21875,0.7928802588996764
LOMO_HOLDOUT_RNAFOLD,0,67,LEARNED_SELECTIVE,0.8880105056397963,0.9159569358178054,0.9000574861039489,0.8991097922848664,0.9126506024096386,0.905829596412556,-0.0027347694930815168,-0.007021215995124952,8,3,2,6,0.25,0.05555555555555555,0.3333333333333333,0.9805825242718447
LOMO_HOLDOUT_RNAFOLD,1,17,LEARNED_UNGATED,0.9173193418781654,0.8364361622174122,0.8707757938988591,0.91701244813278,0.8185185185185185,0.8649706457925636,-0.02938959452958645,-0.025139244317326503,35,18,13,22,0.37142857142857144,0.3939393939393939,0.5909090909090909,0.9094650205761317
LOMO_HOLDOUT_RNAFOLD,1,29,LEARNED_UNGATED,0.9313195947570948,0.8250935696248196,0.869559060077636,0.9276595744680851,0.8074074074074075,0.8633663366336634,-0.030606328350809436,-0.0267435534762267,41,19,16,25,0.3902439024390244,0.48484848484848486,0.64,0.897119341563786
LOMO_HOLDOUT_RNAFOLD,1,41,LEARNED_UNGATED,0.9311299459397286,0.831938056156806,0.8732132740257424,0.9273504273504274,0.8037037037037037,0.8611111111111112,-0.026952114402702832,-0.028998778998778896,42,18,16,26,0.38095238095238093,0.48484848484848486,0.6153846153846154,0.8930041152263375
LOMO_HOLDOUT_RNAFOLD,1,53,LEARNED_UNGATED,0.9159963878713878,0.8285567730880231,0.8668733512945911,0.9090909090909091,0.8148148148148148,0.859375,-0.033292037133854306,-0.030734890109890056,34,20,11,23,0.3235294117647059,0.3333333333333333,0.4782608695652174,0.9053497942386831
LOMO_HOLDOUT_RNAFOLD,1,67,LEARNED_UNGATED,0.9322603931779123,0.8336459836459836,0.8759728024143659,0.9279661016949152,0.8111111111111111,0.8656126482213439,-0.02419258601407948,-0.024497241888546184,40,18,16,24,0.4,0.48484848484848486,0.6666666666666666,0.9012345679012346
LOMO_HOLDOUT_RNAFOLD,2,17,LEARNED_UNGATED,0.912252906085143,0.7354089089910364,0.8002952082254211,0.8954248366013072,0.5956521739130435,0.7154046997389034,-0.06704158531005289,-0.05822167388747024,144,18,66,78,0.4583333333333333,0.673469387755102,0.8461538461538461,0.7784090909090909
LOMO_HOLDOUT_RNAFOLD,2,29,LEARNED_UNGATED,0.9119726916601918,0.7238399303096547,0.7933918484532954,0.8963210702341137,0.5826086956521739,0.7061923583662714,-0.07394494508217873,-0.06743401526010229,151,19,67,84,0.44370860927152317,0.6836734693877551,0.7976190476190477,0.7613636363636364
LOMO_HOLDOUT_RNAFOLD,2,41,LEARNED_UNGATED,0.9121007239857354,0.7321961902895291,0.7978021062495202,0.8973509933774835,0.5891304347826087,0.7112860892388452,-0.06953468728595386,-0.06234028438752848,148,18,67,81,0.4527027027027027,0.6836734693877551,0.8271604938271605,0.7698863636363636
LOMO_HOLDOUT_RNAFOLD,2,53,LEARNED_UNGATED,0.9185155731208363,0.7266741850354177,0.7954069791413193,0.9057239057239057,0.5847826086956521,0.7107001321003963,-0.07192981439415476,-0.06292624152597737,153,19,70,83,0.45751633986928103,0.7142857142857143,0.8433734939759037,0.7642045454545454
LOMO_HOLDOUT_RNAFOLD,2,67,LEARNED_UNGATED,0.914885228720368,0.7262213475222336,0.7960456493171089,0.9039735099337748,0.5934782608695652,0.7165354330708661,-0.07129114421836541,-0.05709094055550756,148,19,69,79,0.46621621621621623,0.7040816326530612,0.8734177215189873,0.7755681818181818
LOMO_HOLDOUT_RNAFOLD,3,17,LEARNED_UNGATED,0.9643584656084657,0.8546177333445136,0.8977421982606512,0.9635036496350365,0.8543689320388349,0.9056603773584906,-0.03046001213187924,-0.03378315782972541,28,14,5,23,0.17857142857142858,0.3333333333333333,0.21739130434782608,0.9198606271777003
LOMO_HOLDOUT_RNAFOLD,3,17,LEARNED_SELECTIVE,0.9527707631874298,0.9187066365007542,0.9257821258183577,0.95,0.9223300970873787,0.9359605911330049,-0.002420084574172629,-0.0034829440552111013,2,2,0,2,0.0,0.0,0.0,0.9930313588850174
LOMO_HOLDOUT_RNAFOLD,3,29,LEARNED_UNGATED,0.9652116402116402,0.861890080880019,0.9016382164380369,0.9636363636363636,0.8576051779935275,0.9075342465753424,-0.026563993954493343,-0.031909288612873565,27,14,5,22,0.18518518518518517,0.3333333333333333,0.22727272727272727,0.9233449477351916
LOMO_HOLDOUT_RNAFOLD,3,29,LEARNED_SELECTIVE,0.9527707631874298,0.9162556561085973,0.9245194995557314,0.9498327759197325,0.919093851132686,0.9342105263157895,-0.0036827108367988907,-0.005233008872426503,3,3,0,3,0.0,0.0,0.0,0.9895470383275261
LOMO_HOLDOUT_RNAFOLD,3,41,LEARNED_UNGATED,0.9648214285714286,0.8390915971140429,0.8882243661480596,0.9629629629629629,0.8414239482200647,0.8981001727115717,-0.03997784424447066,-0.041343362476644274,32,16,5,27,0.15625,0.3333333333333333,0.18518518518518517,0.9059233449477352
LOMO_HOLDOUT_RNAFOLD,3,41,LEARNED_SELECTIVE,0.9527707631874298,0.9216828269769447,0.9273253356949009,0.9501661129568106,0.9255663430420712,0.9377049180327869,-0.0008768746976294169,-0.0017386171554291119,1,1,0,1,0.0,0.0,0.0,0.9965156794425087
LOMO_HOLDOUT_RNAFOLD,3,53,LEARNED_UNGATED,0.9577310806477474,0.8422461180317219,0.8871776642283752,0.9525547445255474,0.8446601941747572,0.8953687821612349,-0.04102454616415521,-0.04407475302698105,28,14,2,26,0.07142857142857142,0.13333333333333333,0.07692307692307693,0.9094076655052264
LOMO_HOLDOUT_RNAFOLD,3,53,LEARNED_SELECTIVE,0.9527707631874298,0.9216828269769447,0.9273253356949009,0.9501661129568106,0.9255663430420712,0.9377049180327869,-0.0008768746976294169,-0.0017386171554291119,1,1,0,1,0.0,0.0,0.0,0.9965156794425087
LOMO_HOLDOUT_RNAFOLD,3,67,LEARNED_UNGATED,0.9614237614237614,0.8661475558611782,0.9018382822809063,0.9602888086642599,0.86084142394822,0.9078498293515358,-0.0263639281116239,-0.0315937058366802,25,12,4,21,0.16,0.26666666666666666,0.19047619047619047,0.926829268292683
LOMO_HOLDOUT_RNAFOLD,3,67,LEARNED_SELECTIVE,0.9527707631874298,0.9216828269769447,0.9273253356949009,0.9501661129568106,0.9255663430420712,0.9377049180327869,-0.0008768746976294169,-0.0017386171554291119,1,1,0,1,0.0,0.0,0.0,0.9965156794425087
LOMO_HOLDOUT_RNAFOLD,4,17,LEARNED_UNGATED,0.9384861300979722,0.8657118752706987,0.8946201761440911,0.9157509157509157,0.819672131147541,0.8650519031141869,-0.036097291955164756,-0.03734809688581309,47,15,15,32,0.3191489361702128,0.39473684210526316,0.46875,0.8865248226950354
LOMO_HOLDOUT_RNAFOLD,4,17,LEARNED_SELECTIVE,0.9262977678309486,0.9421867484367484,0.9310756088964878,0.886435331230284,0.921311475409836,0.9035369774919614,0.0003581407972320927,0.0011369774919613995,3,3,2,1,0.6666666666666666,0.05263157894736842,2.0,0.9964539007092199
LOMO_HOLDOUT_RNAFOLD,4,29,LEARNED_UNGATED,0.9469359746533659,0.8620107153195389,0.8966484699177407,0.9291044776119403,0.8163934426229508,0.8691099476439791,-0.034068998181514945,-0.033290052356020894,52,16,19,33,0.36538461538461536,0.5,0.5757575757575758,0.8829787234042553
LOMO_HOLDOUT_RNAFOLD,4,29,LEARNED_SELECTIVE,0.925295060179398,0.9436748436748438,0.9311902119698869,0.8840125391849529,0.9245901639344263,0.9038461538461539,0.00047274387063119444,0.0014461538461538748,1,1,1,0,1.0,0.02631578947368421,inf,1.0
LOMO_HOLDOUT_RNAFOLD,4,41,LEARNED_UNGATED,0.9408922384823416,0.8680747901336137,0.8968765455353488,0.9194139194139194,0.8229508196721311,0.8685121107266436,-0.033840922563906924,-0.0338878892733564,47,14,16,31,0.3404255319148936,0.42105263157894735,0.5161290322580645,0.8900709219858156
LOMO_HOLDOUT_RNAFOLD,4,41,LEARNED_SELECTIVE,0.925295060179398,0.9436748436748438,0.9311902119698869,0.8840125391849529,0.9245901639344263,0.9038461538461539,0.00047274387063119444,0.0014461538461538748,1,1,1,0,1.0,0.02631578947368421,inf,1.0
LOMO_HOLDOUT_RNAFOLD,4,53,LEARNED_UNGATED,0.9508567821067823,0.868019330886978,0.900878897292596,0.9360902255639098,0.8163934426229508,0.87215411558669,-0.029838570806659886,-0.030245884413309998,54,14,21,33,0.3888888888888889,0.5526315789473685,0.6363636363636364,0.8829787234042553
LOMO_HOLDOUT_RNAFOLD,4,53,LEARNED_SELECTIVE,0.9247126229034124,0.9421867484367484,0.9301917705126496,0.8836477987421384,0.921311475409836,0.9020866773675762,-0.0005256975866062922,-0.0003133226324237848,2,2,1,1,0.5,0.02631578947368421,1.0,0.9964539007092199
LOMO_HOLDOUT_RNAFOLD,4,67,LEARNED_UNGATED,0.9396826057237956,0.8766280424368659,0.9015382319326498,0.9133574007220217,0.8295081967213115,0.8694158075601375,-0.029179236166606132,-0.0329841924398625,43,13,14,29,0.32558139534883723,0.3684210526315789,0.4827586206896552,0.8971631205673759
LOMO_HOLDOUT_RNAFOLD,4,67,LEARNED_SELECTIVE,0.925295060179398,0.9398869648869649,0.9292060849857601,0.8836477987421384,0.921311475409836,0.9020866773675762,-0.0015113831134957918,-0.0003133226324237848,2,2,1,1,0.5,0.02631578947368421,1.0,0.9964539007092199
LOMO_HOLDOUT_PETFOLD,0,17,LEARNED_UNGATED,0.8954076707606119,0.8124022714994581,0.8444786758201753,0.9097472924187726,0.7590361445783133,0.8275862068965517,-0.04875469530515794,-0.07563959955506117,73,18,17,56,0.2328767123287671,0.40476190476190477,0.30357142857142855,0.8181818181818182
LOMO_HOLDOUT_PETFOLD,0,17,LEARNED_SELECTIVE,0.8779327222485118,0.9168265010351968,0.8952983814938114,0.8866279069767442,0.9186746987951807,0.9023668639053254,0.0020650103684780818,-0.0008589425462874889,6,5,3,3,0.5,0.07142857142857142,1.0,0.9902597402597403
LOMO_HOLDOUT_PETFOLD,0,29,LEARNED_UNGATED,0.9025185185185185,0.7980344659602971,0.8375082455668809,0.9176029962546817,0.7379518072289156,0.8180300500834724,-0.055725125558452396,-0.08519575636814047,83,18,20,63,0.24096385542168675,0.47619047619047616,0.31746031746031744,0.7954545454545454
LOMO_HOLDOUT_PETFOLD,0,29,LEARNED_SELECTIVE,0.8783065397353726,0.912376259489303,0.8932860334521355,0.887905604719764,0.9066265060240963,0.8971684053651267,5.266232680226413e-05,-0.006057401086486225,11,5,4,7,0.36363636363636365,0.09523809523809523,0.5714285714285714,0.9772727272727273
LOMO_HOLDOUT_PETFOLD,0,41,LEARNED_UNGATED,0.9007423687423688,0.810034465960297,0.8450023767918319,0.9157509157509157,0.7530120481927711,0.8264462809917356,-0.04823099433350138,-0.07677952545987732,77,17,19,58,0.24675324675324675,0.4523809523809524,0.3275862068965517,0.8116883116883117
LOMO_HOLDOUT_PETFOLD,0,41,LEARNED_SELECTIVE,0.8814474823422193,0.9103955831608005,0.8937350949496442,0.8952095808383234,0.9006024096385542,0.8978978978978979,0.0005017238243109689,-0.005327908553715011,16,6,7,9,0.4375,0.16666666666666666,0.7777777777777778,0.9707792207792207
LOMO_HOLDOUT_PETFOLD,0,53,LEARNED_UNGATED,0.900967032967033,0.7976770654750195,0.8376379164426008,0.9114391143911439,0.7439759036144579,0.8192371475953566,-0.0555954546827325,-0.08398865885625628,79,18,18,61,0.22784810126582278,0.42857142857142855,0.29508196721311475,0.801948051948052
LOMO_HOLDOUT_PETFOLD,0,53,LEARNED_SELECTIVE,0.8832474823422193,0.9045785896967483,0.8914644666983436,0.8942598187311178,0.891566265060241,0.8929110105580694,-0.0017689044269895505,-0.01031479589354345,19,8,7,12,0.3684210526315789,0.16666666666666666,0.5833333333333334,0.961038961038961
LOMO_HOLDOUT_PETFOLD,0,67,LEARNED_UNGATED,0.895994708994709,0.8214350261843868,0.8482674671881715,0.9097472924187726,0.7590361445783133,0.8275862068965517,-0.04496590393716181,-0.07563959955506117,73,15,17,56,0.2328767123287671,0.40476190476190477,0.30357142857142855,0.8181818181818182
LOMO_HOLDOUT_PETFOLD,0,67,LEARNED_SELECTIVE,0.8783065397353726,0.913487370600414,0.8938655103133025,0.888235294117647,0.9096385542168675,0.8988095238095238,0.0006321391879692673,-0.004416282642089042,10,5,4,6,0.4,0.09523809523809523,0.6666666666666666,0.9805194805194806
LOMO_HOLDOUT_PETFOLD,1,17,LEARNED_UNGATED,0.9119182170169012,0.8424663299663301,0.8724767904848214,0.9065040650406504,0.825925925925926,0.8643410852713178,-0.022595500896192524,-0.01887059356079901,32,17,13,19,0.40625,0.3611111111111111,0.6842105263157895,0.9214876033057852
LOMO_HOLDOUT_PETFOLD,1,17,LEARNED_SELECTIVE,0.8876750415056867,0.911866807960558,0.8974438452657258,0.8768115942028986,0.8962962962962963,0.8864468864468864,0.0023715538847117836,0.0032352076147695863,2,2,2,0,1.0,0.05555555555555555,inf,1.0
LOMO_HOLDOUT_PETFOLD,1,29,LEARNED_UNGATED,0.9224531201369438,0.8388949013949013,0.8742581054702762,0.9208333333333333,0.8185185185185185,0.8666666666666667,-0.020814185910737876,-0.016545012165450124,38,18,17,21,0.4473684210526316,0.4722222222222222,0.8095238095238095,0.9132231404958677
LOMO_HOLDOUT_PETFOLD,1,29,LEARNED_SELECTIVE,0.8876750415056867,0.911866807960558,0.8974438452657258,0.8768115942028986,0.8962962962962963,0.8864468864468864,0.0023715538847117836,0.0032352076147695863,2,2,2,0,1.0,0.05555555555555555,inf,1.0
LOMO_HOLDOUT_PETFOLD,1,41,LEARNED_UNGATED,0.9286311026936026,0.8485434704184706,0.8834441930718363,0.9214876033057852,0.825925925925926,0.87109375,-0.011628098309177612,-0.01211792883211682,36,17,17,19,0.4722222222222222,0.4722222222222222,0.8947368421052632,0.9214876033057852
LOMO_HOLDOUT_PETFOLD,1,53,LEARNED_UNGATED,0.9294291302379537,0.8341916185666185,0.8753486583509146,0.9246861924686193,0.8185185185185185,0.8683693516699411,-0.01972363303009933,-0.014842327162175706,39,19,18,21,0.46153846153846156,0.5,0.8571428571428571,0.9132231404958677
LOMO_HOLDOUT_PETFOLD,1,67,LEARNED_UNGATED,0.9171293983793983,0.8397306397306398,0.8736047121141289,0.9139344262295082,0.825925925925926,0.867704280155642,-0.021467579266884904,-0.01550739867647477,34,18,15,19,0.4411764705882353,0.4166666666666667,0.7894736842105263,0.9214876033057852
LOMO_HOLDOUT_PETFOLD,2,17,LEARNED_UNGATED,0.9146278344504889,0.7336360213848154,0.7977733682304694,0.900990099009901,0.5934782608695652,0.7155963302752294,-0.05849203994156099,-0.0483992789454073,148,21,73,75,0.49324324324324326,0.7087378640776699,0.9733333333333334,0.7844827586206896
LOMO_HOLDOUT_PETFOLD,2,17,LEARNED_SELECTIVE,0.8713456112908705,0.8511506688196979,0.856753313724366,0.7813211845102506,0.7456521739130435,0.7630700778642937,0.00048790555233574107,-0.0009255313563429901,12,5,7,5,0.5833333333333334,0.06796116504854369,1.4,0.985632183908046
LOMO_HOLDOUT_PETFOLD,2,29,LEARNED_UNGATED,0.9116958394918923,0.7450022044436269,0.8061562346667562,0.8949044585987261,0.6108695652173913,0.7260981912144703,-0.05010917350527396,-0.03789741800616642,137,20,70,67,0.5109489051094891,0.6796116504854369,1.044776119402985,0.8074712643678161
LOMO_HOLDOUT_PETFOLD,2,29,LEARNED_SELECTIVE,0.8718555480945134,0.8533257212305995,0.8581501062760234,0.7792792792792793,0.7521739130434782,0.7654867256637168,0.0018846981039931422,0.0014911164430800872,7,4,5,2,0.7142857142857143,0.04854368932038835,2.5,0.9942528735632183
LOMO_HOLDOUT_PETFOLD,2,41,LEARNED_UNGATED,0.9124890947259369,0.7404224218921462,0.8009775817680781,0.9049180327868852,0.6,0.7215686274509804,-0.05528782640395208,-0.04242698176965631,146,19,74,72,0.5068493150684932,0.7184466019417476,1.0277777777777777,0.7931034482758621
LOMO_HOLDOUT_PETFOLD,2,41,LEARNED_SELECTIVE,0.8706303170345819,0.8510589497421298,0.8562854532365654,0.7831050228310502,0.7456521739130435,0.7639198218262806,2.004506453507267e-05,-7.578739435609716e-05,13,5,8,5,0.6153846153846154,0.07766990291262135,1.6,0.985632183908046
LOMO_HOLDOUT_PETFOLD,2,53,LEARNED_UNGATED,0.9150102821155452,0.7405073602137016,0.802149400593609,0.9052287581699346,0.6021739130434782,0.7232375979112271,-0.05411600757842141,-0.04075801130940959,145,20,74,71,0.5103448275862069,0.7184466019417476,1.0422535211267605,0.7959770114942529
LOMO_HOLDOUT_PETFOLD,2,53,LEARNED_SELECTIVE,0.8718659800092766,0.8511506688196979,0.8570046963286898,0.7848970251716247,0.7456521739130435,0.7647714604236343,0.000739288156659521,0.0007758512029976128,14,5,9,5,0.6428571428571429,0.08737864077669903,1.8,0.985632183908046
LOMO_HOLDOUT_PETFOLD,2,67,LEARNED_UNGATED,0.915038567908795,0.7482822407428888,0.8087723391929496,0.8987341772151899,0.6173913043478261,0.7319587628865979,-0.047493068979080684,-0.032036846334038804,135,20,71,64,0.5259259259259259,0.6893203883495146,1.109375,0.8160919540229885
LOMO_HOLDOUT_PETFOLD,2,67,LEARNED_SELECTIVE,0.8718505377353697,0.8510589497421298,0.8569124682952854,0.7831050228310502,0.7456521739130435,0.7639198218262806,0.0006470601232550175,-7.578739435609716e-05,13,5,8,5,0.6153846153846154,0.07766990291262135,1.6,0.985632183908046
LOMO_HOLDOUT_PETFOLD,3,17,LEARNED_UNGATED,0.970477207977208,0.8477334493278766,0.8962940389042569,0.9666666666666667,0.8446601941747572,0.9015544041450777,-0.02259501634178494,-0.026550171018321023,33,13,10,23,0.30303030303030304,0.5263157894736842,0.43478260869565216,0.9190140845070423
LOMO_HOLDOUT_PETFOLD,3,17,LEARNED_SELECTIVE,0.9489197530864198,0.9037335419997959,0.9156195829777234,0.9457627118644067,0.9029126213592233,0.9238410596026491,-0.003269472268318386,-0.004263515560749664,8,4,3,5,0.375,0.15789473684210525,0.6,0.9823943661971831
LOMO_HOLDOUT_PETFOLD,3,29,LEARNED_UNGATED,0.9585327635327635,0.8599066519422557,0.8964439437780612,0.9565217391304348,0.8543689320388349,0.9025641025641026,-0.022445111467980495,-0.02554047259929615,27,12,7,20,0.25925925925925924,0.3684210526315789,0.35,0.9295774647887324
LOMO_HOLDOUT_PETFOLD,3,29,LEARNED_SELECTIVE,0.9489197530864198,0.9067097324759863,0.9171627928542666,0.9459459459459459,0.9061488673139159,0.9256198347107438,-0.001726262391775174,-0.002484740452654899,7,3,3,4,0.42857142857142855,0.15789473684210525,0.75,0.9859154929577465
LOMO_HOLDOUT_PETFOLD,3,41,LEARNED_UNGATED,0.9580306267806268,0.8432506690362729,0.8885633336947659,0.9562043795620438,0.8478964401294499,0.8987993138936535,-0.030325721551275997,-0.029305261269745198,29,15,7,22,0.2413793103448276,0.3684210526315789,0.3181818181818182,0.9225352112676056
LOMO_HOLDOUT_PETFOLD,3,41,LEARNED_SELECTIVE,0.9489197530864198,0.9037335419997959,0.9156195829777234,0.9457627118644067,0.9029126213592233,0.9238410596026491,-0.003269472268318386,-0.004263515560749664,8,4,3,5,0.375,0.15789473684210525,0.6,0.9823943661971831
LOMO_HOLDOUT_PETFOLD,3,53,LEARNED_UNGATED,0.9654024216524216,0.8446395579251617,0.8924450717811757,0.9632352941176471,0.8478964401294499,0.9018932874354562,-0.026443983464866053,-0.026211287727942567,31,15,9,22,0.2903225806451613,0.47368421052631576,0.4090909090909091,0.9225352112676056
LOMO_HOLDOUT_PETFOLD,3,67,LEARNED_UNGATED,0.9635327635327635,0.8477334493278766,0.8931374732476911,0.9630996309963099,0.8446601941747572,0.9,-0.025751581998350592,-0.028104575163398704,32,13,9,23,0.28125,0.47368421052631576,0.391304347826087,0.9190140845070423
LOMO_HOLDOUT_PETFOLD,3,67,LEARNED_SELECTIVE,0.9489197530864198,0.9067097324759863,0.9171627928542666,0.9459459459459459,0.9061488673139159,0.9256198347107438,-0.001726262391775174,-0.002484740452654899,7,3,3,4,0.42857142857142855,0.15789473684210525,0.75,0.9859154929577465
LOMO_HOLDOUT_PETFOLD,4,17,LEARNED_UNGATED,0.9364907083657084,0.8813156750656752,0.9027967571842223,0.9148936170212766,0.8459016393442623,0.879045996592845,-0.018139883556029326,-0.017285741844156655,40,13,17,23,0.425,0.4146341463414634,0.7391304347826086,0.9181494661921709
LOMO_HOLDOUT_PETFOLD,4,17,LEARNED_SELECTIVE,0.9204035547785548,0.9355579605579605,0.9246144645267709,0.8836477987421384,0.921311475409836,0.9020866773675762,0.0036778237865194435,0.005754938930574549,4,3,4,0,1.0,0.0975609756097561,inf,1.0
LOMO_HOLDOUT_PETFOLD,4,29,LEARNED_UNGATED,0.9414735425604991,0.8729934417434416,0.9009902616930342,0.9244604316546763,0.8426229508196721,0.8816466552315609,-0.01994637904721731,-0.014685083205440708,44,15,20,24,0.45454545454545453,0.4878048780487805,0.8333333333333334,0.9145907473309609
LOMO_HOLDOUT_PETFOLD,4,29,LEARNED_SELECTIVE,0.9194651163401164,0.9355579605579605,0.9240968661830857,0.8808777429467085,0.921311475409836,0.9006410256410257,0.003160225442834142,0.004309287204024015,3,2,3,0,1.0,0.07317073170731707,inf,1.0
LOMO_HOLDOUT_PETFOLD,4,41,LEARNED_UNGATED,0.9381102693602693,0.8672193547193547,0.8950567801599175,0.9233576642335767,0.8295081967213115,0.8739205526770294,-0.025879860580334018,-0.022411185759972252,48,14,20,28,0.4166666666666667,0.4878048780487805,0.7142857142857143,0.900355871886121
LOMO_HOLDOUT_PETFOLD,4,41,LEARNED_SELECTIVE,0.9204035547785548,0.9355579605579605,0.9246144645267709,0.8836477987421384,0.921311475409836,0.9020866773675762,0.0036778237865194435,0.005754938930574549,4,3,4,0,1.0,0.0975609756097561,inf,1.0
LOMO_HOLDOUT_PETFOLD,4,53,LEARNED_UNGATED,0.9385341510341512,0.8844507344507345,0.9056831358073832,0.9184397163120568,0.8491803278688524,0.8824531516183987,-0.015253504932868473,-0.01387858681860299,40,13,18,22,0.45,0.43902439024390244,0.8181818181818182,0.9217081850533808
LOMO_HOLDOUT_PETFOLD,4,53,LEARNED_SELECTIVE,0.9204035547785548,0.9355579605579605,0.9246144645267709,0.8836477987421384,0.921311475409836,0.9020866773675762,0.0036778237865194435,0.005754938930574549,4,3,4,0,1.0,0.0975609756097561,inf,1.0
LOMO_HOLDOUT_PETFOLD,4,67,LEARNED_UNGATED,0.9351724863578313,0.8918079605579606,0.9078076523763978,0.9131944444444444,0.8622950819672132,0.8870151770657673,-0.013128988363853733,-0.009316561371234378,34,11,16,18,0.47058823529411764,0.3902439024390244,0.8888888888888888,0.9359430604982206
LOMO_HOLDOUT_PETFOLD,4,67,LEARNED_SELECTIVE,0.9194651163401164,0.9355579605579605,0.9240968661830857,0.8808777429467085,0.921311475409836,0.9006410256410257,0.003160225442834142,0.004309287204024015,3,2,3,0,1.0,0.07317073170731707,inf,1.0
LOMO_HOLDOUT_TRROSETTARNA2,0,17,LEARNED_UNGATED,0.9471030491247882,0.864079998376162,0.8937445392362173,0.9446494464944649,0.7710843373493976,0.8490878938640133,-0.00525671599917354,-0.02991071531540257,116,23,56,60,0.4827586206896552,0.7887323943661971,0.9333333333333333,0.810126582278481
LOMO_HOLDOUT_TRROSETTARNA2,0,17,LEARNED_SELECTIVE,0.9268267791719805,0.9683421426541631,0.944884053323921,0.9253731343283582,0.9337349397590361,0.9295352323838081,0.04588279808853014,0.05053662320439223,52,18,46,6,0.8846153846153846,0.647887323943662,7.666666666666667,0.9810126582278481
LOMO_HOLDOUT_TRROSETTARNA2,0,29,LEARNED_UNGATED,0.9406249045072574,0.8340548776032152,0.8727547610830011,0.9320754716981132,0.7439759036144579,0.8274706867671692,-0.026246494152389842,-0.051527922412246685,122,22,53,69,0.4344262295081967,0.7464788732394366,0.7681159420289855,0.7816455696202531
LOMO_HOLDOUT_TRROSETTARNA2,0,29,LEARNED_SELECTIVE,0.9217478229831171,0.9726757601591361,0.9445808493224362,0.9152046783625731,0.9427710843373494,0.9287833827893175,0.04557959408704534,0.049784773609901634,45,18,42,3,0.9333333333333333,0.5915492957746479,14.0,0.990506329113924
LOMO_HOLDOUT_TRROSETTARNA2,0,41,LEARNED_UNGATED,0.9490817417876241,0.8392802744286121,0.8831255754921722,0.9402985074626866,0.7590361445783133,0.84,-0.01587567974321867,-0.03899860917941589,119,24,55,64,0.46218487394957986,0.7746478873239436,0.859375,0.7974683544303798
LOMO_HOLDOUT_TRROSETTARNA2,0,41,LEARNED_SELECTIVE,0.9179684153136166,0.9706950838306337,0.9413251383428437,0.9120234604105572,0.9367469879518072,0.924219910846954,0.042323883107452914,0.04522130166753813,46,18,41,5,0.8913043478260869,0.5774647887323944,8.2,0.9841772151898734
LOMO_HOLDOUT_TRROSETTARNA2,0,53,LEARNED_UNGATED,0.9330428571428573,0.8717469492144684,0.8926131657508742,0.931899641577061,0.7831325301204819,0.851063829787234,-0.006388089484516693,-0.027934779392181808,108,22,52,56,0.48148148148148145,0.7323943661971831,0.9285714285714286,0.8227848101265823
LOMO_HOLDOUT_TRROSETTARNA2,0,53,LEARNED_SELECTIVE,0.915870264273857,0.9746564364876386,0.9428220499984726,0.9051724137931034,0.9487951807228916,0.9264705882352942,0.04382079476308177,0.0474719790558783,39,17,38,1,0.9743589743589743,0.5352112676056338,38.0,0.9968354430379747
LOMO_HOLDOUT_TRROSETTARNA2,0,67,LEARNED_UNGATED,0.9371220203496418,0.8613408760605691,0.8873993342746993,0.9340659340659341,0.7680722891566265,0.8429752066115702,-0.011601920960691507,-0.03602340256784564,114,23,53,61,0.4649122807017544,0.7464788732394366,0.8688524590163934,0.8069620253164557
LOMO_HOLDOUT_TRROSETTARNA2,0,67,LEARNED_SELECTIVE,0.9192313047226963,0.9746564364876386,0.9444072931179909,0.9130434782608695,0.9487951807228916,0.930576070901034,0.045406037882599906,0.051577461721618145,42,18,41,1,0.9761904761904762,0.5774647887323944,41.0,0.9968354430379747
LOMO_HOLDOUT_TRROSETTARNA2,1,17,LEARNED_UNGATED,0.8842515432098765,0.7713180916305916,0.8163138662634714,0.8947368421052632,0.7555555555555555,0.8192771084337349,-0.05797434427506093,-0.04539775975607174,71,23,29,42,0.4084507042253521,0.5471698113207547,0.6904761904761905,0.8292682926829268
LOMO_HOLDOUT_TRROSETTARNA2,1,29,LEARNED_UNGATED,0.9249766638353595,0.7826020622895623,0.8372459246549803,0.918918918918919,0.7555555555555555,0.8292682926829268,-0.03704228588355183,-0.03540657550687987,77,23,35,42,0.45454545454545453,0.660377358490566,0.8333333333333334,0.8292682926829268
LOMO_HOLDOUT_TRROSETTARNA2,1,41,LEARNED_UNGATED,0.8776666466249798,0.7410661676286677,0.7945911598917718,0.8778280542986425,0.7185185185185186,0.790224032586558,-0.07969705064676047,-0.07445083560324861,78,23,26,52,0.3333333333333333,0.49056603773584906,0.5,0.7886178861788617
LOMO_HOLDOUT_TRROSETTARNA2,1,53,LEARNED_UNGATED,0.8697060332140977,0.7753006253006253,0.8078928868267102,0.8471074380165289,0.7592592592592593,0.80078125,-0.06639532371182184,-0.06389361818980666,57,22,16,41,0.2807017543859649,0.3018867924528302,0.3902439024390244,0.8333333333333334
LOMO_HOLDOUT_TRROSETTARNA2,1,67,LEARNED_UNGATED,0.9158003108003108,0.7715529551467052,0.8239554592615193,0.8947368421052632,0.7555555555555555,0.8192771084337349,-0.050332751277013026,-0.04539775975607174,71,22,29,42,0.4084507042253521,0.5471698113207547,0.6904761904761905,0.8292682926829268
LOMO_HOLDOUT_TRROSETTARNA2,2,17,LEARNED_UNGATED,0.7578074239244148,0.6955499464278958,0.7121741448678366,0.773371104815864,0.5934782608695652,0.6715867158671587,-0.05246147665735575,-0.05017060630857351,143,23,71,72,0.4965034965034965,0.47019867549668876,0.9861111111111112,0.7913043478260869
LOMO_HOLDOUT_TRROSETTARNA2,2,17,LEARNED_SELECTIVE,0.7443624941074406,0.8062905194281386,0.7659782808345934,0.7692307692307693,0.717391304347826,0.7424071991001124,0.001342659309400943,0.02064987692438025,67,17,52,15,0.7761194029850746,0.3443708609271523,3.466666666666667,0.9565217391304348
LOMO_HOLDOUT_TRROSETTARNA2,2,29,LEARNED_UNGATED,0.8225670839854908,0.6895456843068702,0.7383238909262886,0.8348623853211009,0.5934782608695652,0.6937738246505718,-0.026311730598903904,-0.027983497525160383,169,24,97,72,0.5739644970414202,0.6423841059602649,1.3472222222222223,0.7913043478260869
LOMO_HOLDOUT_TRROSETTARNA2,2,41,LEARNED_UNGATED,0.7857421159123105,0.6621943704267087,0.7083550443686741,0.796969696969697,0.5717391304347826,0.6658227848101266,-0.056280577156518276,-0.05593453736560561,166,24,84,82,0.5060240963855421,0.5562913907284768,1.024390243902439,0.7623188405797101
LOMO_HOLDOUT_TRROSETTARNA2,2,41,LEARNED_SELECTIVE,0.7662449696585938,0.7760345465479871,0.7644987902873028,0.7862407862407862,0.6956521739130435,0.7381776239907728,-0.00013683123788962395,0.016420301815040617,89,20,64,25,0.7191011235955056,0.423841059602649,2.56,0.927536231884058
LOMO_HOLDOUT_TRROSETTARNA2,2,53,LEARNED_UNGATED,0.773875506301977,0.7086861449072183,0.7260009608337642,0.7666666666666667,0.6,0.6731707317073171,-0.038634660691428215,-0.04858659046841507,136,22,67,69,0.49264705882352944,0.44370860927152317,0.9710144927536232,0.8
LOMO_HOLDOUT_TRROSETTARNA2,2,53,LEARNED_SELECTIVE,0.756121424379403,0.8188481443340158,0.7787240092986116,0.7613636363636364,0.7282608695652174,0.7444444444444445,0.01408838777341929,0.02268712226871228,56,16,46,10,0.8214285714285714,0.304635761589404,4.6,0.9710144927536232
LOMO_HOLDOUT_TRROSETTARNA2,2,67,LEARNED_UNGATED,0.8348140316067948,0.680120038945279,0.7400142834931999,0.8626198083067093,0.5869565217391305,0.6985769728331177,-0.024621338031992554,-0.02318034934261448,183,24,108,75,0.5901639344262295,0.7152317880794702,1.44,0.782608695652174
LOMO_HOLDOUT_TRROSETTARNA2,3,17,LEARNED_UNGATED,0.8488455234379148,0.7918425959002584,0.815318553374338,0.8763636363636363,0.7799352750809061,0.8253424657534246,0.002854385637328765,0.02473363774733639,73,23,51,22,0.6986301369863014,0.6,2.3181818181818183,0.9163498098859315
LOMO_HOLDOUT_TRROSETTARNA2,3,17,LEARNED_SELECTIVE,0.8253614893560545,0.8567717748367903,0.8386545884592662,0.8464052287581699,0.8381877022653722,0.8422764227642277,0.02619042072225694,0.041667594758139415,42,17,38,4,0.9047619047619048,0.4470588235294118,9.5,0.9847908745247148
LOMO_HOLDOUT_TRROSETTARNA2,3,29,LEARNED_UNGATED,0.8478824149090167,0.7692816303923115,0.8013852422614818,0.8801498127340824,0.7605177993527508,0.8159722222222222,-0.01107892547552757,0.015363394216133974,81,22,53,28,0.654320987654321,0.6235294117647059,1.8928571428571428,0.8935361216730038
LOMO_HOLDOUT_TRROSETTARNA2,3,29,LEARNED_SELECTIVE,0.8272117088922429,0.8502657035087376,0.8368562864619694,0.8653198653198653,0.8317152103559871,0.8481848184818482,0.02439211872496001,0.04757599047576,51,17,45,6,0.8823529411764706,0.5294117647058824,7.5,0.9771863117870723
LOMO_HOLDOUT_TRROSETTARNA2,3,41,LEARNED_UNGATED,0.8684466575091575,0.7893945863934254,0.8225811922771956,0.9233716475095786,0.7799352750809061,0.8456140350877193,0.010117024540186285,0.04500520708163103,87,23,65,22,0.7471264367816092,0.7647058823529411,2.9545454545454546,0.9163498098859315
LOMO_HOLDOUT_TRROSETTARNA2,3,41,LEARNED_SELECTIVE,0.8333394614644615,0.8655844490906411,0.8461610918230562,0.8787878787878788,0.8446601941747572,0.8613861386138614,0.033696924086047,0.06077731060777314,51,18,49,2,0.9607843137254902,0.5764705882352941,24.5,0.9923954372623575
LOMO_HOLDOUT_TRROSETTARNA2,3,53,LEARNED_UNGATED,0.8465018978605935,0.8057516881123693,0.8226296841722034,0.8808664259927798,0.7896440129449838,0.8327645051194539,0.01016551643519402,0.032155677113365644,71,24,52,19,0.7323943661971831,0.611764705882353,2.736842105263158,0.9277566539923955
LOMO_HOLDOUT_TRROSETTARNA2,3,53,LEARNED_SELECTIVE,0.8197415401720742,0.8563984596414937,0.8356827336592679,0.8486842105263158,0.8349514563106796,0.8417618270799347,0.023218565922258554,0.04115299907384651,44,18,39,5,0.8863636363636364,0.4588235294117647,7.8,0.9809885931558935
LOMO_HOLDOUT_TRROSETTARNA2,3,67,LEARNED_UNGATED,0.8613249421673336,0.7825791716310292,0.8153393703193895,0.8951310861423221,0.7734627831715211,0.8298611111111112,0.0028752025823801605,0.029252283105022925,81,22,57,24,0.7037037037037037,0.6705882352941176,2.375,0.908745247148289
LOMO_HOLDOUT_TRROSETTARNA2,3,67,LEARNED_SELECTIVE,0.829119665057165,0.8633914666345007,0.8442066089025911,0.858085808580858,0.8414239482200647,0.8496732026143791,0.03174244116558173,0.04906437460829083,45,17,42,3,0.9333333333333333,0.49411764705882355,14.0,0.9885931558935361
LOMO_HOLDOUT_TRROSETTARNA2,4,17,LEARNED_UNGATED,0.922337962962963,0.8685306591556591,0.8875826097486987,0.9264705882352942,0.8262295081967214,0.8734835355285961,0.02595378917760297,0.002226050498655985,91,21,52,39,0.5714285714285714,0.7222222222222222,1.3333333333333333,0.865979381443299
LOMO_HOLDOUT_TRROSETTARNA2,4,17,LEARNED_SELECTIVE,0.88971194867934,0.9495535714285714,0.9155522244753745,0.8844984802431611,0.9540983606557377,0.917981072555205,0.053923403904278855,0.04672358752526484,34,19,34,0,1.0,0.4722222222222222,inf,1.0
LOMO_HOLDOUT_TRROSETTARNA2,4,29,LEARNED_UNGATED,0.900037525244905,0.8665690790690791,0.8752641560792375,0.900355871886121,0.8295081967213115,0.863481228668942,0.013635335508141678,-0.007776256360998213,82,21,44,38,0.5365853658536586,0.6111111111111112,1.1578947368421053,0.8694158075601375
LOMO_HOLDOUT_TRROSETTARNA2,4,29,LEARNED_SELECTIVE,0.8775870767718593,0.9495535714285714,0.9083530630583286,0.8712574850299402,0.9540983606557377,0.9107981220657277,0.046724242487232705,0.039540637035787585,29,19,29,0,1.0,0.4027777777777778,inf,1.0
LOMO_HOLDOUT_TRROSETTARNA2,4,41,LEARNED_UNGATED,0.9064529220779222,0.865417418910066,0.8760917334475741,0.9120879120879121,0.8163934426229508,0.8615916955017301,0.014462912876478407,-0.009665789528210067,90,21,48,42,0.5333333333333333,0.6666666666666666,1.1428571428571428,0.8556701030927835
LOMO_HOLDOUT_TRROSETTARNA2,4,41,LEARNED_SELECTIVE,0.8792957717190454,0.9372111344537816,0.9036347825231275,0.8776758409785933,0.940983606557377,0.9082278481012658,0.04200596195203161,0.03697036307132562,36,20,32,4,0.8888888888888888,0.4444444444444444,8.0,0.9862542955326461
LOMO_HOLDOUT_TRROSETTARNA2,4,53,LEARNED_UNGATED,0.9065734095339358,0.8669014672691144,0.8798965018768374,0.9097472924187726,0.8262295081967214,0.865979381443299,0.018267681305741693,-0.0052781035866411585,86,22,47,39,0.5465116279069767,0.6527777777777778,1.205128205128205,0.865979381443299
LOMO_HOLDOUT_TRROSETTARNA2,4,67,LEARNED_UNGATED,0.9224326599326599,0.869142894142894,0.8854072987132618,0.929368029739777,0.819672131147541,0.8710801393728222,0.023778478142166076,-0.00017734565711791106,94,22,53,41,0.5638297872340425,0.7361111111111112,1.2926829268292683,0.8591065292096219
LOMO_HOLDOUT_TRROSETTARNA2,4,67,LEARNED_SELECTIVE,0.8909905380093998,0.9495535714285714,0.9163562703825608,0.8899082568807339,0.9540983606557377,0.9208860759493671,0.054727449811465136,0.04962859091942695,36,21,36,0,1.0,0.5,inf,1.0
