variant,mode,feature_dimension,category,delete_precision,delete_recall,delete_f1,tp,fp,fn
LOMO_HOLDOUT_PETFOLD,LEARNED_SELECTIVE,boundary,boundary,0.273972602739726,0.032520325203252036,0.05813953488372093,20,53,595
LOMO_HOLDOUT_PETFOLD,LEARNED_SELECTIVE,boundary,interior,0.76,0.16414686825053995,0.2699822380106572,76,24,387
LOMO_HOLDOUT_PETFOLD,LEARNED_SELECTIVE,pair_type,AA,1.0,1.0,1.0,5,0,0
LOMO_HOLDOUT_PETFOLD,LEARNED_SELECTIVE,pair_type,AC,1.0,1.0,1.0,15,0,0
LOMO_HOLDOUT_PETFOLD,LEARNED_SELECTIVE,pair_type,AG,1.0,1.0,1.0,10,0,0
LOMO_HOLDOUT_PETFOLD,LEARNED_SELECTIVE,pair_type,AU,0.28,0.035,0.06222222222222222,7,18,193
LOMO_HOLDOUT_PETFOLD,LEARNED_SELECTIVE,pair_type,CA,1.0,1.0,1.0,7,0,0
LOMO_HOLDOUT_PETFOLD,LEARNED_SELECTIVE,pair_type,CC,1.0,1.0,1.0,8,0,0
LOMO_HOLDOUT_PETFOLD,LEARNED_SELECTIVE,pair_type,CG,0.6,0.011538461538461539,0.022641509433962263,3,2,257
LOMO_HOLDOUT_PETFOLD,LEARNED_SELECTIVE,pair_type,CU,1.0,1.0,1.0,4,0,0
LOMO_HOLDOUT_PETFOLD,LEARNED_SELECTIVE,pair_type,GA,1.0,0.8,0.8888888888888888,4,0,1
LOMO_HOLDOUT_PETFOLD,LEARNED_SELECTIVE,pair_type,GC,0.21875,0.026217228464419477,0.046822742474916385,7,25,260
LOMO_HOLDOUT_PETFOLD,LEARNED_SELECTIVE,pair_type,GG,1.0,1.0,1.0,5,0,0
LOMO_HOLDOUT_PETFOLD,LEARNED_SELECTIVE,pair_type,GU,0.09090909090909091,0.012048192771084338,0.02127659574468085,1,10,82
LOMO_HOLDOUT_PETFOLD,LEARNED_SELECTIVE,pair_type,UA,0.0,0.0,0.0,0,8,127
LOMO_HOLDOUT_PETFOLD,LEARNED_SELECTIVE,pair_type,UG,0.48148148148148145,0.17333333333333334,0.2549019607843137,13,14,62
LOMO_HOLDOUT_PETFOLD,LEARNED_SELECTIVE,pair_type,UU,1.0,1.0,1.0,7,0,0
LOMO_HOLDOUT_PETFOLD,LEARNED_SELECTIVE,separation,long,0.7761194029850746,0.15853658536585366,0.26329113924050634,52,15,276
LOMO_HOLDOUT_PETFOLD,LEARNED_SELECTIVE,separation,medium,0.4935064935064935,0.080338266384778,0.13818181818181818,38,39,435
LOMO_HOLDOUT_PETFOLD,LEARNED_SELECTIVE,separation,short,0.20689655172413793,0.021660649819494584,0.0392156862745098,6,23,271
LOMO_HOLDOUT_PETFOLD,LEARNED_SELECTIVE,singleton,0,0.5294117647058824,0.07773512476007678,0.13556485355648534,81,72,961
LOMO_HOLDOUT_PETFOLD,LEARNED_SELECTIVE,singleton,1,0.75,0.4166666666666667,0.5357142857142857,15,5,21
LOMO_HOLDOUT_PETFOLD,LEARNED_SELECTIVE,stem_length,0,0.75,0.4166666666666667,0.5357142857142857,15,5,21
LOMO_HOLDOUT_PETFOLD,LEARNED_SELECTIVE,stem_length,10,0.8333333333333334,0.2,0.3225806451612903,5,1,20
LOMO_HOLDOUT_PETFOLD,LEARNED_SELECTIVE,stem_length,11,0.7777777777777778,0.1891891891891892,0.30434782608695654,14,4,60
LOMO_HOLDOUT_PETFOLD,LEARNED_SELECTIVE,stem_length,12,1.0,0.5,0.6666666666666666,4,0,4
LOMO_HOLDOUT_PETFOLD,LEARNED_SELECTIVE,stem_length,13,0.5,0.5,0.5,7,7,7
LOMO_HOLDOUT_PETFOLD,LEARNED_SELECTIVE,stem_length,14,1.0,1.0,1.0,5,0,0
LOMO_HOLDOUT_PETFOLD,LEARNED_SELECTIVE,stem_length,15,0.0,0.0,0.0,0,0,5
LOMO_HOLDOUT_PETFOLD,LEARNED_SELECTIVE,stem_length,17,0.0,0.0,0.0,0,0,2
LOMO_HOLDOUT_PETFOLD,LEARNED_SELECTIVE,stem_length,19,1.0,1.0,1.0,10,0,0
LOMO_HOLDOUT_PETFOLD,LEARNED_SELECTIVE,stem_length,2,1.0,0.024844720496894408,0.048484848484848485,4,0,157
LOMO_HOLDOUT_PETFOLD,LEARNED_SELECTIVE,stem_length,27,1.0,0.9333333333333333,0.9655172413793104,14,0,1
LOMO_HOLDOUT_PETFOLD,LEARNED_SELECTIVE,stem_length,3,0.4782608695652174,0.06077348066298342,0.10784313725490197,11,12,170
LOMO_HOLDOUT_PETFOLD,LEARNED_SELECTIVE,stem_length,4,0.0,0.0,0.0,0,22,121
LOMO_HOLDOUT_PETFOLD,LEARNED_SELECTIVE,stem_length,5,0.0,0.0,0.0,0,4,143
LOMO_HOLDOUT_PETFOLD,LEARNED_SELECTIVE,stem_length,6,0.2,0.008695652173913044,0.016666666666666666,1,4,114
LOMO_HOLDOUT_PETFOLD,LEARNED_SELECTIVE,stem_length,7,0.0,0.0,0.0,0,10,28
LOMO_HOLDOUT_PETFOLD,LEARNED_SELECTIVE,stem_length,8,0.3333333333333333,0.04819277108433735,0.08421052631578947,4,8,79
LOMO_HOLDOUT_PETFOLD,LEARNED_SELECTIVE,stem_length,9,1.0,0.038461538461538464,0.07407407407407407,2,0,50
LOMO_HOLDOUT_PETFOLD,LEARNED_UNGATED,boundary,boundary,0.38712871287128714,0.6357723577235772,0.48123076923076924,391,619,224
LOMO_HOLDOUT_PETFOLD,LEARNED_UNGATED,boundary,interior,0.4472049689440994,0.46652267818574517,0.45665961945031713,216,267,247
LOMO_HOLDOUT_PETFOLD,LEARNED_UNGATED,pair_type,AA,1.0,1.0,1.0,5,0,0
LOMO_HOLDOUT_PETFOLD,LEARNED_UNGATED,pair_type,AC,1.0,1.0,1.0,15,0,0
LOMO_HOLDOUT_PETFOLD,LEARNED_UNGATED,pair_type,AG,1.0,1.0,1.0,10,0,0
LOMO_HOLDOUT_PETFOLD,LEARNED_UNGATED,pair_type,AU,0.3511705685618729,0.525,0.42084168336673344,105,194,95
LOMO_HOLDOUT_PETFOLD,LEARNED_UNGATED,pair_type,CA,1.0,1.0,1.0,7,0,0
LOMO_HOLDOUT_PETFOLD,LEARNED_UNGATED,pair_type,CC,1.0,1.0,1.0,8,0,0
LOMO_HOLDOUT_PETFOLD,LEARNED_UNGATED,pair_type,CG,0.4440993788819876,0.55,0.49140893470790376,143,179,117
LOMO_HOLDOUT_PETFOLD,LEARNED_UNGATED,pair_type,CU,1.0,1.0,1.0,4,0,0
LOMO_HOLDOUT_PETFOLD,LEARNED_UNGATED,pair_type,GA,1.0,1.0,1.0,5,0,0
LOMO_HOLDOUT_PETFOLD,LEARNED_UNGATED,pair_type,GC,0.40524781341107874,0.5205992509363296,0.4557377049180328,139,204,128
LOMO_HOLDOUT_PETFOLD,LEARNED_UNGATED,pair_type,GG,1.0,1.0,1.0,5,0,0
LOMO_HOLDOUT_PETFOLD,LEARNED_UNGATED,pair_type,GU,0.3828125,0.5903614457831325,0.46445497630331756,49,79,34
LOMO_HOLDOUT_PETFOLD,LEARNED_UNGATED,pair_type,UA,0.3375,0.4251968503937008,0.37630662020905925,54,106,73
LOMO_HOLDOUT_PETFOLD,LEARNED_UNGATED,pair_type,UG,0.2914285714285714,0.68,0.408,51,124,24
LOMO_HOLDOUT_PETFOLD,LEARNED_UNGATED,pair_type,UU,1.0,1.0,1.0,7,0,0
LOMO_HOLDOUT_PETFOLD,LEARNED_UNGATED,separation,long,0.4623115577889447,0.5609756097560976,0.5068870523415978,184,214,144
LOMO_HOLDOUT_PETFOLD,LEARNED_UNGATED,separation,medium,0.40577507598784196,0.5644820295983086,0.47214854111405835,267,391,206
LOMO_HOLDOUT_PETFOLD,LEARNED_UNGATED,separation,short,0.35697940503432496,0.5631768953068592,0.4369747899159664,156,281,121
LOMO_HOLDOUT_PETFOLD,LEARNED_UNGATED,singleton,0,0.39502762430939226,0.5489443378119002,0.45943775100401607,572,876,470
LOMO_HOLDOUT_PETFOLD,LEARNED_UNGATED,singleton,1,0.7777777777777778,0.9722222222222222,0.8641975308641975,35,10,1
LOMO_HOLDOUT_PETFOLD,LEARNED_UNGATED,stem_length,0,0.7777777777777778,0.9722222222222222,0.8641975308641975,35,10,1
LOMO_HOLDOUT_PETFOLD,LEARNED_UNGATED,stem_length,10,0.3181818181818182,0.28,0.2978723404255319,7,15,18
LOMO_HOLDOUT_PETFOLD,LEARNED_UNGATED,stem_length,11,0.8378378378378378,0.8378378378378378,0.8378378378378378,62,12,12
LOMO_HOLDOUT_PETFOLD,LEARNED_UNGATED,stem_length,12,0.26666666666666666,0.5,0.34782608695652173,4,11,4
LOMO_HOLDOUT_PETFOLD,LEARNED_UNGATED,stem_length,13,0.20833333333333334,0.7142857142857143,0.3225806451612903,10,38,4
LOMO_HOLDOUT_PETFOLD,LEARNED_UNGATED,stem_length,14,0.29411764705882354,1.0,0.45454545454545453,5,12,0
LOMO_HOLDOUT_PETFOLD,LEARNED_UNGATED,stem_length,15,0.0,0.0,0.0,0,1,5
LOMO_HOLDOUT_PETFOLD,LEARNED_UNGATED,stem_length,17,0.0,0.0,0.0,0,2,2
LOMO_HOLDOUT_PETFOLD,LEARNED_UNGATED,stem_length,19,1.0,1.0,1.0,10,0,0
LOMO_HOLDOUT_PETFOLD,LEARNED_UNGATED,stem_length,2,0.581151832460733,0.6894409937888198,0.6306818181818182,111,80,50
LOMO_HOLDOUT_PETFOLD,LEARNED_UNGATED,stem_length,27,1.0,1.0,1.0,15,0,0
LOMO_HOLDOUT_PETFOLD,LEARNED_UNGATED,stem_length,3,0.48398576512455516,0.7513812154696132,0.5887445887445888,136,145,45
LOMO_HOLDOUT_PETFOLD,LEARNED_UNGATED,stem_length,4,0.2722772277227723,0.45454545454545453,0.34055727554179566,55,147,66
LOMO_HOLDOUT_PETFOLD,LEARNED_UNGATED,stem_length,5,0.42487046632124353,0.5734265734265734,0.4880952380952381,82,111,61
LOMO_HOLDOUT_PETFOLD,LEARNED_UNGATED,stem_length,6,0.15,0.20869565217391303,0.17454545454545456,24,136,91
LOMO_HOLDOUT_PETFOLD,LEARNED_UNGATED,stem_length,7,0.12612612612612611,0.5,0.2014388489208633,14,97,14
LOMO_HOLDOUT_PETFOLD,LEARNED_UNGATED,stem_length,8,0.48,0.2891566265060241,0.3609022556390977,24,26,59
LOMO_HOLDOUT_PETFOLD,LEARNED_UNGATED,stem_length,9,0.23214285714285715,0.25,0.24074074074074073,13,43,39
LOMO_HOLDOUT_RNAFOLD,LEARNED_SELECTIVE,boundary,boundary,0.3076923076923077,0.04363636363636364,0.07643312101910828,12,27,263
LOMO_HOLDOUT_RNAFOLD,LEARNED_SELECTIVE,boundary,interior,0.0,0.0,0.0,0,0,170
LOMO_HOLDOUT_RNAFOLD,LEARNED_SELECTIVE,pair_type,AU,0.32,0.064,0.10666666666666667,8,17,117
LOMO_HOLDOUT_RNAFOLD,LEARNED_SELECTIVE,pair_type,CG,0.0,0.0,0.0,0,0,75
LOMO_HOLDOUT_RNAFOLD,LEARNED_SELECTIVE,pair_type,GC,0.0,0.0,0.0,0,4,115
LOMO_HOLDOUT_RNAFOLD,LEARNED_SELECTIVE,pair_type,GU,0.2,0.02,0.03636363636363636,1,4,49
LOMO_HOLDOUT_RNAFOLD,LEARNED_SELECTIVE,pair_type,UA,0.0,0.0,0.0,0,0,45
LOMO_HOLDOUT_RNAFOLD,LEARNED_SELECTIVE,pair_type,UG,0.6,0.08571428571428572,0.15,3,2,32
LOMO_HOLDOUT_RNAFOLD,LEARNED_SELECTIVE,separation,long,0.6428571428571429,0.05806451612903226,0.10650887573964497,9,5,146
LOMO_HOLDOUT_RNAFOLD,LEARNED_SELECTIVE,separation,medium,0.0,0.0,0.0,0,14,175
LOMO_HOLDOUT_RNAFOLD,LEARNED_SELECTIVE,separation,short,0.2727272727272727,0.02608695652173913,0.047619047619047616,3,8,112
LOMO_HOLDOUT_RNAFOLD,LEARNED_SELECTIVE,singleton,0,0.3076923076923077,0.027906976744186046,0.0511727078891258,12,27,418
LOMO_HOLDOUT_RNAFOLD,LEARNED_SELECTIVE,singleton,1,0.0,0.0,0.0,0,0,15
LOMO_HOLDOUT_RNAFOLD,LEARNED_SELECTIVE,stem_length,0,0.0,0.0,0.0,0,0,15
LOMO_HOLDOUT_RNAFOLD,LEARNED_SELECTIVE,stem_length,10,0.0,0.0,0.0,0,1,20
LOMO_HOLDOUT_RNAFOLD,LEARNED_SELECTIVE,stem_length,11,0.0,0.0,0.0,0,0,5
LOMO_HOLDOUT_RNAFOLD,LEARNED_SELECTIVE,stem_length,14,1.0,1.0,1.0,0,0,0
LOMO_HOLDOUT_RNAFOLD,LEARNED_SELECTIVE,stem_length,15,0.0,0.0,0.0,0,0,5
LOMO_HOLDOUT_RNAFOLD,LEARNED_SELECTIVE,stem_length,2,1.0,0.05,0.09523809523809523,2,0,38
LOMO_HOLDOUT_RNAFOLD,LEARNED_SELECTIVE,stem_length,3,0.42105263157894735,0.1,0.16161616161616163,8,11,72
LOMO_HOLDOUT_RNAFOLD,LEARNED_SELECTIVE,stem_length,4,0.0,0.0,0.0,0,13,60
LOMO_HOLDOUT_RNAFOLD,LEARNED_SELECTIVE,stem_length,5,0.5,0.01818181818181818,0.03508771929824561,1,1,54
LOMO_HOLDOUT_RNAFOLD,LEARNED_SELECTIVE,stem_length,6,1.0,0.015384615384615385,0.030303030303030304,1,0,64
LOMO_HOLDOUT_RNAFOLD,LEARNED_SELECTIVE,stem_length,7,0.0,0.0,0.0,0,1,15
LOMO_HOLDOUT_RNAFOLD,LEARNED_SELECTIVE,stem_length,8,0.0,0.0,0.0,0,0,30
LOMO_HOLDOUT_RNAFOLD,LEARNED_SELECTIVE,stem_length,9,0.0,0.0,0.0,0,0,55
LOMO_HOLDOUT_RNAFOLD,LEARNED_UNGATED,boundary,boundary,0.21642969984202212,0.49818181818181817,0.30176211453744495,137,496,138
LOMO_HOLDOUT_RNAFOLD,LEARNED_UNGATED,boundary,interior,0.28289473684210525,0.2529411764705882,0.2670807453416149,43,109,127
LOMO_HOLDOUT_RNAFOLD,LEARNED_UNGATED,pair_type,AU,0.27125506072874495,0.536,0.3602150537634409,67,180,58
LOMO_HOLDOUT_RNAFOLD,LEARNED_UNGATED,pair_type,CG,0.21374045801526717,0.37333333333333335,0.27184466019417475,28,103,47
LOMO_HOLDOUT_RNAFOLD,LEARNED_UNGATED,pair_type,GC,0.22641509433962265,0.3130434782608696,0.26277372262773724,36,123,79
LOMO_HOLDOUT_RNAFOLD,LEARNED_UNGATED,pair_type,GU,0.4067796610169492,0.48,0.44036697247706424,24,35,26
LOMO_HOLDOUT_RNAFOLD,LEARNED_UNGATED,pair_type,UA,0.10144927536231885,0.3111111111111111,0.15300546448087432,14,124,31
LOMO_HOLDOUT_RNAFOLD,LEARNED_UNGATED,pair_type,UG,0.21568627450980393,0.3142857142857143,0.2558139534883721,11,40,24
LOMO_HOLDOUT_RNAFOLD,LEARNED_UNGATED,separation,long,0.3864734299516908,0.5161290322580645,0.4419889502762431,80,127,75
LOMO_HOLDOUT_RNAFOLD,LEARNED_UNGATED,separation,medium,0.10240963855421686,0.19428571428571428,0.1341222879684418,34,298,141
LOMO_HOLDOUT_RNAFOLD,LEARNED_UNGATED,separation,short,0.2682926829268293,0.5739130434782609,0.3656509695290859,66,180,49
LOMO_HOLDOUT_RNAFOLD,LEARNED_UNGATED,singleton,0,0.22,0.38372093023255816,0.2796610169491525,165,585,265
LOMO_HOLDOUT_RNAFOLD,LEARNED_UNGATED,singleton,1,0.42857142857142855,1.0,0.6,15,20,0
LOMO_HOLDOUT_RNAFOLD,LEARNED_UNGATED,stem_length,0,0.42857142857142855,1.0,0.6,15,20,0
LOMO_HOLDOUT_RNAFOLD,LEARNED_UNGATED,stem_length,10,0.09090909090909091,0.05,0.06451612903225806,1,10,19
LOMO_HOLDOUT_RNAFOLD,LEARNED_UNGATED,stem_length,11,0.0,0.0,0.0,0,11,5
LOMO_HOLDOUT_RNAFOLD,LEARNED_UNGATED,stem_length,14,0.0,0.0,0.0,0,4,0
LOMO_HOLDOUT_RNAFOLD,LEARNED_UNGATED,stem_length,15,0.0,0.0,0.0,0,0,5
LOMO_HOLDOUT_RNAFOLD,LEARNED_UNGATED,stem_length,2,0.29545454545454547,0.65,0.40625,26,62,14
LOMO_HOLDOUT_RNAFOLD,LEARNED_UNGATED,stem_length,3,0.30113636363636365,0.6625,0.4140625,53,123,27
LOMO_HOLDOUT_RNAFOLD,LEARNED_UNGATED,stem_length,4,0.14358974358974358,0.4666666666666667,0.2196078431372549,28,167,32
LOMO_HOLDOUT_RNAFOLD,LEARNED_UNGATED,stem_length,5,0.2625,0.38181818181818183,0.3111111111111111,21,59,34
LOMO_HOLDOUT_RNAFOLD,LEARNED_UNGATED,stem_length,6,0.12359550561797752,0.16923076923076924,0.14285714285714285,11,78,54
LOMO_HOLDOUT_RNAFOLD,LEARNED_UNGATED,stem_length,7,0.11864406779661017,0.4666666666666667,0.1891891891891892,7,52,8
LOMO_HOLDOUT_RNAFOLD,LEARNED_UNGATED,stem_length,8,0.4375,0.23333333333333334,0.30434782608695654,7,9,23
LOMO_HOLDOUT_RNAFOLD,LEARNED_UNGATED,stem_length,9,0.5238095238095238,0.2,0.2894736842105263,11,10,44
LOMO_HOLDOUT_TRROSETTARNA2,LEARNED_SELECTIVE,boundary,boundary,0.9519519519519519,0.40382165605095544,0.5670840787119857,317,16,468
LOMO_HOLDOUT_TRROSETTARNA2,LEARNED_SELECTIVE,boundary,interior,0.8428874734607219,0.5394021739130435,0.6578293289146645,397,74,339
LOMO_HOLDOUT_TRROSETTARNA2,LEARNED_SELECTIVE,pair_type,AA,1.0,0.7912087912087912,0.8834355828220859,72,0,19
LOMO_HOLDOUT_TRROSETTARNA2,LEARNED_SELECTIVE,pair_type,AC,1.0,0.625,0.7692307692307693,40,0,24
LOMO_HOLDOUT_TRROSETTARNA2,LEARNED_SELECTIVE,pair_type,AG,1.0,0.8037383177570093,0.8911917098445595,86,0,21
LOMO_HOLDOUT_TRROSETTARNA2,LEARNED_SELECTIVE,pair_type,AU,0.34210526315789475,0.22033898305084745,0.26804123711340205,13,25,46
LOMO_HOLDOUT_TRROSETTARNA2,LEARNED_SELECTIVE,pair_type,CA,1.0,0.8387096774193549,0.9122807017543859,52,0,10
LOMO_HOLDOUT_TRROSETTARNA2,LEARNED_SELECTIVE,pair_type,CC,1.0,0.5873015873015873,0.74,37,0,26
LOMO_HOLDOUT_TRROSETTARNA2,LEARNED_SELECTIVE,pair_type,CG,0.35,0.15730337078651685,0.21705426356589147,14,26,75
LOMO_HOLDOUT_TRROSETTARNA2,LEARNED_SELECTIVE,pair_type,CU,1.0,0.48148148148148145,0.65,13,0,14
LOMO_HOLDOUT_TRROSETTARNA2,LEARNED_SELECTIVE,pair_type,GA,1.0,0.6528301886792452,0.7899543378995434,173,0,92
LOMO_HOLDOUT_TRROSETTARNA2,LEARNED_SELECTIVE,pair_type,GC,0.6,0.20388349514563106,0.30434782608695654,21,14,82
LOMO_HOLDOUT_TRROSETTARNA2,LEARNED_SELECTIVE,pair_type,GG,1.0,0.5373134328358209,0.6990291262135923,36,0,31
LOMO_HOLDOUT_TRROSETTARNA2,LEARNED_SELECTIVE,pair_type,GU,0.5833333333333334,0.23728813559322035,0.3373493975903614,14,10,45
LOMO_HOLDOUT_TRROSETTARNA2,LEARNED_SELECTIVE,pair_type,UA,0.6,0.16,0.25263157894736843,12,8,63
LOMO_HOLDOUT_TRROSETTARNA2,LEARNED_SELECTIVE,pair_type,UC,1.0,0.36585365853658536,0.5357142857142857,30,0,52
LOMO_HOLDOUT_TRROSETTARNA2,LEARNED_SELECTIVE,pair_type,UG,0.72,0.09523809523809523,0.16822429906542055,18,7,171
LOMO_HOLDOUT_TRROSETTARNA2,LEARNED_SELECTIVE,pair_type,UU,1.0,0.6974789915966386,0.8217821782178217,83,0,36
LOMO_HOLDOUT_TRROSETTARNA2,LEARNED_SELECTIVE,separation,long,0.8723404255319149,0.41414141414141414,0.5616438356164384,164,24,232
LOMO_HOLDOUT_TRROSETTARNA2,LEARNED_SELECTIVE,separation,medium,0.8596491228070176,0.49,0.6242038216560509,245,40,255
LOMO_HOLDOUT_TRROSETTARNA2,LEARNED_SELECTIVE,separation,short,0.9214501510574018,0.488,0.6380753138075314,305,26,320
LOMO_HOLDOUT_TRROSETTARNA2,LEARNED_SELECTIVE,singleton,0,0.8839694656488549,0.4346846846846847,0.5827881227981883,579,76,753
LOMO_HOLDOUT_TRROSETTARNA2,LEARNED_SELECTIVE,singleton,1,0.9060402684563759,0.7142857142857143,0.7988165680473372,135,14,54
LOMO_HOLDOUT_TRROSETTARNA2,LEARNED_SELECTIVE,stem_length,0,0.9060402684563759,0.7142857142857143,0.7988165680473372,135,14,54
LOMO_HOLDOUT_TRROSETTARNA2,LEARNED_SELECTIVE,stem_length,10,0.8648648648648649,0.6530612244897959,0.7441860465116279,32,5,17
LOMO_HOLDOUT_TRROSETTARNA2,LEARNED_SELECTIVE,stem_length,11,0.6764705882352942,0.4107142857142857,0.5111111111111111,23,11,33
LOMO_HOLDOUT_TRROSETTARNA2,LEARNED_SELECTIVE,stem_length,12,1.0,0.45,0.6206896551724138,9,0,11
LOMO_HOLDOUT_TRROSETTARNA2,LEARNED_SELECTIVE,stem_length,13,0.7272727272727273,0.34782608695652173,0.47058823529411764,8,3,15
LOMO_HOLDOUT_TRROSETTARNA2,LEARNED_SELECTIVE,stem_length,14,0.9285714285714286,0.6,0.7289719626168224,39,3,26
LOMO_HOLDOUT_TRROSETTARNA2,LEARNED_SELECTIVE,stem_length,15,0.0,0.0,0.0,0,1,3
LOMO_HOLDOUT_TRROSETTARNA2,LEARNED_SELECTIVE,stem_length,16,1.0,0.5,0.6666666666666666,5,0,5
LOMO_HOLDOUT_TRROSETTARNA2,LEARNED_SELECTIVE,stem_length,19,1.0,0.375,0.5454545454545454,3,0,5
LOMO_HOLDOUT_TRROSETTARNA2,LEARNED_SELECTIVE,stem_length,2,1.0,0.44565217391304346,0.6165413533834586,41,0,51
LOMO_HOLDOUT_TRROSETTARNA2,LEARNED_SELECTIVE,stem_length,20,0.5,0.16666666666666666,0.25,2,2,10
LOMO_HOLDOUT_TRROSETTARNA2,LEARNED_SELECTIVE,stem_length,28,0.6153846153846154,0.6666666666666666,0.64,8,5,4
LOMO_HOLDOUT_TRROSETTARNA2,LEARNED_SELECTIVE,stem_length,3,0.7931034482758621,0.39655172413793105,0.5287356321839081,46,12,70
LOMO_HOLDOUT_TRROSETTARNA2,LEARNED_SELECTIVE,stem_length,4,0.9692307692307692,0.38414634146341464,0.5502183406113537,63,2,101
LOMO_HOLDOUT_TRROSETTARNA2,LEARNED_SELECTIVE,stem_length,5,0.975609756097561,0.46332046332046334,0.6282722513089005,120,3,139
LOMO_HOLDOUT_TRROSETTARNA2,LEARNED_SELECTIVE,stem_length,6,0.8941176470588236,0.48717948717948717,0.6307053941908713,76,9,80
LOMO_HOLDOUT_TRROSETTARNA2,LEARNED_SELECTIVE,stem_length,7,0.9482758620689655,0.36666666666666664,0.5288461538461539,55,3,95
LOMO_HOLDOUT_TRROSETTARNA2,LEARNED_SELECTIVE,stem_length,8,0.8157894736842105,0.3563218390804598,0.496,31,7,56
LOMO_HOLDOUT_TRROSETTARNA2,LEARNED_SELECTIVE,stem_length,9,0.6428571428571429,0.36,0.46153846153846156,18,10,32
LOMO_HOLDOUT_TRROSETTARNA2,LEARNED_UNGATED,boundary,boundary,0.5317796610169492,0.6394904458598726,0.5806824754193175,502,442,283
LOMO_HOLDOUT_TRROSETTARNA2,LEARNED_UNGATED,boundary,interior,0.5590361445783133,0.6304347826086957,0.5925925925925926,464,366,272
LOMO_HOLDOUT_TRROSETTARNA2,LEARNED_UNGATED,pair_type,AA,1.0,0.7912087912087912,0.8834355828220859,72,0,19
LOMO_HOLDOUT_TRROSETTARNA2,LEARNED_UNGATED,pair_type,AC,1.0,0.65625,0.7924528301886793,42,0,22
LOMO_HOLDOUT_TRROSETTARNA2,LEARNED_UNGATED,pair_type,AG,1.0,0.8317757009345794,0.9081632653061225,89,0,18
LOMO_HOLDOUT_TRROSETTARNA2,LEARNED_UNGATED,pair_type,AU,0.16666666666666666,0.5932203389830508,0.26022304832713755,35,175,24
LOMO_HOLDOUT_TRROSETTARNA2,LEARNED_UNGATED,pair_type,CA,1.0,0.8548387096774194,0.9217391304347826,53,0,9
LOMO_HOLDOUT_TRROSETTARNA2,LEARNED_UNGATED,pair_type,CC,1.0,0.6031746031746031,0.7524752475247525,38,0,25
LOMO_HOLDOUT_TRROSETTARNA2,LEARNED_UNGATED,pair_type,CG,0.12,0.33707865168539325,0.17699115044247787,30,220,59
LOMO_HOLDOUT_TRROSETTARNA2,LEARNED_UNGATED,pair_type,CU,1.0,0.48148148148148145,0.65,13,0,14
LOMO_HOLDOUT_TRROSETTARNA2,LEARNED_UNGATED,pair_type,GA,1.0,0.6754716981132075,0.8063063063063063,179,0,86
LOMO_HOLDOUT_TRROSETTARNA2,LEARNED_UNGATED,pair_type,GC,0.211864406779661,0.4854368932038835,0.2949852507374631,50,186,53
LOMO_HOLDOUT_TRROSETTARNA2,LEARNED_UNGATED,pair_type,GG,1.0,0.582089552238806,0.7358490566037735,39,0,28
LOMO_HOLDOUT_TRROSETTARNA2,LEARNED_UNGATED,pair_type,GU,0.5185185185185185,0.711864406779661,0.6,42,39,17
LOMO_HOLDOUT_TRROSETTARNA2,LEARNED_UNGATED,pair_type,UA,0.22641509433962265,0.48,0.3076923076923077,36,123,39
LOMO_HOLDOUT_TRROSETTARNA2,LEARNED_UNGATED,pair_type,UC,1.0,0.36585365853658536,0.5357142857142857,30,0,52
LOMO_HOLDOUT_TRROSETTARNA2,LEARNED_UNGATED,pair_type,UG,0.6632124352331606,0.6772486772486772,0.6701570680628273,128,65,61
LOMO_HOLDOUT_TRROSETTARNA2,LEARNED_UNGATED,pair_type,UU,1.0,0.7563025210084033,0.861244019138756,90,0,29
LOMO_HOLDOUT_TRROSETTARNA2,LEARNED_UNGATED,separation,long,0.5011135857461024,0.5681818181818182,0.5325443786982249,225,224,171
LOMO_HOLDOUT_TRROSETTARNA2,LEARNED_UNGATED,separation,medium,0.4398782343987823,0.578,0.4995678478824546,289,368,211
LOMO_HOLDOUT_TRROSETTARNA2,LEARNED_UNGATED,separation,short,0.6766467065868264,0.7232,0.6991492652745553,452,216,173
LOMO_HOLDOUT_TRROSETTARNA2,LEARNED_UNGATED,singleton,0,0.5067178502879078,0.5945945945945946,0.5471502590673575,792,771,540
LOMO_HOLDOUT_TRROSETTARNA2,LEARNED_UNGATED,singleton,1,0.8246445497630331,0.9206349206349206,0.87,174,37,15
LOMO_HOLDOUT_TRROSETTARNA2,LEARNED_UNGATED,stem_length,0,0.8246445497630331,0.9206349206349206,0.87,174,37,15
LOMO_HOLDOUT_TRROSETTARNA2,LEARNED_UNGATED,stem_length,10,0.4594594594594595,0.6938775510204082,0.5528455284552846,34,40,15
LOMO_HOLDOUT_TRROSETTARNA2,LEARNED_UNGATED,stem_length,11,0.5531914893617021,0.4642857142857143,0.5048543689320388,26,21,30
LOMO_HOLDOUT_TRROSETTARNA2,LEARNED_UNGATED,stem_length,12,1.0,0.55,0.7096774193548387,11,0,9
LOMO_HOLDOUT_TRROSETTARNA2,LEARNED_UNGATED,stem_length,13,0.3333333333333333,0.6086956521739131,0.4307692307692308,14,28,9
LOMO_HOLDOUT_TRROSETTARNA2,LEARNED_UNGATED,stem_length,14,0.7719298245614035,0.676923076923077,0.7213114754098361,44,13,21
LOMO_HOLDOUT_TRROSETTARNA2,LEARNED_UNGATED,stem_length,15,0.0,0.0,0.0,0,1,3
LOMO_HOLDOUT_TRROSETTARNA2,LEARNED_UNGATED,stem_length,16,0.5,0.5,0.5,5,5,5
LOMO_HOLDOUT_TRROSETTARNA2,LEARNED_UNGATED,stem_length,19,1.0,0.75,0.8571428571428571,6,0,2
LOMO_HOLDOUT_TRROSETTARNA2,LEARNED_UNGATED,stem_length,2,0.6593406593406593,0.6521739130434783,0.6557377049180327,60,31,32
LOMO_HOLDOUT_TRROSETTARNA2,LEARNED_UNGATED,stem_length,20,0.5,0.16666666666666666,0.25,2,2,10
LOMO_HOLDOUT_TRROSETTARNA2,LEARNED_UNGATED,stem_length,28,0.6153846153846154,0.6666666666666666,0.64,8,5,4
LOMO_HOLDOUT_TRROSETTARNA2,LEARNED_UNGATED,stem_length,3,0.4375,0.603448275862069,0.5072463768115942,70,90,46
LOMO_HOLDOUT_TRROSETTARNA2,LEARNED_UNGATED,stem_length,4,0.44583333333333336,0.6524390243902439,0.5297029702970297,107,133,57
LOMO_HOLDOUT_TRROSETTARNA2,LEARNED_UNGATED,stem_length,5,0.6,0.6138996138996139,0.6068702290076335,159,106,100
LOMO_HOLDOUT_TRROSETTARNA2,LEARNED_UNGATED,stem_length,6,0.42990654205607476,0.5897435897435898,0.4972972972972973,92,122,64
LOMO_HOLDOUT_TRROSETTARNA2,LEARNED_UNGATED,stem_length,7,0.5286624203821656,0.5533333333333333,0.5407166123778502,83,74,67
LOMO_HOLDOUT_TRROSETTARNA2,LEARNED_UNGATED,stem_length,8,0.4666666666666667,0.5632183908045977,0.5104166666666666,49,56,38
LOMO_HOLDOUT_TRROSETTARNA2,LEARNED_UNGATED,stem_length,9,0.3333333333333333,0.44,0.3793103448275862,22,44,28
MODEL_SPECIFIC_PETFOLD,LEARNED_SELECTIVE,boundary,boundary,0.2727272727272727,0.08540925266903915,0.13008130081300814,24,64,257
MODEL_SPECIFIC_PETFOLD,LEARNED_SELECTIVE,boundary,interior,0.6206896551724138,0.19148936170212766,0.2926829268292683,36,22,152
MODEL_SPECIFIC_PETFOLD,LEARNED_SELECTIVE,pair_type,AC,1.0,0.6923076923076923,0.8181818181818182,9,0,4
MODEL_SPECIFIC_PETFOLD,LEARNED_SELECTIVE,pair_type,AG,1.0,1.0,1.0,5,0,0
MODEL_SPECIFIC_PETFOLD,LEARNED_SELECTIVE,pair_type,AU,0.2,0.07079646017699115,0.10457516339869281,8,32,105
MODEL_SPECIFIC_PETFOLD,LEARNED_SELECTIVE,pair_type,CC,1.0,0.6,0.75,6,0,4
MODEL_SPECIFIC_PETFOLD,LEARNED_SELECTIVE,pair_type,CG,0.7142857142857143,0.06756756756756757,0.12345679012345678,5,2,69
MODEL_SPECIFIC_PETFOLD,LEARNED_SELECTIVE,pair_type,CU,1.0,0.4,0.5714285714285714,2,0,3
MODEL_SPECIFIC_PETFOLD,LEARNED_SELECTIVE,pair_type,GC,0.3333333333333333,0.10909090909090909,0.1643835616438356,12,24,98
MODEL_SPECIFIC_PETFOLD,LEARNED_SELECTIVE,pair_type,GU,0.21428571428571427,0.057692307692307696,0.09090909090909091,3,11,49
MODEL_SPECIFIC_PETFOLD,LEARNED_SELECTIVE,pair_type,UA,0.0625,0.023255813953488372,0.03389830508474576,1,15,42
MODEL_SPECIFIC_PETFOLD,LEARNED_SELECTIVE,pair_type,UG,0.7142857142857143,0.125,0.2127659574468085,5,2,35
MODEL_SPECIFIC_PETFOLD,LEARNED_SELECTIVE,pair_type,UU,1.0,1.0,1.0,4,0,0
MODEL_SPECIFIC_PETFOLD,LEARNED_SELECTIVE,separation,long,0.5581395348837209,0.1568627450980392,0.24489795918367346,24,19,129
MODEL_SPECIFIC_PETFOLD,LEARNED_SELECTIVE,separation,medium,0.33766233766233766,0.12682926829268293,0.18439716312056736,26,51,179
MODEL_SPECIFIC_PETFOLD,LEARNED_SELECTIVE,separation,short,0.38461538461538464,0.09009009009009009,0.145985401459854,10,16,101
MODEL_SPECIFIC_PETFOLD,LEARNED_SELECTIVE,singleton,0,0.3533834586466165,0.10467706013363029,0.16151202749140894,47,86,402
MODEL_SPECIFIC_PETFOLD,LEARNED_SELECTIVE,singleton,1,1.0,0.65,0.7878787878787878,13,0,7
MODEL_SPECIFIC_PETFOLD,LEARNED_SELECTIVE,stem_length,0,1.0,0.65,0.7878787878787878,13,0,7
MODEL_SPECIFIC_PETFOLD,LEARNED_SELECTIVE,stem_length,10,0.0,0.0,0.0,0,5,16
MODEL_SPECIFIC_PETFOLD,LEARNED_SELECTIVE,stem_length,11,0.6666666666666666,0.631578947368421,0.6486486486486487,12,6,7
MODEL_SPECIFIC_PETFOLD,LEARNED_SELECTIVE,stem_length,12,0.5,0.3,0.375,3,3,7
MODEL_SPECIFIC_PETFOLD,LEARNED_SELECTIVE,stem_length,14,1.0,1.0,1.0,5,0,0
MODEL_SPECIFIC_PETFOLD,LEARNED_SELECTIVE,stem_length,15,0.0,0.0,0.0,0,0,5
MODEL_SPECIFIC_PETFOLD,LEARNED_SELECTIVE,stem_length,19,0.5,0.5,0.5,4,4,4
MODEL_SPECIFIC_PETFOLD,LEARNED_SELECTIVE,stem_length,2,0.8181818181818182,0.1323529411764706,0.22784810126582278,9,2,59
MODEL_SPECIFIC_PETFOLD,LEARNED_SELECTIVE,stem_length,3,0.23529411764705882,0.13559322033898305,0.17204301075268819,8,26,51
MODEL_SPECIFIC_PETFOLD,LEARNED_SELECTIVE,stem_length,4,0.043478260869565216,0.018867924528301886,0.02631578947368421,1,22,52
MODEL_SPECIFIC_PETFOLD,LEARNED_SELECTIVE,stem_length,5,0.0,0.0,0.0,0,5,47
MODEL_SPECIFIC_PETFOLD,LEARNED_SELECTIVE,stem_length,6,0.6,0.046875,0.08695652173913043,3,2,61
MODEL_SPECIFIC_PETFOLD,LEARNED_SELECTIVE,stem_length,7,0.0,0.0,0.0,0,5,15
MODEL_SPECIFIC_PETFOLD,LEARNED_SELECTIVE,stem_length,8,0.2857142857142857,0.05,0.0851063829787234,2,5,38
MODEL_SPECIFIC_PETFOLD,LEARNED_SELECTIVE,stem_length,9,0.0,0.0,0.0,0,1,40
MODEL_SPECIFIC_PETFOLD,LEARNED_UNGATED,boundary,boundary,0.24828532235939643,0.6441281138790036,0.3584158415841584,181,548,100
MODEL_SPECIFIC_PETFOLD,LEARNED_UNGATED,boundary,interior,0.26517571884984026,0.44148936170212766,0.3313373253493014,83,230,105
MODEL_SPECIFIC_PETFOLD,LEARNED_UNGATED,pair_type,AC,1.0,0.6923076923076923,0.8181818181818182,9,0,4
MODEL_SPECIFIC_PETFOLD,LEARNED_UNGATED,pair_type,AG,1.0,1.0,1.0,5,0,0
MODEL_SPECIFIC_PETFOLD,LEARNED_UNGATED,pair_type,AU,0.2857142857142857,0.7610619469026548,0.41545893719806765,86,215,27
MODEL_SPECIFIC_PETFOLD,LEARNED_UNGATED,pair_type,CC,1.0,0.6,0.75,6,0,4
MODEL_SPECIFIC_PETFOLD,LEARNED_UNGATED,pair_type,CG,0.15865384615384615,0.44594594594594594,0.23404255319148937,33,175,41
MODEL_SPECIFIC_PETFOLD,LEARNED_UNGATED,pair_type,CU,1.0,0.4,0.5714285714285714,2,0,3
MODEL_SPECIFIC_PETFOLD,LEARNED_UNGATED,pair_type,GC,0.2300469483568075,0.44545454545454544,0.30340557275541796,49,164,61
MODEL_SPECIFIC_PETFOLD,LEARNED_UNGATED,pair_type,GU,0.4696969696969697,0.5961538461538461,0.5254237288135594,31,35,21
MODEL_SPECIFIC_PETFOLD,LEARNED_UNGATED,pair_type,UA,0.10119047619047619,0.3953488372093023,0.16113744075829384,17,151,26
MODEL_SPECIFIC_PETFOLD,LEARNED_UNGATED,pair_type,UG,0.36666666666666664,0.55,0.44,22,38,18
MODEL_SPECIFIC_PETFOLD,LEARNED_UNGATED,pair_type,UU,1.0,1.0,1.0,4,0,0
MODEL_SPECIFIC_PETFOLD,LEARNED_UNGATED,separation,long,0.35877862595419846,0.6143790849673203,0.4530120481927711,94,168,59
MODEL_SPECIFIC_PETFOLD,LEARNED_UNGATED,separation,medium,0.2182952182952183,0.5121951219512195,0.30612244897959184,105,376,100
MODEL_SPECIFIC_PETFOLD,LEARNED_UNGATED,separation,short,0.21739130434782608,0.5855855855855856,0.3170731707317073,65,234,46
MODEL_SPECIFIC_PETFOLD,LEARNED_UNGATED,singleton,0,0.23949169110459434,0.5456570155902004,0.3328804347826087,245,778,204
MODEL_SPECIFIC_PETFOLD,LEARNED_UNGATED,singleton,1,1.0,0.95,0.9743589743589743,19,0,1
MODEL_SPECIFIC_PETFOLD,LEARNED_UNGATED,stem_length,0,1.0,0.95,0.9743589743589743,19,0,1
MODEL_SPECIFIC_PETFOLD,LEARNED_UNGATED,stem_length,10,0.0,0.0,0.0,0,20,16
MODEL_SPECIFIC_PETFOLD,LEARNED_UNGATED,stem_length,11,0.46153846153846156,0.631578947368421,0.5333333333333333,12,14,7
MODEL_SPECIFIC_PETFOLD,LEARNED_UNGATED,stem_length,12,0.1111111111111111,0.3,0.16216216216216217,3,24,7
MODEL_SPECIFIC_PETFOLD,LEARNED_UNGATED,stem_length,14,0.8333333333333334,1.0,0.9090909090909091,5,1,0
MODEL_SPECIFIC_PETFOLD,LEARNED_UNGATED,stem_length,15,0.0,0.0,0.0,0,9,5
MODEL_SPECIFIC_PETFOLD,LEARNED_UNGATED,stem_length,19,0.5,0.5,0.5,4,4,4
MODEL_SPECIFIC_PETFOLD,LEARNED_UNGATED,stem_length,2,0.46788990825688076,0.75,0.576271186440678,51,58,17
MODEL_SPECIFIC_PETFOLD,LEARNED_UNGATED,stem_length,3,0.25555555555555554,0.7796610169491526,0.38493723849372385,46,134,13
MODEL_SPECIFIC_PETFOLD,LEARNED_UNGATED,stem_length,4,0.12014134275618374,0.6415094339622641,0.20238095238095238,34,249,19
MODEL_SPECIFIC_PETFOLD,LEARNED_UNGATED,stem_length,5,0.21875,0.5957446808510638,0.32,28,100,19
MODEL_SPECIFIC_PETFOLD,LEARNED_UNGATED,stem_length,6,0.22727272727272727,0.3125,0.2631578947368421,20,68,44
MODEL_SPECIFIC_PETFOLD,LEARNED_UNGATED,stem_length,7,0.12222222222222222,0.7333333333333333,0.20952380952380953,11,79,4
MODEL_SPECIFIC_PETFOLD,LEARNED_UNGATED,stem_length,8,0.631578947368421,0.3,0.4067796610169492,12,7,28
MODEL_SPECIFIC_PETFOLD,LEARNED_UNGATED,stem_length,9,0.6333333333333333,0.475,0.5428571428571428,19,11,21
MODEL_SPECIFIC_RNAFOLD,LEARNED_SELECTIVE,boundary,boundary,0.34545454545454546,0.036328871892925434,0.0657439446366782,19,36,504
MODEL_SPECIFIC_RNAFOLD,LEARNED_SELECTIVE,boundary,interior,0.625,0.02881844380403458,0.05509641873278237,10,6,337
MODEL_SPECIFIC_RNAFOLD,LEARNED_SELECTIVE,pair_type,AU,0.3076923076923077,0.0425531914893617,0.07476635514018691,8,18,180
MODEL_SPECIFIC_RNAFOLD,LEARNED_SELECTIVE,pair_type,CG,0.7142857142857143,0.023696682464454975,0.045871559633027525,5,2,206
MODEL_SPECIFIC_RNAFOLD,LEARNED_SELECTIVE,pair_type,GC,0.3684210526315789,0.030303030303030304,0.056,7,12,224
MODEL_SPECIFIC_RNAFOLD,LEARNED_SELECTIVE,pair_type,GU,0.6153846153846154,0.1095890410958904,0.18604651162790697,8,5,65
MODEL_SPECIFIC_RNAFOLD,LEARNED_SELECTIVE,pair_type,UA,0.0,0.0,0.0,0,2,105
MODEL_SPECIFIC_RNAFOLD,LEARNED_SELECTIVE,pair_type,UG,0.25,0.016129032258064516,0.030303030303030304,1,3,61
MODEL_SPECIFIC_RNAFOLD,LEARNED_SELECTIVE,separation,long,0.6875,0.040740740740740744,0.07692307692307693,11,5,259
MODEL_SPECIFIC_RNAFOLD,LEARNED_SELECTIVE,separation,medium,0.4,0.037940379403794036,0.06930693069306931,14,21,355
MODEL_SPECIFIC_RNAFOLD,LEARNED_SELECTIVE,separation,short,0.2,0.017316017316017316,0.03187250996015936,4,16,227
MODEL_SPECIFIC_RNAFOLD,LEARNED_SELECTIVE,singleton,0,0.3442622950819672,0.024822695035460994,0.04630650496141125,21,40,825
MODEL_SPECIFIC_RNAFOLD,LEARNED_SELECTIVE,singleton,1,0.8,0.3333333333333333,0.47058823529411764,8,2,16
MODEL_SPECIFIC_RNAFOLD,LEARNED_SELECTIVE,stem_length,0,0.8,0.3333333333333333,0.47058823529411764,8,2,16
MODEL_SPECIFIC_RNAFOLD,LEARNED_SELECTIVE,stem_length,10,0.0,0.0,0.0,0,2,20
MODEL_SPECIFIC_RNAFOLD,LEARNED_SELECTIVE,stem_length,11,0.5,0.02040816326530612,0.0392156862745098,1,1,48
MODEL_SPECIFIC_RNAFOLD,LEARNED_SELECTIVE,stem_length,13,0.0,0.0,0.0,0,0,1
MODEL_SPECIFIC_RNAFOLD,LEARNED_SELECTIVE,stem_length,14,1.0,1.0,1.0,0,0,0
MODEL_SPECIFIC_RNAFOLD,LEARNED_SELECTIVE,stem_length,15,0.0,0.0,0.0,0,0,5
MODEL_SPECIFIC_RNAFOLD,LEARNED_SELECTIVE,stem_length,17,0.0,0.0,0.0,0,0,1
MODEL_SPECIFIC_RNAFOLD,LEARNED_SELECTIVE,stem_length,2,1.0,0.02631578947368421,0.05128205128205128,3,0,111
MODEL_SPECIFIC_RNAFOLD,LEARNED_SELECTIVE,stem_length,3,0.30434782608695654,0.041666666666666664,0.07329842931937172,7,16,161
MODEL_SPECIFIC_RNAFOLD,LEARNED_SELECTIVE,stem_length,4,0.0,0.0,0.0,0,10,106
MODEL_SPECIFIC_RNAFOLD,LEARNED_SELECTIVE,stem_length,5,0.6666666666666666,0.032,0.061068702290076333,4,2,121
MODEL_SPECIFIC_RNAFOLD,LEARNED_SELECTIVE,stem_length,6,0.6666666666666666,0.05454545454545454,0.10084033613445378,6,3,104
MODEL_SPECIFIC_RNAFOLD,LEARNED_SELECTIVE,stem_length,7,0.0,0.0,0.0,0,6,25
MODEL_SPECIFIC_RNAFOLD,LEARNED_SELECTIVE,stem_length,8,0.0,0.0,0.0,0,0,67
MODEL_SPECIFIC_RNAFOLD,LEARNED_SELECTIVE,stem_length,9,0.0,0.0,0.0,0,0,55
MODEL_SPECIFIC_RNAFOLD,LEARNED_UNGATED,boundary,boundary,0.2994011976047904,0.7648183556405354,0.4303388918773534,400,936,123
MODEL_SPECIFIC_RNAFOLD,LEARNED_UNGATED,boundary,interior,0.2696817420435511,0.46397694524495675,0.3411016949152542,161,436,186
MODEL_SPECIFIC_RNAFOLD,LEARNED_UNGATED,pair_type,AU,0.3370044052863436,0.8138297872340425,0.4766355140186916,153,301,35
MODEL_SPECIFIC_RNAFOLD,LEARNED_UNGATED,pair_type,CG,0.24949290060851928,0.5829383886255924,0.3494318181818182,123,370,88
MODEL_SPECIFIC_RNAFOLD,LEARNED_UNGATED,pair_type,GC,0.3081896551724138,0.6190476190476191,0.4115107913669065,143,321,88
MODEL_SPECIFIC_RNAFOLD,LEARNED_UNGATED,pair_type,GU,0.36231884057971014,0.684931506849315,0.47393364928909953,50,88,23
MODEL_SPECIFIC_RNAFOLD,LEARNED_UNGATED,pair_type,UA,0.23893805309734514,0.5142857142857142,0.32628398791540786,54,172,51
MODEL_SPECIFIC_RNAFOLD,LEARNED_UNGATED,pair_type,UG,0.24050632911392406,0.6129032258064516,0.34545454545454546,38,120,24
MODEL_SPECIFIC_RNAFOLD,LEARNED_UNGATED,separation,long,0.3360323886639676,0.6148148148148148,0.43455497382198954,166,328,104
MODEL_SPECIFIC_RNAFOLD,LEARNED_UNGATED,separation,medium,0.2651869158878505,0.6151761517615176,0.3706122448979592,227,629,142
MODEL_SPECIFIC_RNAFOLD,LEARNED_UNGATED,separation,short,0.2881646655231561,0.7272727272727273,0.41277641277641275,168,415,63
MODEL_SPECIFIC_RNAFOLD,LEARNED_UNGATED,singleton,0,0.2870762711864407,0.640661938534279,0.39648866130212146,542,1346,304
MODEL_SPECIFIC_RNAFOLD,LEARNED_UNGATED,singleton,1,0.4222222222222222,0.7916666666666666,0.5507246376811594,19,26,5
MODEL_SPECIFIC_RNAFOLD,LEARNED_UNGATED,stem_length,0,0.4222222222222222,0.7916666666666666,0.5507246376811594,19,26,5
MODEL_SPECIFIC_RNAFOLD,LEARNED_UNGATED,stem_length,10,0.04,0.05,0.044444444444444446,1,24,19
MODEL_SPECIFIC_RNAFOLD,LEARNED_UNGATED,stem_length,11,0.5633802816901409,0.8163265306122449,0.6666666666666666,40,31,9
MODEL_SPECIFIC_RNAFOLD,LEARNED_UNGATED,stem_length,13,0.0,0.0,0.0,0,2,1
MODEL_SPECIFIC_RNAFOLD,LEARNED_UNGATED,stem_length,14,0.0,0.0,0.0,0,10,0
MODEL_SPECIFIC_RNAFOLD,LEARNED_UNGATED,stem_length,15,0.0,0.0,0.0,0,12,5
MODEL_SPECIFIC_RNAFOLD,LEARNED_UNGATED,stem_length,17,0.0,0.0,0.0,0,2,1
MODEL_SPECIFIC_RNAFOLD,LEARNED_UNGATED,stem_length,2,0.44660194174757284,0.8070175438596491,0.575,92,114,22
MODEL_SPECIFIC_RNAFOLD,LEARNED_UNGATED,stem_length,3,0.39204545454545453,0.8214285714285714,0.5307692307692308,138,214,30
MODEL_SPECIFIC_RNAFOLD,LEARNED_UNGATED,stem_length,4,0.19137466307277629,0.6698113207547169,0.2976939203354298,71,300,35
MODEL_SPECIFIC_RNAFOLD,LEARNED_UNGATED,stem_length,5,0.32196969696969696,0.68,0.4370179948586118,85,179,40
MODEL_SPECIFIC_RNAFOLD,LEARNED_UNGATED,stem_length,6,0.16981132075471697,0.4090909090909091,0.24,45,220,65
MODEL_SPECIFIC_RNAFOLD,LEARNED_UNGATED,stem_length,7,0.13218390804597702,0.92,0.23115577889447236,23,151,2
MODEL_SPECIFIC_RNAFOLD,LEARNED_UNGATED,stem_length,8,0.4117647058823529,0.31343283582089554,0.3559322033898305,21,30,46
MODEL_SPECIFIC_RNAFOLD,LEARNED_UNGATED,stem_length,9,0.3132530120481928,0.4727272727272727,0.37681159420289856,26,57,29
MODEL_SPECIFIC_TRROSETTARNA2,LEARNED_SELECTIVE,boundary,boundary,0.958974358974359,0.6938775510204082,0.8051668460710442,374,16,165
MODEL_SPECIFIC_TRROSETTARNA2,LEARNED_SELECTIVE,boundary,interior,0.9436274509803921,0.7954545454545454,0.8632286995515696,385,23,99
MODEL_SPECIFIC_TRROSETTARNA2,LEARNED_SELECTIVE,pair_type,AA,1.0,1.0,1.0,59,0,0
MODEL_SPECIFIC_TRROSETTARNA2,LEARNED_SELECTIVE,pair_type,AC,1.0,1.0,1.0,55,0,0
MODEL_SPECIFIC_TRROSETTARNA2,LEARNED_SELECTIVE,pair_type,AG,1.0,1.0,1.0,66,0,0
MODEL_SPECIFIC_TRROSETTARNA2,LEARNED_SELECTIVE,pair_type,AU,0.0,0.0,0.0,0,8,45
MODEL_SPECIFIC_TRROSETTARNA2,LEARNED_SELECTIVE,pair_type,CA,1.0,0.9807692307692307,0.9902912621359223,51,0,1
MODEL_SPECIFIC_TRROSETTARNA2,LEARNED_SELECTIVE,pair_type,CC,1.0,1.0,1.0,26,0,0
MODEL_SPECIFIC_TRROSETTARNA2,LEARNED_SELECTIVE,pair_type,CG,0.9166666666666666,0.19642857142857142,0.3235294117647059,11,1,45
MODEL_SPECIFIC_TRROSETTARNA2,LEARNED_SELECTIVE,pair_type,CU,1.0,1.0,1.0,18,0,0
MODEL_SPECIFIC_TRROSETTARNA2,LEARNED_SELECTIVE,pair_type,GA,1.0,1.0,1.0,180,0,0
MODEL_SPECIFIC_TRROSETTARNA2,LEARNED_SELECTIVE,pair_type,GC,0.6666666666666666,0.19230769230769232,0.29850746268656714,10,5,42
MODEL_SPECIFIC_TRROSETTARNA2,LEARNED_SELECTIVE,pair_type,GG,1.0,1.0,1.0,33,0,0
MODEL_SPECIFIC_TRROSETTARNA2,LEARNED_SELECTIVE,pair_type,GU,0.3888888888888889,0.2692307692307692,0.3181818181818182,7,11,19
MODEL_SPECIFIC_TRROSETTARNA2,LEARNED_SELECTIVE,pair_type,UA,0.7333333333333333,0.2037037037037037,0.3188405797101449,11,4,43
MODEL_SPECIFIC_TRROSETTARNA2,LEARNED_SELECTIVE,pair_type,UC,1.0,0.9782608695652174,0.989010989010989,45,0,1
MODEL_SPECIFIC_TRROSETTARNA2,LEARNED_SELECTIVE,pair_type,UG,0.8924731182795699,0.564625850340136,0.6916666666666667,83,10,64
MODEL_SPECIFIC_TRROSETTARNA2,LEARNED_SELECTIVE,pair_type,UU,1.0,0.9629629629629629,0.9811320754716981,104,0,4
MODEL_SPECIFIC_TRROSETTARNA2,LEARNED_SELECTIVE,separation,long,0.9552238805970149,0.5614035087719298,0.7071823204419889,128,6,100
MODEL_SPECIFIC_TRROSETTARNA2,LEARNED_SELECTIVE,separation,medium,0.9305555555555556,0.7701149425287356,0.8427672955974843,268,20,80
MODEL_SPECIFIC_TRROSETTARNA2,LEARNED_SELECTIVE,separation,short,0.9654255319148937,0.8120805369127517,0.8821385176184691,363,13,84
MODEL_SPECIFIC_TRROSETTARNA2,LEARNED_SELECTIVE,singleton,0,0.9546783625730995,0.7370203160270881,0.8318471337579618,653,31,233
MODEL_SPECIFIC_TRROSETTARNA2,LEARNED_SELECTIVE,singleton,1,0.9298245614035088,0.7737226277372263,0.8446215139442231,106,8,31
MODEL_SPECIFIC_TRROSETTARNA2,LEARNED_SELECTIVE,stem_length,0,0.9298245614035088,0.7737226277372263,0.8446215139442231,106,8,31
MODEL_SPECIFIC_TRROSETTARNA2,LEARNED_SELECTIVE,stem_length,10,0.8846153846153846,1.0,0.9387755102040817,23,3,0
MODEL_SPECIFIC_TRROSETTARNA2,LEARNED_SELECTIVE,stem_length,11,1.0,1.0,1.0,25,0,0
MODEL_SPECIFIC_TRROSETTARNA2,LEARNED_SELECTIVE,stem_length,12,1.0,0.9354838709677419,0.9666666666666667,29,0,2
MODEL_SPECIFIC_TRROSETTARNA2,LEARNED_SELECTIVE,stem_length,13,1.0,1.0,1.0,11,0,0
MODEL_SPECIFIC_TRROSETTARNA2,LEARNED_SELECTIVE,stem_length,14,1.0,0.9215686274509803,0.9591836734693877,47,0,4
MODEL_SPECIFIC_TRROSETTARNA2,LEARNED_SELECTIVE,stem_length,16,1.0,0.5,0.6666666666666666,5,0,5
MODEL_SPECIFIC_TRROSETTARNA2,LEARNED_SELECTIVE,stem_length,17,0.0,0.0,0.0,0,0,1
MODEL_SPECIFIC_TRROSETTARNA2,LEARNED_SELECTIVE,stem_length,19,1.0,1.0,1.0,10,0,0
MODEL_SPECIFIC_TRROSETTARNA2,LEARNED_SELECTIVE,stem_length,2,1.0,0.6,0.75,33,0,22
MODEL_SPECIFIC_TRROSETTARNA2,LEARNED_SELECTIVE,stem_length,20,1.0,0.7333333333333333,0.8461538461538461,11,0,4
MODEL_SPECIFIC_TRROSETTARNA2,LEARNED_SELECTIVE,stem_length,3,1.0,0.7849462365591398,0.8795180722891566,73,0,20
MODEL_SPECIFIC_TRROSETTARNA2,LEARNED_SELECTIVE,stem_length,4,0.9,0.6702127659574468,0.7682926829268293,63,7,31
MODEL_SPECIFIC_TRROSETTARNA2,LEARNED_SELECTIVE,stem_length,5,0.9545454545454546,0.7730061349693251,0.8542372881355932,126,6,37
MODEL_SPECIFIC_TRROSETTARNA2,LEARNED_SELECTIVE,stem_length,6,1.0,0.6703296703296703,0.8026315789473685,61,0,30
MODEL_SPECIFIC_TRROSETTARNA2,LEARNED_SELECTIVE,stem_length,7,0.9705882352941176,0.7096774193548387,0.8198757763975155,66,2,27
MODEL_SPECIFIC_TRROSETTARNA2,LEARNED_SELECTIVE,stem_length,8,0.8448275862068966,0.6533333333333333,0.7368421052631579,49,9,26
MODEL_SPECIFIC_TRROSETTARNA2,LEARNED_SELECTIVE,stem_length,9,0.84,0.4666666666666667,0.6,21,4,24
MODEL_SPECIFIC_TRROSETTARNA2,LEARNED_UNGATED,boundary,boundary,0.7272727272727273,0.8014842300556586,0.7625772285966461,432,162,107
MODEL_SPECIFIC_TRROSETTARNA2,LEARNED_UNGATED,boundary,interior,0.8492063492063492,0.8842975206611571,0.8663967611336032,428,76,56
MODEL_SPECIFIC_TRROSETTARNA2,LEARNED_UNGATED,pair_type,AA,1.0,1.0,1.0,59,0,0
MODEL_SPECIFIC_TRROSETTARNA2,LEARNED_UNGATED,pair_type,AC,1.0,1.0,1.0,55,0,0
MODEL_SPECIFIC_TRROSETTARNA2,LEARNED_UNGATED,pair_type,AG,1.0,1.0,1.0,66,0,0
MODEL_SPECIFIC_TRROSETTARNA2,LEARNED_UNGATED,pair_type,AU,0.17307692307692307,0.2,0.18556701030927836,9,43,36
MODEL_SPECIFIC_TRROSETTARNA2,LEARNED_UNGATED,pair_type,CA,1.0,1.0,1.0,52,0,0
MODEL_SPECIFIC_TRROSETTARNA2,LEARNED_UNGATED,pair_type,CC,1.0,1.0,1.0,26,0,0
MODEL_SPECIFIC_TRROSETTARNA2,LEARNED_UNGATED,pair_type,CG,0.2698412698412698,0.30357142857142855,0.2857142857142857,17,46,39
MODEL_SPECIFIC_TRROSETTARNA2,LEARNED_UNGATED,pair_type,CU,1.0,1.0,1.0,18,0,0
MODEL_SPECIFIC_TRROSETTARNA2,LEARNED_UNGATED,pair_type,GA,1.0,1.0,1.0,180,0,0
MODEL_SPECIFIC_TRROSETTARNA2,LEARNED_UNGATED,pair_type,GC,0.3880597014925373,0.5,0.4369747899159664,26,41,26
MODEL_SPECIFIC_TRROSETTARNA2,LEARNED_UNGATED,pair_type,GG,1.0,1.0,1.0,33,0,0
MODEL_SPECIFIC_TRROSETTARNA2,LEARNED_UNGATED,pair_type,GU,0.23684210526315788,0.34615384615384615,0.28125,9,29,17
MODEL_SPECIFIC_TRROSETTARNA2,LEARNED_UNGATED,pair_type,UA,0.38235294117647056,0.48148148148148145,0.4262295081967213,26,42,28
MODEL_SPECIFIC_TRROSETTARNA2,LEARNED_UNGATED,pair_type,UC,1.0,1.0,1.0,46,0,0
MODEL_SPECIFIC_TRROSETTARNA2,LEARNED_UNGATED,pair_type,UG,0.7784431137724551,0.8843537414965986,0.8280254777070064,130,37,17
MODEL_SPECIFIC_TRROSETTARNA2,LEARNED_UNGATED,pair_type,UU,1.0,1.0,1.0,108,0,0
MODEL_SPECIFIC_TRROSETTARNA2,LEARNED_UNGATED,separation,long,0.7058823529411765,0.631578947368421,0.6666666666666666,144,60,84
MODEL_SPECIFIC_TRROSETTARNA2,LEARNED_UNGATED,separation,medium,0.7185185185185186,0.8362068965517241,0.7729083665338645,291,114,57
MODEL_SPECIFIC_TRROSETTARNA2,LEARNED_UNGATED,separation,short,0.869120654396728,0.9507829977628636,0.9081196581196581,425,64,22
MODEL_SPECIFIC_TRROSETTARNA2,LEARNED_UNGATED,singleton,0,0.7806451612903226,0.8194130925507901,0.7995594713656388,726,204,160
MODEL_SPECIFIC_TRROSETTARNA2,LEARNED_UNGATED,singleton,1,0.7976190476190477,0.9781021897810219,0.8786885245901639,134,34,3
MODEL_SPECIFIC_TRROSETTARNA2,LEARNED_UNGATED,stem_length,0,0.7976190476190477,0.9781021897810219,0.8786885245901639,134,34,3
MODEL_SPECIFIC_TRROSETTARNA2,LEARNED_UNGATED,stem_length,10,0.6052631578947368,1.0,0.7540983606557377,23,15,0
MODEL_SPECIFIC_TRROSETTARNA2,LEARNED_UNGATED,stem_length,11,0.9615384615384616,1.0,0.9803921568627451,25,1,0
MODEL_SPECIFIC_TRROSETTARNA2,LEARNED_UNGATED,stem_length,12,0.96875,1.0,0.9841269841269841,31,1,0
MODEL_SPECIFIC_TRROSETTARNA2,LEARNED_UNGATED,stem_length,13,0.8461538461538461,1.0,0.9166666666666666,11,2,0
MODEL_SPECIFIC_TRROSETTARNA2,LEARNED_UNGATED,stem_length,14,0.9272727272727272,1.0,0.9622641509433962,51,4,0
MODEL_SPECIFIC_TRROSETTARNA2,LEARNED_UNGATED,stem_length,16,1.0,0.5,0.6666666666666666,5,0,5
MODEL_SPECIFIC_TRROSETTARNA2,LEARNED_UNGATED,stem_length,17,0.0,0.0,0.0,0,0,1
MODEL_SPECIFIC_TRROSETTARNA2,LEARNED_UNGATED,stem_length,19,0.9090909090909091,1.0,0.9523809523809523,10,1,0
MODEL_SPECIFIC_TRROSETTARNA2,LEARNED_UNGATED,stem_length,2,0.8367346938775511,0.7454545454545455,0.7884615384615384,41,8,14
MODEL_SPECIFIC_TRROSETTARNA2,LEARNED_UNGATED,stem_length,20,1.0,1.0,1.0,15,0,0
MODEL_SPECIFIC_TRROSETTARNA2,LEARNED_UNGATED,stem_length,3,0.7232142857142857,0.8709677419354839,0.7902439024390244,81,31,12
MODEL_SPECIFIC_TRROSETTARNA2,LEARNED_UNGATED,stem_length,4,0.5964912280701754,0.723404255319149,0.6538461538461539,68,46,26
MODEL_SPECIFIC_TRROSETTARNA2,LEARNED_UNGATED,stem_length,5,0.815028901734104,0.8650306748466258,0.8392857142857143,141,32,22
MODEL_SPECIFIC_TRROSETTARNA2,LEARNED_UNGATED,stem_length,6,0.8026315789473685,0.6703296703296703,0.7305389221556886,61,15,30
MODEL_SPECIFIC_TRROSETTARNA2,LEARNED_UNGATED,stem_length,7,0.8125,0.8387096774193549,0.8253968253968254,78,18,15
MODEL_SPECIFIC_TRROSETTARNA2,LEARNED_UNGATED,stem_length,8,0.7848101265822784,0.8266666666666667,0.8051948051948052,62,17,13
MODEL_SPECIFIC_TRROSETTARNA2,LEARNED_UNGATED,stem_length,9,0.6388888888888888,0.5111111111111111,0.5679012345679012,23,13,22
POOLED_SOURCE_AGNOSTIC,LEARNED_SELECTIVE,boundary,boundary,0.8,0.3404255319148936,0.47761194029850745,720,180,1395
POOLED_SOURCE_AGNOSTIC,LEARNED_SELECTIVE,boundary,interior,0.8929695697796433,0.48908045977011494,0.6320089119940586,851,102,889
POOLED_SOURCE_AGNOSTIC,LEARNED_SELECTIVE,pair_type,AA,1.0,1.0,1.0,125,0,0
POOLED_SOURCE_AGNOSTIC,LEARNED_SELECTIVE,pair_type,AC,1.0,1.0,1.0,90,0,0
POOLED_SOURCE_AGNOSTIC,LEARNED_SELECTIVE,pair_type,AG,1.0,1.0,1.0,150,0,0
POOLED_SOURCE_AGNOSTIC,LEARNED_SELECTIVE,pair_type,AU,0.3769230769230769,0.10888888888888888,0.16896551724137931,49,81,401
POOLED_SOURCE_AGNOSTIC,LEARNED_SELECTIVE,pair_type,CA,1.0,1.0,1.0,80,0,0
POOLED_SOURCE_AGNOSTIC,LEARNED_SELECTIVE,pair_type,CC,1.0,0.9894736842105263,0.9947089947089947,94,0,1
POOLED_SOURCE_AGNOSTIC,LEARNED_SELECTIVE,pair_type,CG,0.6231884057971014,0.07166666666666667,0.12855007473841554,43,26,557
POOLED_SOURCE_AGNOSTIC,LEARNED_SELECTIVE,pair_type,CU,1.0,1.0,1.0,40,0,0
POOLED_SOURCE_AGNOSTIC,LEARNED_SELECTIVE,pair_type,GA,1.0,0.991044776119403,0.9955022488755623,332,0,3
POOLED_SOURCE_AGNOSTIC,LEARNED_SELECTIVE,pair_type,GC,0.4411764705882353,0.06923076923076923,0.1196808510638298,45,57,605
POOLED_SOURCE_AGNOSTIC,LEARNED_SELECTIVE,pair_type,GG,1.0,1.0,1.0,95,0,0
POOLED_SOURCE_AGNOSTIC,LEARNED_SELECTIVE,pair_type,GU,0.5176470588235295,0.19130434782608696,0.27936507936507937,44,41,186
POOLED_SOURCE_AGNOSTIC,LEARNED_SELECTIVE,pair_type,UA,0.35294117647058826,0.055384615384615386,0.09574468085106383,18,33,307
POOLED_SOURCE_AGNOSTIC,LEARNED_SELECTIVE,pair_type,UC,1.0,1.0,1.0,95,0,0
POOLED_SOURCE_AGNOSTIC,LEARNED_SELECTIVE,pair_type,UG,0.7569060773480663,0.38591549295774646,0.5111940298507462,137,44,218
POOLED_SOURCE_AGNOSTIC,LEARNED_SELECTIVE,pair_type,UU,1.0,0.9571428571428572,0.9781021897810219,134,0,6
POOLED_SOURCE_AGNOSTIC,LEARNED_SELECTIVE,separation,long,0.8710359408033826,0.3662222222222222,0.5156445556946183,412,61,713
POOLED_SOURCE_AGNOSTIC,LEARNED_SELECTIVE,separation,medium,0.8176718092566619,0.39795221843003414,0.5353535353535354,583,130,882
POOLED_SOURCE_AGNOSTIC,LEARNED_SELECTIVE,separation,short,0.863568215892054,0.4553359683794466,0.5962732919254659,576,91,689
POOLED_SOURCE_AGNOSTIC,LEARNED_SELECTIVE,singleton,0,0.8429546865301055,0.3803921568627451,0.5242231229492376,1358,253,2212
POOLED_SOURCE_AGNOSTIC,LEARNED_SELECTIVE,singleton,1,0.8801652892561983,0.7473684210526316,0.8083491461100569,213,29,72
POOLED_SOURCE_AGNOSTIC,LEARNED_SELECTIVE,stem_length,0,0.8801652892561983,0.7473684210526316,0.8083491461100569,213,29,72
POOLED_SOURCE_AGNOSTIC,LEARNED_SELECTIVE,stem_length,10,0.8974358974358975,0.6363636363636364,0.7446808510638298,70,8,40
POOLED_SOURCE_AGNOSTIC,LEARNED_SELECTIVE,stem_length,11,0.8907563025210085,0.4818181818181818,0.6253687315634219,106,13,114
POOLED_SOURCE_AGNOSTIC,LEARNED_SELECTIVE,stem_length,12,1.0,0.5428571428571428,0.7037037037037037,19,0,16
POOLED_SOURCE_AGNOSTIC,LEARNED_SELECTIVE,stem_length,13,0.7142857142857143,0.625,0.6666666666666666,25,10,15
POOLED_SOURCE_AGNOSTIC,LEARNED_SELECTIVE,stem_length,14,1.0,0.9285714285714286,0.9629629629629629,65,0,5
POOLED_SOURCE_AGNOSTIC,LEARNED_SELECTIVE,stem_length,15,1.0,0.3333333333333333,0.5,5,0,10
POOLED_SOURCE_AGNOSTIC,LEARNED_SELECTIVE,stem_length,16,1.0,0.5,0.6666666666666666,5,0,5
POOLED_SOURCE_AGNOSTIC,LEARNED_SELECTIVE,stem_length,19,1.0,0.85,0.918918918918919,17,0,3
POOLED_SOURCE_AGNOSTIC,LEARNED_SELECTIVE,stem_length,2,1.0,0.235,0.3805668016194332,94,0,306
POOLED_SOURCE_AGNOSTIC,LEARNED_SELECTIVE,stem_length,20,1.0,0.6666666666666666,0.8,10,0,5
POOLED_SOURCE_AGNOSTIC,LEARNED_SELECTIVE,stem_length,27,1.0,1.0,1.0,15,0,0
POOLED_SOURCE_AGNOSTIC,LEARNED_SELECTIVE,stem_length,28,1.0,1.0,1.0,20,0,0
POOLED_SOURCE_AGNOSTIC,LEARNED_SELECTIVE,stem_length,3,0.6772486772486772,0.25098039215686274,0.36623748211731044,128,61,382
POOLED_SOURCE_AGNOSTIC,LEARNED_SELECTIVE,stem_length,4,0.7254901960784313,0.34418604651162793,0.4668769716088328,148,56,282
POOLED_SOURCE_AGNOSTIC,LEARNED_SELECTIVE,stem_length,5,0.9665271966527197,0.4088495575221239,0.5746268656716418,231,8,334
POOLED_SOURCE_AGNOSTIC,LEARNED_SELECTIVE,stem_length,6,0.7888888888888889,0.3380952380952381,0.47333333333333333,142,38,278
POOLED_SOURCE_AGNOSTIC,LEARNED_SELECTIVE,stem_length,7,0.8111111111111111,0.6083333333333333,0.6952380952380952,146,34,94
POOLED_SOURCE_AGNOSTIC,LEARNED_SELECTIVE,stem_length,8,0.7701149425287356,0.2528301886792453,0.3806818181818182,67,20,198
POOLED_SOURCE_AGNOSTIC,LEARNED_SELECTIVE,stem_length,9,0.9,0.2647058823529412,0.4090909090909091,45,5,125
POOLED_SOURCE_AGNOSTIC,LEARNED_UNGATED,boundary,boundary,0.4618846694796062,0.7763593380614657,0.5791887125220458,1642,1913,473
POOLED_SOURCE_AGNOSTIC,LEARNED_UNGATED,boundary,interior,0.5389755011135857,0.6954022988505747,0.6072772898368883,1210,1035,530
POOLED_SOURCE_AGNOSTIC,LEARNED_UNGATED,pair_type,AA,1.0,1.0,1.0,125,0,0
POOLED_SOURCE_AGNOSTIC,LEARNED_UNGATED,pair_type,AC,1.0,1.0,1.0,90,0,0
POOLED_SOURCE_AGNOSTIC,LEARNED_UNGATED,pair_type,AG,1.0,1.0,1.0,150,0,0
POOLED_SOURCE_AGNOSTIC,LEARNED_UNGATED,pair_type,AU,0.31693989071038253,0.6444444444444445,0.4249084249084249,290,625,160
POOLED_SOURCE_AGNOSTIC,LEARNED_UNGATED,pair_type,CA,1.0,1.0,1.0,80,0,0
POOLED_SOURCE_AGNOSTIC,LEARNED_UNGATED,pair_type,CC,1.0,1.0,1.0,95,0,0
POOLED_SOURCE_AGNOSTIC,LEARNED_UNGATED,pair_type,CG,0.358739837398374,0.5883333333333334,0.4457070707070707,353,631,247
POOLED_SOURCE_AGNOSTIC,LEARNED_UNGATED,pair_type,CU,1.0,1.0,1.0,40,0,0
POOLED_SOURCE_AGNOSTIC,LEARNED_UNGATED,pair_type,GA,1.0,1.0,1.0,335,0,0
POOLED_SOURCE_AGNOSTIC,LEARNED_UNGATED,pair_type,GC,0.332703213610586,0.5415384615384615,0.41217798594847777,352,706,298
POOLED_SOURCE_AGNOSTIC,LEARNED_UNGATED,pair_type,GG,1.0,1.0,1.0,95,0,0
POOLED_SOURCE_AGNOSTIC,LEARNED_UNGATED,pair_type,GU,0.4630681818181818,0.7086956521739131,0.5601374570446735,163,189,67
POOLED_SOURCE_AGNOSTIC,LEARNED_UNGATED,pair_type,UA,0.2739273927392739,0.5107692307692308,0.35660580021482274,166,440,159
POOLED_SOURCE_AGNOSTIC,LEARNED_UNGATED,pair_type,UC,1.0,1.0,1.0,95,0,0
POOLED_SOURCE_AGNOSTIC,LEARNED_UNGATED,pair_type,UG,0.44305772230889234,0.8,0.570281124497992,284,357,71
POOLED_SOURCE_AGNOSTIC,LEARNED_UNGATED,pair_type,UU,1.0,0.9928571428571429,0.996415770609319,139,0,1
POOLED_SOURCE_AGNOSTIC,LEARNED_UNGATED,separation,long,0.5173102529960053,0.6906666666666667,0.5915492957746479,777,725,348
POOLED_SOURCE_AGNOSTIC,LEARNED_UNGATED,separation,medium,0.43513058129738835,0.7051194539249147,0.5381609794217244,1033,1341,432
POOLED_SOURCE_AGNOSTIC,LEARNED_UNGATED,separation,short,0.5415800415800416,0.8237154150197629,0.6534963938538727,1042,882,223
POOLED_SOURCE_AGNOSTIC,LEARNED_UNGATED,singleton,0,0.4734904270986745,0.7204481792717087,0.5714285714285714,2572,2860,998
POOLED_SOURCE_AGNOSTIC,LEARNED_UNGATED,singleton,1,0.7608695652173914,0.9824561403508771,0.8575803981623277,280,88,5
POOLED_SOURCE_AGNOSTIC,LEARNED_UNGATED,stem_length,0,0.7608695652173914,0.9824561403508771,0.8575803981623277,280,88,5
POOLED_SOURCE_AGNOSTIC,LEARNED_UNGATED,stem_length,10,0.549618320610687,0.6545454545454545,0.5975103734439834,72,59,38
POOLED_SOURCE_AGNOSTIC,LEARNED_UNGATED,stem_length,11,0.7557251908396947,0.9,0.8215767634854771,198,64,22
POOLED_SOURCE_AGNOSTIC,LEARNED_UNGATED,stem_length,12,0.725,0.8285714285714286,0.7733333333333333,29,11,6
POOLED_SOURCE_AGNOSTIC,LEARNED_UNGATED,stem_length,13,0.36363636363636365,0.9,0.5179856115107914,36,63,4
POOLED_SOURCE_AGNOSTIC,LEARNED_UNGATED,stem_length,14,0.6542056074766355,1.0,0.7909604519774012,70,37,0
POOLED_SOURCE_AGNOSTIC,LEARNED_UNGATED,stem_length,15,0.45454545454545453,0.3333333333333333,0.38461538461538464,5,6,10
POOLED_SOURCE_AGNOSTIC,LEARNED_UNGATED,stem_length,16,1.0,0.5,0.6666666666666666,5,0,5
POOLED_SOURCE_AGNOSTIC,LEARNED_UNGATED,stem_length,19,0.9523809523809523,1.0,0.975609756097561,20,1,0
POOLED_SOURCE_AGNOSTIC,LEARNED_UNGATED,stem_length,2,0.5818181818181818,0.8,0.6736842105263158,320,230,80
POOLED_SOURCE_AGNOSTIC,LEARNED_UNGATED,stem_length,20,1.0,0.8666666666666667,0.9285714285714286,13,0,2
POOLED_SOURCE_AGNOSTIC,LEARNED_UNGATED,stem_length,27,1.0,1.0,1.0,15,0,0
POOLED_SOURCE_AGNOSTIC,LEARNED_UNGATED,stem_length,28,1.0,1.0,1.0,20,0,0
POOLED_SOURCE_AGNOSTIC,LEARNED_UNGATED,stem_length,3,0.49754901960784315,0.796078431372549,0.6123680241327301,406,410,104
POOLED_SOURCE_AGNOSTIC,LEARNED_UNGATED,stem_length,4,0.3715277777777778,0.7465116279069768,0.49613601236476046,321,543,109
POOLED_SOURCE_AGNOSTIC,LEARNED_UNGATED,stem_length,5,0.5496688741721855,0.7345132743362832,0.6287878787878788,415,340,150
POOLED_SOURCE_AGNOSTIC,LEARNED_UNGATED,stem_length,6,0.28434065934065933,0.4928571428571429,0.3606271777003484,207,521,213
POOLED_SOURCE_AGNOSTIC,LEARNED_UNGATED,stem_length,7,0.39272030651340994,0.8541666666666666,0.5380577427821522,205,317,35
POOLED_SOURCE_AGNOSTIC,LEARNED_UNGATED,stem_length,8,0.6051502145922747,0.5320754716981132,0.5662650602409639,141,92,124
POOLED_SOURCE_AGNOSTIC,LEARNED_UNGATED,stem_length,9,0.30833333333333335,0.43529411764705883,0.36097560975609755,74,166,96
POOLED_SOURCE_AWARE,LEARNED_SELECTIVE,boundary,boundary,0.8300970873786407,0.35064935064935066,0.49303219605958676,513,105,950
POOLED_SOURCE_AWARE,LEARNED_SELECTIVE,boundary,interior,0.8991097922848664,0.5113924050632911,0.6519634211941904,606,68,579
POOLED_SOURCE_AWARE,LEARNED_SELECTIVE,pair_type,AA,1.0,1.0,1.0,81,0,0
POOLED_SOURCE_AWARE,LEARNED_SELECTIVE,pair_type,AC,1.0,1.0,1.0,74,0,0
POOLED_SOURCE_AWARE,LEARNED_SELECTIVE,pair_type,AG,1.0,1.0,1.0,100,0,0
POOLED_SOURCE_AWARE,LEARNED_SELECTIVE,pair_type,AU,0.23655913978494625,0.0658682634730539,0.10304449648711944,22,71,312
POOLED_SOURCE_AWARE,LEARNED_SELECTIVE,pair_type,CA,1.0,1.0,1.0,60,0,0
POOLED_SOURCE_AWARE,LEARNED_SELECTIVE,pair_type,CC,1.0,1.0,1.0,62,0,0
POOLED_SOURCE_AWARE,LEARNED_SELECTIVE,pair_type,CG,0.6944444444444444,0.07246376811594203,0.13123359580052493,25,11,320
POOLED_SOURCE_AWARE,LEARNED_SELECTIVE,pair_type,CU,1.0,1.0,1.0,29,0,0
POOLED_SOURCE_AWARE,LEARNED_SELECTIVE,pair_type,GA,1.0,0.995850622406639,0.997920997920998,240,0,1
POOLED_SOURCE_AWARE,LEARNED_SELECTIVE,pair_type,GC,0.515625,0.07971014492753623,0.13807531380753138,33,31,381
POOLED_SOURCE_AWARE,LEARNED_SELECTIVE,pair_type,GG,1.0,1.0,1.0,58,0,0
POOLED_SOURCE_AWARE,LEARNED_SELECTIVE,pair_type,GU,0.5686274509803921,0.1695906432748538,0.26126126126126126,29,22,142
POOLED_SOURCE_AWARE,LEARNED_SELECTIVE,pair_type,UA,0.3939393939393939,0.06103286384976526,0.10569105691056911,13,20,200
POOLED_SOURCE_AWARE,LEARNED_SELECTIVE,pair_type,UC,1.0,0.9868421052631579,0.9933774834437086,75,0,1
POOLED_SOURCE_AWARE,LEARNED_SELECTIVE,pair_type,UG,0.8512396694214877,0.3800738007380074,0.5255102040816326,103,18,168
POOLED_SOURCE_AWARE,LEARNED_SELECTIVE,pair_type,UU,1.0,0.9663865546218487,0.9829059829059829,115,0,4
POOLED_SOURCE_AWARE,LEARNED_SELECTIVE,separation,long,0.8966666666666666,0.35535006605019814,0.5089877010406811,269,31,488
POOLED_SOURCE_AWARE,LEARNED_SELECTIVE,separation,medium,0.8169014084507042,0.4121827411167513,0.5479082321187584,406,91,579
POOLED_SOURCE_AWARE,LEARNED_SELECTIVE,separation,short,0.896969696969697,0.4900662251655629,0.6338329764453962,444,51,462
POOLED_SOURCE_AWARE,LEARNED_SELECTIVE,singleton,0,0.8636363636363636,0.39094650205761317,0.5382436260623229,950,150,1480
POOLED_SOURCE_AWARE,LEARNED_SELECTIVE,singleton,1,0.8802083333333334,0.7752293577981652,0.824390243902439,169,23,49
POOLED_SOURCE_AWARE,LEARNED_SELECTIVE,stem_length,0,0.8802083333333334,0.7752293577981652,0.824390243902439,169,23,49
POOLED_SOURCE_AWARE,LEARNED_SELECTIVE,stem_length,10,0.86,0.5733333333333334,0.688,43,7,32
POOLED_SOURCE_AWARE,LEARNED_SELECTIVE,stem_length,11,0.8823529411764706,0.5357142857142857,0.6666666666666666,60,8,52
POOLED_SOURCE_AWARE,LEARNED_SELECTIVE,stem_length,12,1.0,0.5666666666666667,0.723404255319149,17,0,13
POOLED_SOURCE_AWARE,LEARNED_SELECTIVE,stem_length,13,0.8947368421052632,0.7083333333333334,0.7906976744186046,17,2,7
POOLED_SOURCE_AWARE,LEARNED_SELECTIVE,stem_length,14,1.0,0.9285714285714286,0.9629629629629629,65,0,5
POOLED_SOURCE_AWARE,LEARNED_SELECTIVE,stem_length,15,1.0,0.16666666666666666,0.2857142857142857,2,0,10
POOLED_SOURCE_AWARE,LEARNED_SELECTIVE,stem_length,16,1.0,0.5,0.6666666666666666,5,0,5
POOLED_SOURCE_AWARE,LEARNED_SELECTIVE,stem_length,19,1.0,0.9375,0.967741935483871,15,0,1
POOLED_SOURCE_AWARE,LEARNED_SELECTIVE,stem_length,2,1.0,0.23694779116465864,0.38311688311688313,59,0,190
POOLED_SOURCE_AWARE,LEARNED_SELECTIVE,stem_length,20,1.0,0.6666666666666666,0.8,8,0,4
POOLED_SOURCE_AWARE,LEARNED_SELECTIVE,stem_length,27,1.0,1.0,1.0,6,0,0
POOLED_SOURCE_AWARE,LEARNED_SELECTIVE,stem_length,28,1.0,1.0,1.0,8,0,0
POOLED_SOURCE_AWARE,LEARNED_SELECTIVE,stem_length,3,0.6850393700787402,0.26605504587155965,0.3832599118942731,87,40,240
POOLED_SOURCE_AWARE,LEARNED_SELECTIVE,stem_length,4,0.7384615384615385,0.3392226148409894,0.4648910411622276,96,34,187
POOLED_SOURCE_AWARE,LEARNED_SELECTIVE,stem_length,5,0.9728260869565217,0.4531645569620253,0.6183074265975821,179,5,216
POOLED_SOURCE_AWARE,LEARNED_SELECTIVE,stem_length,6,0.9051724137931034,0.3354632587859425,0.48951048951048953,105,11,208
POOLED_SOURCE_AWARE,LEARNED_SELECTIVE,stem_length,7,0.9074074074074074,0.5730994152046783,0.7025089605734767,98,10,73
POOLED_SOURCE_AWARE,LEARNED_SELECTIVE,stem_length,8,0.7183098591549296,0.2727272727272727,0.3953488372093023,51,20,136
POOLED_SOURCE_AWARE,LEARNED_SELECTIVE,stem_length,9,0.6904761904761905,0.2230769230769231,0.3372093023255814,29,13,101
POOLED_SOURCE_AWARE,LEARNED_UNGATED,boundary,boundary,0.4197579070675517,0.7347915242652084,0.5342942345924453,1075,1486,388
POOLED_SOURCE_AWARE,LEARNED_UNGATED,boundary,interior,0.5455145118733509,0.6978902953586498,0.6123657904479822,827,689,358
POOLED_SOURCE_AWARE,LEARNED_UNGATED,pair_type,AA,1.0,1.0,1.0,81,0,0
POOLED_SOURCE_AWARE,LEARNED_UNGATED,pair_type,AC,1.0,1.0,1.0,74,0,0
POOLED_SOURCE_AWARE,LEARNED_UNGATED,pair_type,AG,1.0,1.0,1.0,100,0,0
POOLED_SOURCE_AWARE,LEARNED_UNGATED,pair_type,AU,0.28940217391304346,0.6377245508982036,0.3981308411214953,213,523,121
POOLED_SOURCE_AWARE,LEARNED_UNGATED,pair_type,CA,1.0,1.0,1.0,60,0,0
POOLED_SOURCE_AWARE,LEARNED_UNGATED,pair_type,CC,1.0,1.0,1.0,62,0,0
POOLED_SOURCE_AWARE,LEARNED_UNGATED,pair_type,CG,0.2848101265822785,0.5217391304347826,0.368474923234391,180,452,165
POOLED_SOURCE_AWARE,LEARNED_UNGATED,pair_type,CU,1.0,1.0,1.0,29,0,0
POOLED_SOURCE_AWARE,LEARNED_UNGATED,pair_type,GA,1.0,1.0,1.0,241,0,0
POOLED_SOURCE_AWARE,LEARNED_UNGATED,pair_type,GC,0.27873563218390807,0.46859903381642515,0.34954954954954953,194,502,220
POOLED_SOURCE_AWARE,LEARNED_UNGATED,pair_type,GG,1.0,1.0,1.0,58,0,0
POOLED_SOURCE_AWARE,LEARNED_UNGATED,pair_type,GU,0.45045045045045046,0.5847953216374269,0.5089058524173028,100,122,71
POOLED_SOURCE_AWARE,LEARNED_UNGATED,pair_type,UA,0.22795698924731184,0.49765258215962443,0.31268436578171094,106,359,107
POOLED_SOURCE_AWARE,LEARNED_UNGATED,pair_type,UC,1.0,1.0,1.0,76,0,0
POOLED_SOURCE_AWARE,LEARNED_UNGATED,pair_type,UG,0.49061032863849763,0.7712177121771218,0.599713055954089,209,217,62
POOLED_SOURCE_AWARE,LEARNED_UNGATED,pair_type,UU,1.0,1.0,1.0,119,0,0
POOLED_SOURCE_AWARE,LEARNED_UNGATED,separation,long,0.4796905222437137,0.655217965653897,0.5538805136795086,496,538,261
POOLED_SOURCE_AWARE,LEARNED_UNGATED,separation,medium,0.38677589233469867,0.6710659898477157,0.49072011878247956,661,1048,324
POOLED_SOURCE_AWARE,LEARNED_UNGATED,separation,short,0.5584707646176912,0.8222958057395143,0.6651785714285714,745,589,161
POOLED_SOURCE_AWARE,LEARNED_UNGATED,singleton,0,0.4444444444444444,0.6946502057613169,0.542068079640334,1688,2110,742
POOLED_SOURCE_AWARE,LEARNED_UNGATED,singleton,1,0.7670250896057348,0.981651376146789,0.8611670020120724,214,65,4
POOLED_SOURCE_AWARE,LEARNED_UNGATED,stem_length,0,0.7670250896057348,0.981651376146789,0.8611670020120724,214,65,4
POOLED_SOURCE_AWARE,LEARNED_UNGATED,stem_length,10,0.3813559322033898,0.6,0.46632124352331605,45,73,30
POOLED_SOURCE_AWARE,LEARNED_UNGATED,stem_length,11,0.7111111111111111,0.8571428571428571,0.7773279352226721,96,39,16
POOLED_SOURCE_AWARE,LEARNED_UNGATED,stem_length,12,0.78125,0.8333333333333334,0.8064516129032258,25,7,5
POOLED_SOURCE_AWARE,LEARNED_UNGATED,stem_length,13,0.5454545454545454,1.0,0.7058823529411765,24,20,0
POOLED_SOURCE_AWARE,LEARNED_UNGATED,stem_length,14,0.7368421052631579,1.0,0.8484848484848485,70,25,0
POOLED_SOURCE_AWARE,LEARNED_UNGATED,stem_length,15,0.13333333333333333,0.16666666666666666,0.14814814814814814,2,13,10
POOLED_SOURCE_AWARE,LEARNED_UNGATED,stem_length,16,1.0,0.5,0.6666666666666666,5,0,5
POOLED_SOURCE_AWARE,LEARNED_UNGATED,stem_length,19,0.9411764705882353,1.0,0.9696969696969697,16,1,0
POOLED_SOURCE_AWARE,LEARNED_UNGATED,stem_length,2,0.510752688172043,0.7630522088353414,0.6119162640901772,190,182,59
POOLED_SOURCE_AWARE,LEARNED_UNGATED,stem_length,20,1.0,0.8333333333333334,0.9090909090909091,10,0,2
POOLED_SOURCE_AWARE,LEARNED_UNGATED,stem_length,27,1.0,1.0,1.0,6,0,0
POOLED_SOURCE_AWARE,LEARNED_UNGATED,stem_length,28,1.0,1.0,1.0,8,0,0
POOLED_SOURCE_AWARE,LEARNED_UNGATED,stem_length,3,0.42414355628058725,0.7951070336391437,0.5531914893617021,260,353,67
POOLED_SOURCE_AWARE,LEARNED_UNGATED,stem_length,4,0.29178885630498536,0.7031802120141343,0.41243523316062175,199,483,84
POOLED_SOURCE_AWARE,LEARNED_UNGATED,stem_length,5,0.5525291828793775,0.7189873417721518,0.6248624862486248,284,230,111
POOLED_SOURCE_AWARE,LEARNED_UNGATED,stem_length,6,0.3393258426966292,0.48242811501597443,0.39841688654353563,151,294,162
POOLED_SOURCE_AWARE,LEARNED_UNGATED,stem_length,7,0.3769633507853403,0.8421052631578947,0.5207956600361664,144,238,27
POOLED_SOURCE_AWARE,LEARNED_UNGATED,stem_length,8,0.5898876404494382,0.5614973262032086,0.5753424657534246,105,73,82
POOLED_SOURCE_AWARE,LEARNED_UNGATED,stem_length,9,0.3779527559055118,0.36923076923076925,0.3735408560311284,48,79,82
