condition,evidence_channel,density_percent,evidence_seed,source_model,actual_evidence_item_count,evidence_compliant_before_count,evidence_compliant_after_count,evidence_compliance_before,evidence_compliance_after,direct_recovery_count,directly_inserted_pair_count,local_conflicting_pairs_before,local_conflicting_pairs_removed,local_conflict_correction_rate
ORIGINAL,POSITIVE_PAIR_EVIDENCE,0,101,petfold,0,0,0,,,0,0,0,0,
ORIGINAL,POSITIVE_PAIR_EVIDENCE,0,101,rnafold,0,0,0,,,0,0,0,0,
ORIGINAL,POSITIVE_PAIR_EVIDENCE,0,101,trrosettarna2_native_ss,0,0,0,,,0,0,0,0,
ORIGINAL,POSITIVE_PAIR_EVIDENCE,0,103,petfold,0,0,0,,,0,0,0,0,
ORIGINAL,POSITIVE_PAIR_EVIDENCE,0,103,rnafold,0,0,0,,,0,0,0,0,
ORIGINAL,POSITIVE_PAIR_EVIDENCE,0,103,trrosettarna2_native_ss,0,0,0,,,0,0,0,0,
ORIGINAL,POSITIVE_PAIR_EVIDENCE,0,107,petfold,0,0,0,,,0,0,0,0,
ORIGINAL,POSITIVE_PAIR_EVIDENCE,0,107,rnafold,0,0,0,,,0,0,0,0,
ORIGINAL,POSITIVE_PAIR_EVIDENCE,0,107,trrosettarna2_native_ss,0,0,0,,,0,0,0,0,
ORIGINAL,POSITIVE_PAIR_EVIDENCE,0,109,petfold,0,0,0,,,0,0,0,0,
ORIGINAL,POSITIVE_PAIR_EVIDENCE,0,109,rnafold,0,0,0,,,0,0,0,0,
ORIGINAL,POSITIVE_PAIR_EVIDENCE,0,109,trrosettarna2_native_ss,0,0,0,,,0,0,0,0,
ORIGINAL,POSITIVE_PAIR_EVIDENCE,0,113,petfold,0,0,0,,,0,0,0,0,
ORIGINAL,POSITIVE_PAIR_EVIDENCE,0,113,rnafold,0,0,0,,,0,0,0,0,
ORIGINAL,POSITIVE_PAIR_EVIDENCE,0,113,trrosettarna2_native_ss,0,0,0,,,0,0,0,0,
ORIGINAL,POSITIVE_PAIR_EVIDENCE,1,101,petfold,121,110,110,0.9090909090909091,0.9090909090909091,0,0,9,0,0.0
ORIGINAL,POSITIVE_PAIR_EVIDENCE,1,101,rnafold,121,113,113,0.9338842975206612,0.9338842975206612,0,0,4,0,0.0
ORIGINAL,POSITIVE_PAIR_EVIDENCE,1,101,trrosettarna2_native_ss,121,111,111,0.9173553719008265,0.9173553719008265,0,0,18,0,0.0
ORIGINAL,POSITIVE_PAIR_EVIDENCE,1,103,petfold,121,112,112,0.9256198347107438,0.9256198347107438,0,0,7,0,0.0
ORIGINAL,POSITIVE_PAIR_EVIDENCE,1,103,rnafold,121,112,112,0.9256198347107438,0.9256198347107438,0,0,7,0,0.0
ORIGINAL,POSITIVE_PAIR_EVIDENCE,1,103,trrosettarna2_native_ss,121,110,110,0.9090909090909091,0.9090909090909091,0,0,18,0,0.0
ORIGINAL,POSITIVE_PAIR_EVIDENCE,1,107,petfold,121,113,113,0.9338842975206612,0.9338842975206612,0,0,4,0,0.0
ORIGINAL,POSITIVE_PAIR_EVIDENCE,1,107,rnafold,121,113,113,0.9338842975206612,0.9338842975206612,0,0,4,0,0.0
ORIGINAL,POSITIVE_PAIR_EVIDENCE,1,107,trrosettarna2_native_ss,121,113,113,0.9338842975206612,0.9338842975206612,0,0,15,0,0.0
ORIGINAL,POSITIVE_PAIR_EVIDENCE,1,109,petfold,121,112,112,0.9256198347107438,0.9256198347107438,0,0,8,0,0.0
ORIGINAL,POSITIVE_PAIR_EVIDENCE,1,109,rnafold,121,112,112,0.9256198347107438,0.9256198347107438,0,0,8,0,0.0
ORIGINAL,POSITIVE_PAIR_EVIDENCE,1,109,trrosettarna2_native_ss,121,113,113,0.9338842975206612,0.9338842975206612,0,0,16,0,0.0
ORIGINAL,POSITIVE_PAIR_EVIDENCE,1,113,petfold,121,110,110,0.9090909090909091,0.9090909090909091,0,0,7,0,0.0
ORIGINAL,POSITIVE_PAIR_EVIDENCE,1,113,rnafold,121,111,111,0.9173553719008265,0.9173553719008265,0,0,6,0,0.0
ORIGINAL,POSITIVE_PAIR_EVIDENCE,1,113,trrosettarna2_native_ss,121,109,109,0.9008264462809917,0.9008264462809917,0,0,20,0,0.0
ORIGINAL,POSITIVE_PAIR_EVIDENCE,5,101,petfold,130,116,116,0.8923076923076924,0.8923076923076924,0,0,10,0,0.0
ORIGINAL,POSITIVE_PAIR_EVIDENCE,5,101,rnafold,130,116,116,0.8923076923076924,0.8923076923076924,0,0,11,0,0.0
ORIGINAL,POSITIVE_PAIR_EVIDENCE,5,101,trrosettarna2_native_ss,130,114,114,0.8769230769230769,0.8769230769230769,0,0,20,0,0.0
ORIGINAL,POSITIVE_PAIR_EVIDENCE,5,103,petfold,130,120,120,0.9230769230769231,0.9230769230769231,0,0,8,0,0.0
ORIGINAL,POSITIVE_PAIR_EVIDENCE,5,103,rnafold,130,120,120,0.9230769230769231,0.9230769230769231,0,0,6,0,0.0
ORIGINAL,POSITIVE_PAIR_EVIDENCE,5,103,trrosettarna2_native_ss,130,117,117,0.9,0.9,0,0,15,0,0.0
ORIGINAL,POSITIVE_PAIR_EVIDENCE,5,107,petfold,130,119,119,0.9153846153846154,0.9153846153846154,0,0,10,0,0.0
ORIGINAL,POSITIVE_PAIR_EVIDENCE,5,107,rnafold,130,119,119,0.9153846153846154,0.9153846153846154,0,0,9,0,0.0
ORIGINAL,POSITIVE_PAIR_EVIDENCE,5,107,trrosettarna2_native_ss,130,119,119,0.9153846153846154,0.9153846153846154,0,0,16,0,0.0
ORIGINAL,POSITIVE_PAIR_EVIDENCE,5,109,petfold,130,117,117,0.9,0.9,0,0,8,0,0.0
ORIGINAL,POSITIVE_PAIR_EVIDENCE,5,109,rnafold,130,118,118,0.9076923076923077,0.9076923076923077,0,0,8,0,0.0
ORIGINAL,POSITIVE_PAIR_EVIDENCE,5,109,trrosettarna2_native_ss,130,120,120,0.9230769230769231,0.9230769230769231,0,0,14,0,0.0
ORIGINAL,POSITIVE_PAIR_EVIDENCE,5,113,petfold,130,111,111,0.8538461538461538,0.8538461538461538,0,0,16,0,0.0
ORIGINAL,POSITIVE_PAIR_EVIDENCE,5,113,rnafold,130,110,110,0.8461538461538461,0.8461538461538461,0,0,14,0,0.0
ORIGINAL,POSITIVE_PAIR_EVIDENCE,5,113,trrosettarna2_native_ss,130,117,117,0.9,0.9,0,0,18,0,0.0
ORIGINAL,POSITIVE_PAIR_EVIDENCE,10,101,petfold,180,165,165,0.9166666666666666,0.9166666666666666,0,0,15,0,0.0
ORIGINAL,POSITIVE_PAIR_EVIDENCE,10,101,rnafold,180,165,165,0.9166666666666666,0.9166666666666666,0,0,14,0,0.0
ORIGINAL,POSITIVE_PAIR_EVIDENCE,10,101,trrosettarna2_native_ss,180,161,161,0.8944444444444445,0.8944444444444445,0,0,29,0,0.0
ORIGINAL,POSITIVE_PAIR_EVIDENCE,10,103,petfold,180,160,160,0.8888888888888888,0.8888888888888888,0,0,14,0,0.0
ORIGINAL,POSITIVE_PAIR_EVIDENCE,10,103,rnafold,180,162,162,0.9,0.9,0,0,13,0,0.0
ORIGINAL,POSITIVE_PAIR_EVIDENCE,10,103,trrosettarna2_native_ss,180,157,157,0.8722222222222222,0.8722222222222222,0,0,29,0,0.0
ORIGINAL,POSITIVE_PAIR_EVIDENCE,10,107,petfold,180,158,158,0.8777777777777778,0.8777777777777778,0,0,17,0,0.0
ORIGINAL,POSITIVE_PAIR_EVIDENCE,10,107,rnafold,180,159,159,0.8833333333333333,0.8833333333333333,0,0,15,0,0.0
ORIGINAL,POSITIVE_PAIR_EVIDENCE,10,107,trrosettarna2_native_ss,180,157,157,0.8722222222222222,0.8722222222222222,0,0,29,0,0.0
ORIGINAL,POSITIVE_PAIR_EVIDENCE,10,109,petfold,180,153,153,0.85,0.85,0,0,20,0,0.0
ORIGINAL,POSITIVE_PAIR_EVIDENCE,10,109,rnafold,180,154,154,0.8555555555555555,0.8555555555555555,0,0,19,0,0.0
ORIGINAL,POSITIVE_PAIR_EVIDENCE,10,109,trrosettarna2_native_ss,180,156,156,0.8666666666666667,0.8666666666666667,0,0,31,0,0.0
ORIGINAL,POSITIVE_PAIR_EVIDENCE,10,113,petfold,180,161,161,0.8944444444444445,0.8944444444444445,0,0,16,0,0.0
ORIGINAL,POSITIVE_PAIR_EVIDENCE,10,113,rnafold,180,161,161,0.8944444444444445,0.8944444444444445,0,0,15,0,0.0
ORIGINAL,POSITIVE_PAIR_EVIDENCE,10,113,trrosettarna2_native_ss,180,161,161,0.8944444444444445,0.8944444444444445,0,0,30,0,0.0
ORIGINAL,POSITIVE_PAIR_EVIDENCE,20,101,petfold,338,295,295,0.8727810650887574,0.8727810650887574,0,0,38,0,0.0
ORIGINAL,POSITIVE_PAIR_EVIDENCE,20,101,rnafold,338,298,298,0.8816568047337278,0.8816568047337278,0,0,34,0,0.0
ORIGINAL,POSITIVE_PAIR_EVIDENCE,20,101,trrosettarna2_native_ss,338,299,299,0.8846153846153846,0.8846153846153846,0,0,45,0,0.0
ORIGINAL,POSITIVE_PAIR_EVIDENCE,20,103,petfold,338,295,295,0.8727810650887574,0.8727810650887574,0,0,31,0,0.0
ORIGINAL,POSITIVE_PAIR_EVIDENCE,20,103,rnafold,338,296,296,0.8757396449704142,0.8757396449704142,0,0,33,0,0.0
ORIGINAL,POSITIVE_PAIR_EVIDENCE,20,103,trrosettarna2_native_ss,338,294,294,0.8698224852071006,0.8698224852071006,0,0,60,0,0.0
ORIGINAL,POSITIVE_PAIR_EVIDENCE,20,107,petfold,338,290,290,0.8579881656804734,0.8579881656804734,0,0,50,0,0.0
ORIGINAL,POSITIVE_PAIR_EVIDENCE,20,107,rnafold,338,293,293,0.8668639053254438,0.8668639053254438,0,0,49,0,0.0
ORIGINAL,POSITIVE_PAIR_EVIDENCE,20,107,trrosettarna2_native_ss,338,293,293,0.8668639053254438,0.8668639053254438,0,0,55,0,0.0
ORIGINAL,POSITIVE_PAIR_EVIDENCE,20,109,petfold,338,296,296,0.8757396449704142,0.8757396449704142,0,0,39,0,0.0
ORIGINAL,POSITIVE_PAIR_EVIDENCE,20,109,rnafold,338,296,296,0.8757396449704142,0.8757396449704142,0,0,39,0,0.0
ORIGINAL,POSITIVE_PAIR_EVIDENCE,20,109,trrosettarna2_native_ss,338,299,299,0.8846153846153846,0.8846153846153846,0,0,57,0,0.0
ORIGINAL,POSITIVE_PAIR_EVIDENCE,20,113,petfold,338,292,292,0.863905325443787,0.863905325443787,0,0,38,0,0.0
ORIGINAL,POSITIVE_PAIR_EVIDENCE,20,113,rnafold,338,294,294,0.8698224852071006,0.8698224852071006,0,0,34,0,0.0
ORIGINAL,POSITIVE_PAIR_EVIDENCE,20,113,trrosettarna2_native_ss,338,294,294,0.8698224852071006,0.8698224852071006,0,0,57,0,0.0
ORIGINAL,POSITIVE_PAIR_EVIDENCE,50,101,petfold,875,759,759,0.8674285714285714,0.8674285714285714,0,0,95,0,0.0
ORIGINAL,POSITIVE_PAIR_EVIDENCE,50,101,rnafold,875,762,762,0.8708571428571429,0.8708571428571429,0,0,94,0,0.0
ORIGINAL,POSITIVE_PAIR_EVIDENCE,50,101,trrosettarna2_native_ss,875,766,766,0.8754285714285714,0.8754285714285714,0,0,121,0,0.0
ORIGINAL,POSITIVE_PAIR_EVIDENCE,50,103,petfold,875,760,760,0.8685714285714285,0.8685714285714285,0,0,93,0,0.0
ORIGINAL,POSITIVE_PAIR_EVIDENCE,50,103,rnafold,875,762,762,0.8708571428571429,0.8708571428571429,0,0,93,0,0.0
ORIGINAL,POSITIVE_PAIR_EVIDENCE,50,103,trrosettarna2_native_ss,875,755,755,0.8628571428571429,0.8628571428571429,0,0,126,0,0.0
ORIGINAL,POSITIVE_PAIR_EVIDENCE,50,107,petfold,875,764,764,0.8731428571428571,0.8731428571428571,0,0,74,0,0.0
ORIGINAL,POSITIVE_PAIR_EVIDENCE,50,107,rnafold,875,770,770,0.88,0.88,0,0,72,0,0.0
ORIGINAL,POSITIVE_PAIR_EVIDENCE,50,107,trrosettarna2_native_ss,875,759,759,0.8674285714285714,0.8674285714285714,0,0,127,0,0.0
ORIGINAL,POSITIVE_PAIR_EVIDENCE,50,109,petfold,875,768,768,0.8777142857142857,0.8777142857142857,0,0,82,0,0.0
ORIGINAL,POSITIVE_PAIR_EVIDENCE,50,109,rnafold,875,775,775,0.8857142857142857,0.8857142857142857,0,0,79,0,0.0
ORIGINAL,POSITIVE_PAIR_EVIDENCE,50,109,trrosettarna2_native_ss,875,766,766,0.8754285714285714,0.8754285714285714,0,0,122,0,0.0
ORIGINAL,POSITIVE_PAIR_EVIDENCE,50,113,petfold,875,761,761,0.8697142857142857,0.8697142857142857,0,0,87,0,0.0
ORIGINAL,POSITIVE_PAIR_EVIDENCE,50,113,rnafold,875,767,767,0.8765714285714286,0.8765714285714286,0,0,82,0,0.0
ORIGINAL,POSITIVE_PAIR_EVIDENCE,50,113,trrosettarna2_native_ss,875,767,767,0.8765714285714286,0.8765714285714286,0,0,120,0,0.0
ORIGINAL,UNPAIRED_NUCLEOTIDE_EVIDENCE,0,101,petfold,0,0,0,,,0,0,0,0,
ORIGINAL,UNPAIRED_NUCLEOTIDE_EVIDENCE,0,101,rnafold,0,0,0,,,0,0,0,0,
ORIGINAL,UNPAIRED_NUCLEOTIDE_EVIDENCE,0,101,trrosettarna2_native_ss,0,0,0,,,0,0,0,0,
ORIGINAL,UNPAIRED_NUCLEOTIDE_EVIDENCE,0,103,petfold,0,0,0,,,0,0,0,0,
ORIGINAL,UNPAIRED_NUCLEOTIDE_EVIDENCE,0,103,rnafold,0,0,0,,,0,0,0,0,
ORIGINAL,UNPAIRED_NUCLEOTIDE_EVIDENCE,0,103,trrosettarna2_native_ss,0,0,0,,,0,0,0,0,
ORIGINAL,UNPAIRED_NUCLEOTIDE_EVIDENCE,0,107,petfold,0,0,0,,,0,0,0,0,
ORIGINAL,UNPAIRED_NUCLEOTIDE_EVIDENCE,0,107,rnafold,0,0,0,,,0,0,0,0,
ORIGINAL,UNPAIRED_NUCLEOTIDE_EVIDENCE,0,107,trrosettarna2_native_ss,0,0,0,,,0,0,0,0,
ORIGINAL,UNPAIRED_NUCLEOTIDE_EVIDENCE,0,109,petfold,0,0,0,,,0,0,0,0,
ORIGINAL,UNPAIRED_NUCLEOTIDE_EVIDENCE,0,109,rnafold,0,0,0,,,0,0,0,0,
ORIGINAL,UNPAIRED_NUCLEOTIDE_EVIDENCE,0,109,trrosettarna2_native_ss,0,0,0,,,0,0,0,0,
ORIGINAL,UNPAIRED_NUCLEOTIDE_EVIDENCE,0,113,petfold,0,0,0,,,0,0,0,0,
ORIGINAL,UNPAIRED_NUCLEOTIDE_EVIDENCE,0,113,rnafold,0,0,0,,,0,0,0,0,
ORIGINAL,UNPAIRED_NUCLEOTIDE_EVIDENCE,0,113,trrosettarna2_native_ss,0,0,0,,,0,0,0,0,
ORIGINAL,UNPAIRED_NUCLEOTIDE_EVIDENCE,1,101,petfold,121,104,104,0.859504132231405,0.859504132231405,0,0,17,0,0.0
ORIGINAL,UNPAIRED_NUCLEOTIDE_EVIDENCE,1,101,rnafold,121,105,105,0.8677685950413223,0.8677685950413223,0,0,16,0,0.0
ORIGINAL,UNPAIRED_NUCLEOTIDE_EVIDENCE,1,101,trrosettarna2_native_ss,121,86,86,0.7107438016528925,0.7107438016528925,0,0,35,0,0.0
ORIGINAL,UNPAIRED_NUCLEOTIDE_EVIDENCE,1,103,petfold,121,105,105,0.8677685950413223,0.8677685950413223,0,0,16,0,0.0
ORIGINAL,UNPAIRED_NUCLEOTIDE_EVIDENCE,1,103,rnafold,121,107,107,0.8842975206611571,0.8842975206611571,0,0,14,0,0.0
ORIGINAL,UNPAIRED_NUCLEOTIDE_EVIDENCE,1,103,trrosettarna2_native_ss,121,87,87,0.71900826446281,0.71900826446281,0,0,34,0,0.0
ORIGINAL,UNPAIRED_NUCLEOTIDE_EVIDENCE,1,107,petfold,121,106,106,0.8760330578512396,0.8760330578512396,0,0,15,0,0.0
ORIGINAL,UNPAIRED_NUCLEOTIDE_EVIDENCE,1,107,rnafold,121,112,112,0.9256198347107438,0.9256198347107438,0,0,9,0,0.0
ORIGINAL,UNPAIRED_NUCLEOTIDE_EVIDENCE,1,107,trrosettarna2_native_ss,121,78,78,0.6446280991735537,0.6446280991735537,0,0,43,0,0.0
ORIGINAL,UNPAIRED_NUCLEOTIDE_EVIDENCE,1,109,petfold,121,100,100,0.8264462809917356,0.8264462809917356,0,0,21,0,0.0
ORIGINAL,UNPAIRED_NUCLEOTIDE_EVIDENCE,1,109,rnafold,121,102,102,0.8429752066115702,0.8429752066115702,0,0,19,0,0.0
ORIGINAL,UNPAIRED_NUCLEOTIDE_EVIDENCE,1,109,trrosettarna2_native_ss,121,76,76,0.628099173553719,0.628099173553719,0,0,45,0,0.0
ORIGINAL,UNPAIRED_NUCLEOTIDE_EVIDENCE,1,113,petfold,121,103,103,0.8512396694214877,0.8512396694214877,0,0,18,0,0.0
ORIGINAL,UNPAIRED_NUCLEOTIDE_EVIDENCE,1,113,rnafold,121,106,106,0.8760330578512396,0.8760330578512396,0,0,15,0,0.0
ORIGINAL,UNPAIRED_NUCLEOTIDE_EVIDENCE,1,113,trrosettarna2_native_ss,121,77,77,0.6363636363636364,0.6363636363636364,0,0,44,0,0.0
ORIGINAL,UNPAIRED_NUCLEOTIDE_EVIDENCE,5,101,petfold,134,112,112,0.835820895522388,0.835820895522388,0,0,21,0,0.0
ORIGINAL,UNPAIRED_NUCLEOTIDE_EVIDENCE,5,101,rnafold,134,116,116,0.8656716417910447,0.8656716417910447,0,0,18,0,0.0
ORIGINAL,UNPAIRED_NUCLEOTIDE_EVIDENCE,5,101,trrosettarna2_native_ss,134,90,90,0.6716417910447762,0.6716417910447762,0,0,43,0,0.0
ORIGINAL,UNPAIRED_NUCLEOTIDE_EVIDENCE,5,103,petfold,134,113,113,0.8432835820895522,0.8432835820895522,0,0,21,0,0.0
ORIGINAL,UNPAIRED_NUCLEOTIDE_EVIDENCE,5,103,rnafold,134,118,118,0.8805970149253731,0.8805970149253731,0,0,16,0,0.0
ORIGINAL,UNPAIRED_NUCLEOTIDE_EVIDENCE,5,103,trrosettarna2_native_ss,134,96,96,0.7164179104477612,0.7164179104477612,0,0,38,0,0.0
ORIGINAL,UNPAIRED_NUCLEOTIDE_EVIDENCE,5,107,petfold,134,111,111,0.8283582089552238,0.8283582089552238,0,0,22,0,0.0
ORIGINAL,UNPAIRED_NUCLEOTIDE_EVIDENCE,5,107,rnafold,134,114,114,0.8507462686567164,0.8507462686567164,0,0,19,0,0.0
ORIGINAL,UNPAIRED_NUCLEOTIDE_EVIDENCE,5,107,trrosettarna2_native_ss,134,84,84,0.6268656716417911,0.6268656716417911,0,0,50,0,0.0
ORIGINAL,UNPAIRED_NUCLEOTIDE_EVIDENCE,5,109,petfold,134,116,116,0.8656716417910447,0.8656716417910447,0,0,18,0,0.0
ORIGINAL,UNPAIRED_NUCLEOTIDE_EVIDENCE,5,109,rnafold,134,121,121,0.9029850746268657,0.9029850746268657,0,0,13,0,0.0
ORIGINAL,UNPAIRED_NUCLEOTIDE_EVIDENCE,5,109,trrosettarna2_native_ss,134,91,91,0.6791044776119403,0.6791044776119403,0,0,43,0,0.0
ORIGINAL,UNPAIRED_NUCLEOTIDE_EVIDENCE,5,113,petfold,134,110,110,0.8208955223880597,0.8208955223880597,0,0,24,0,0.0
ORIGINAL,UNPAIRED_NUCLEOTIDE_EVIDENCE,5,113,rnafold,134,117,117,0.8731343283582089,0.8731343283582089,0,0,17,0,0.0
ORIGINAL,UNPAIRED_NUCLEOTIDE_EVIDENCE,5,113,trrosettarna2_native_ss,134,93,93,0.6940298507462687,0.6940298507462687,0,0,41,0,0.0
ORIGINAL,UNPAIRED_NUCLEOTIDE_EVIDENCE,10,101,petfold,185,157,157,0.8486486486486486,0.8486486486486486,0,0,28,0,0.0
ORIGINAL,UNPAIRED_NUCLEOTIDE_EVIDENCE,10,101,rnafold,185,161,161,0.8702702702702703,0.8702702702702703,0,0,24,0,0.0
ORIGINAL,UNPAIRED_NUCLEOTIDE_EVIDENCE,10,101,trrosettarna2_native_ss,185,117,117,0.6324324324324324,0.6324324324324324,0,0,67,0,0.0
ORIGINAL,UNPAIRED_NUCLEOTIDE_EVIDENCE,10,103,petfold,185,157,157,0.8486486486486486,0.8486486486486486,0,0,27,0,0.0
ORIGINAL,UNPAIRED_NUCLEOTIDE_EVIDENCE,10,103,rnafold,185,159,159,0.8594594594594595,0.8594594594594595,0,0,25,0,0.0
ORIGINAL,UNPAIRED_NUCLEOTIDE_EVIDENCE,10,103,trrosettarna2_native_ss,185,129,129,0.6972972972972973,0.6972972972972973,0,0,54,0,0.0
ORIGINAL,UNPAIRED_NUCLEOTIDE_EVIDENCE,10,107,petfold,185,152,152,0.8216216216216217,0.8216216216216217,0,0,33,0,0.0
ORIGINAL,UNPAIRED_NUCLEOTIDE_EVIDENCE,10,107,rnafold,185,155,155,0.8378378378378378,0.8378378378378378,0,0,30,0,0.0
ORIGINAL,UNPAIRED_NUCLEOTIDE_EVIDENCE,10,107,trrosettarna2_native_ss,185,122,122,0.6594594594594595,0.6594594594594595,0,0,63,0,0.0
ORIGINAL,UNPAIRED_NUCLEOTIDE_EVIDENCE,10,109,petfold,185,160,160,0.8648648648648649,0.8648648648648649,0,0,25,0,0.0
ORIGINAL,UNPAIRED_NUCLEOTIDE_EVIDENCE,10,109,rnafold,185,160,160,0.8648648648648649,0.8648648648648649,0,0,25,0,0.0
ORIGINAL,UNPAIRED_NUCLEOTIDE_EVIDENCE,10,109,trrosettarna2_native_ss,185,130,130,0.7027027027027027,0.7027027027027027,0,0,55,0,0.0
ORIGINAL,UNPAIRED_NUCLEOTIDE_EVIDENCE,10,113,petfold,185,156,156,0.8432432432432433,0.8432432432432433,0,0,29,0,0.0
ORIGINAL,UNPAIRED_NUCLEOTIDE_EVIDENCE,10,113,rnafold,185,157,157,0.8486486486486486,0.8486486486486486,0,0,28,0,0.0
ORIGINAL,UNPAIRED_NUCLEOTIDE_EVIDENCE,10,113,trrosettarna2_native_ss,185,131,131,0.7081081081081081,0.7081081081081081,0,0,54,0,0.0
ORIGINAL,UNPAIRED_NUCLEOTIDE_EVIDENCE,20,101,petfold,333,267,267,0.8018018018018018,0.8018018018018018,0,0,59,0,0.0
ORIGINAL,UNPAIRED_NUCLEOTIDE_EVIDENCE,20,101,rnafold,333,281,281,0.8438438438438438,0.8438438438438438,0,0,47,0,0.0
ORIGINAL,UNPAIRED_NUCLEOTIDE_EVIDENCE,20,101,trrosettarna2_native_ss,333,217,217,0.6516516516516516,0.6516516516516516,0,0,103,0,0.0
ORIGINAL,UNPAIRED_NUCLEOTIDE_EVIDENCE,20,103,petfold,333,280,280,0.8408408408408409,0.8408408408408409,0,0,51,0,0.0
ORIGINAL,UNPAIRED_NUCLEOTIDE_EVIDENCE,20,103,rnafold,333,283,283,0.8498498498498499,0.8498498498498499,0,0,48,0,0.0
ORIGINAL,UNPAIRED_NUCLEOTIDE_EVIDENCE,20,103,trrosettarna2_native_ss,333,228,228,0.6846846846846847,0.6846846846846847,0,0,102,0,0.0
ORIGINAL,UNPAIRED_NUCLEOTIDE_EVIDENCE,20,107,petfold,333,288,288,0.8648648648648649,0.8648648648648649,0,0,44,0,0.0
ORIGINAL,UNPAIRED_NUCLEOTIDE_EVIDENCE,20,107,rnafold,333,290,290,0.8708708708708709,0.8708708708708709,0,0,42,0,0.0
ORIGINAL,UNPAIRED_NUCLEOTIDE_EVIDENCE,20,107,trrosettarna2_native_ss,333,222,222,0.6666666666666666,0.6666666666666666,0,0,103,0,0.0
ORIGINAL,UNPAIRED_NUCLEOTIDE_EVIDENCE,20,109,petfold,333,275,275,0.8258258258258259,0.8258258258258259,0,0,53,0,0.0
ORIGINAL,UNPAIRED_NUCLEOTIDE_EVIDENCE,20,109,rnafold,333,282,282,0.8468468468468469,0.8468468468468469,0,0,47,0,0.0
ORIGINAL,UNPAIRED_NUCLEOTIDE_EVIDENCE,20,109,trrosettarna2_native_ss,333,219,219,0.6576576576576577,0.6576576576576577,0,0,106,0,0.0
ORIGINAL,UNPAIRED_NUCLEOTIDE_EVIDENCE,20,113,petfold,333,276,276,0.8288288288288288,0.8288288288288288,0,0,56,0,0.0
ORIGINAL,UNPAIRED_NUCLEOTIDE_EVIDENCE,20,113,rnafold,333,278,278,0.8348348348348348,0.8348348348348348,0,0,54,0,0.0
ORIGINAL,UNPAIRED_NUCLEOTIDE_EVIDENCE,20,113,trrosettarna2_native_ss,333,225,225,0.6756756756756757,0.6756756756756757,0,0,103,0,0.0
ORIGINAL,UNPAIRED_NUCLEOTIDE_EVIDENCE,50,101,petfold,873,722,722,0.827033218785796,0.827033218785796,0,0,122,0,0.0
ORIGINAL,UNPAIRED_NUCLEOTIDE_EVIDENCE,50,101,rnafold,873,737,737,0.8442153493699885,0.8442153493699885,0,0,112,0,0.0
ORIGINAL,UNPAIRED_NUCLEOTIDE_EVIDENCE,50,101,trrosettarna2_native_ss,873,598,598,0.6849942726231386,0.6849942726231386,0,0,218,0,0.0
ORIGINAL,UNPAIRED_NUCLEOTIDE_EVIDENCE,50,103,petfold,873,738,738,0.845360824742268,0.845360824742268,0,0,119,0,0.0
ORIGINAL,UNPAIRED_NUCLEOTIDE_EVIDENCE,50,103,rnafold,873,755,755,0.8648339060710195,0.8648339060710195,0,0,103,0,0.0
ORIGINAL,UNPAIRED_NUCLEOTIDE_EVIDENCE,50,103,trrosettarna2_native_ss,873,581,581,0.6655211912943871,0.6655211912943871,0,0,226,0,0.0
ORIGINAL,UNPAIRED_NUCLEOTIDE_EVIDENCE,50,107,petfold,873,728,728,0.8339060710194731,0.8339060710194731,0,0,122,0,0.0
ORIGINAL,UNPAIRED_NUCLEOTIDE_EVIDENCE,50,107,rnafold,873,750,750,0.8591065292096219,0.8591065292096219,0,0,105,0,0.0
ORIGINAL,UNPAIRED_NUCLEOTIDE_EVIDENCE,50,107,trrosettarna2_native_ss,873,589,589,0.6746849942726232,0.6746849942726232,0,0,224,0,0.0
ORIGINAL,UNPAIRED_NUCLEOTIDE_EVIDENCE,50,109,petfold,873,739,739,0.8465063001145475,0.8465063001145475,0,0,117,0,0.0
ORIGINAL,UNPAIRED_NUCLEOTIDE_EVIDENCE,50,109,rnafold,873,756,756,0.865979381443299,0.865979381443299,0,0,103,0,0.0
ORIGINAL,UNPAIRED_NUCLEOTIDE_EVIDENCE,50,109,trrosettarna2_native_ss,873,586,586,0.6712485681557846,0.6712485681557846,0,0,228,0,0.0
ORIGINAL,UNPAIRED_NUCLEOTIDE_EVIDENCE,50,113,petfold,873,721,721,0.8258877434135166,0.8258877434135166,0,0,128,0,0.0
ORIGINAL,UNPAIRED_NUCLEOTIDE_EVIDENCE,50,113,rnafold,873,739,739,0.8465063001145475,0.8465063001145475,0,0,112,0,0.0
ORIGINAL,UNPAIRED_NUCLEOTIDE_EVIDENCE,50,113,trrosettarna2_native_ss,873,587,587,0.6723940435280642,0.6723940435280642,0,0,232,0,0.0
PAIR_HARD_ENFORCE,POSITIVE_PAIR_EVIDENCE,0,101,petfold,0,0,0,,,0,0,0,0,
PAIR_HARD_ENFORCE,POSITIVE_PAIR_EVIDENCE,0,101,rnafold,0,0,0,,,0,0,0,0,
PAIR_HARD_ENFORCE,POSITIVE_PAIR_EVIDENCE,0,101,trrosettarna2_native_ss,0,0,0,,,0,0,0,0,
PAIR_HARD_ENFORCE,POSITIVE_PAIR_EVIDENCE,0,103,petfold,0,0,0,,,0,0,0,0,
PAIR_HARD_ENFORCE,POSITIVE_PAIR_EVIDENCE,0,103,rnafold,0,0,0,,,0,0,0,0,
PAIR_HARD_ENFORCE,POSITIVE_PAIR_EVIDENCE,0,103,trrosettarna2_native_ss,0,0,0,,,0,0,0,0,
PAIR_HARD_ENFORCE,POSITIVE_PAIR_EVIDENCE,0,107,petfold,0,0,0,,,0,0,0,0,
PAIR_HARD_ENFORCE,POSITIVE_PAIR_EVIDENCE,0,107,rnafold,0,0,0,,,0,0,0,0,
PAIR_HARD_ENFORCE,POSITIVE_PAIR_EVIDENCE,0,107,trrosettarna2_native_ss,0,0,0,,,0,0,0,0,
PAIR_HARD_ENFORCE,POSITIVE_PAIR_EVIDENCE,0,109,petfold,0,0,0,,,0,0,0,0,
PAIR_HARD_ENFORCE,POSITIVE_PAIR_EVIDENCE,0,109,rnafold,0,0,0,,,0,0,0,0,
PAIR_HARD_ENFORCE,POSITIVE_PAIR_EVIDENCE,0,109,trrosettarna2_native_ss,0,0,0,,,0,0,0,0,
PAIR_HARD_ENFORCE,POSITIVE_PAIR_EVIDENCE,0,113,petfold,0,0,0,,,0,0,0,0,
PAIR_HARD_ENFORCE,POSITIVE_PAIR_EVIDENCE,0,113,rnafold,0,0,0,,,0,0,0,0,
PAIR_HARD_ENFORCE,POSITIVE_PAIR_EVIDENCE,0,113,trrosettarna2_native_ss,0,0,0,,,0,0,0,0,
PAIR_HARD_ENFORCE,POSITIVE_PAIR_EVIDENCE,1,101,petfold,121,110,121,0.9090909090909091,1.0,11,11,9,9,1.0
PAIR_HARD_ENFORCE,POSITIVE_PAIR_EVIDENCE,1,101,rnafold,121,113,121,0.9338842975206612,1.0,8,8,4,4,1.0
PAIR_HARD_ENFORCE,POSITIVE_PAIR_EVIDENCE,1,101,trrosettarna2_native_ss,121,111,121,0.9173553719008265,1.0,10,10,18,18,1.0
PAIR_HARD_ENFORCE,POSITIVE_PAIR_EVIDENCE,1,103,petfold,121,112,121,0.9256198347107438,1.0,9,9,7,7,1.0
PAIR_HARD_ENFORCE,POSITIVE_PAIR_EVIDENCE,1,103,rnafold,121,112,121,0.9256198347107438,1.0,9,9,7,7,1.0
PAIR_HARD_ENFORCE,POSITIVE_PAIR_EVIDENCE,1,103,trrosettarna2_native_ss,121,110,121,0.9090909090909091,1.0,11,11,18,18,1.0
PAIR_HARD_ENFORCE,POSITIVE_PAIR_EVIDENCE,1,107,petfold,121,113,121,0.9338842975206612,1.0,8,8,4,4,1.0
PAIR_HARD_ENFORCE,POSITIVE_PAIR_EVIDENCE,1,107,rnafold,121,113,121,0.9338842975206612,1.0,8,8,4,4,1.0
PAIR_HARD_ENFORCE,POSITIVE_PAIR_EVIDENCE,1,107,trrosettarna2_native_ss,121,113,121,0.9338842975206612,1.0,8,8,15,15,1.0
PAIR_HARD_ENFORCE,POSITIVE_PAIR_EVIDENCE,1,109,petfold,121,112,121,0.9256198347107438,1.0,9,9,8,8,1.0
PAIR_HARD_ENFORCE,POSITIVE_PAIR_EVIDENCE,1,109,rnafold,121,112,121,0.9256198347107438,1.0,9,9,8,8,1.0
PAIR_HARD_ENFORCE,POSITIVE_PAIR_EVIDENCE,1,109,trrosettarna2_native_ss,121,113,121,0.9338842975206612,1.0,8,8,16,16,1.0
PAIR_HARD_ENFORCE,POSITIVE_PAIR_EVIDENCE,1,113,petfold,121,110,121,0.9090909090909091,1.0,11,11,7,7,1.0
PAIR_HARD_ENFORCE,POSITIVE_PAIR_EVIDENCE,1,113,rnafold,121,111,121,0.9173553719008265,1.0,10,10,6,6,1.0
PAIR_HARD_ENFORCE,POSITIVE_PAIR_EVIDENCE,1,113,trrosettarna2_native_ss,121,109,121,0.9008264462809917,1.0,12,12,20,20,1.0
PAIR_HARD_ENFORCE,POSITIVE_PAIR_EVIDENCE,5,101,petfold,130,116,130,0.8923076923076924,1.0,14,14,10,10,1.0
PAIR_HARD_ENFORCE,POSITIVE_PAIR_EVIDENCE,5,101,rnafold,130,116,130,0.8923076923076924,1.0,14,14,11,11,1.0
PAIR_HARD_ENFORCE,POSITIVE_PAIR_EVIDENCE,5,101,trrosettarna2_native_ss,130,114,130,0.8769230769230769,1.0,16,16,20,20,1.0
PAIR_HARD_ENFORCE,POSITIVE_PAIR_EVIDENCE,5,103,petfold,130,120,130,0.9230769230769231,1.0,10,10,8,8,1.0
PAIR_HARD_ENFORCE,POSITIVE_PAIR_EVIDENCE,5,103,rnafold,130,120,130,0.9230769230769231,1.0,10,10,6,6,1.0
PAIR_HARD_ENFORCE,POSITIVE_PAIR_EVIDENCE,5,103,trrosettarna2_native_ss,130,117,130,0.9,1.0,13,13,15,15,1.0
PAIR_HARD_ENFORCE,POSITIVE_PAIR_EVIDENCE,5,107,petfold,130,119,130,0.9153846153846154,1.0,11,11,10,10,1.0
PAIR_HARD_ENFORCE,POSITIVE_PAIR_EVIDENCE,5,107,rnafold,130,119,130,0.9153846153846154,1.0,11,11,9,9,1.0
PAIR_HARD_ENFORCE,POSITIVE_PAIR_EVIDENCE,5,107,trrosettarna2_native_ss,130,119,130,0.9153846153846154,1.0,11,11,16,16,1.0
PAIR_HARD_ENFORCE,POSITIVE_PAIR_EVIDENCE,5,109,petfold,130,117,130,0.9,1.0,13,13,8,8,1.0
PAIR_HARD_ENFORCE,POSITIVE_PAIR_EVIDENCE,5,109,rnafold,130,118,130,0.9076923076923077,1.0,12,12,8,8,1.0
PAIR_HARD_ENFORCE,POSITIVE_PAIR_EVIDENCE,5,109,trrosettarna2_native_ss,130,120,130,0.9230769230769231,1.0,10,10,14,14,1.0
PAIR_HARD_ENFORCE,POSITIVE_PAIR_EVIDENCE,5,113,petfold,130,111,130,0.8538461538461538,1.0,19,19,16,16,1.0
PAIR_HARD_ENFORCE,POSITIVE_PAIR_EVIDENCE,5,113,rnafold,130,110,130,0.8461538461538461,1.0,20,20,14,14,1.0
PAIR_HARD_ENFORCE,POSITIVE_PAIR_EVIDENCE,5,113,trrosettarna2_native_ss,130,117,130,0.9,1.0,13,13,18,18,1.0
PAIR_HARD_ENFORCE,POSITIVE_PAIR_EVIDENCE,10,101,petfold,180,165,180,0.9166666666666666,1.0,15,15,15,15,1.0
PAIR_HARD_ENFORCE,POSITIVE_PAIR_EVIDENCE,10,101,rnafold,180,165,180,0.9166666666666666,1.0,15,15,14,14,1.0
PAIR_HARD_ENFORCE,POSITIVE_PAIR_EVIDENCE,10,101,trrosettarna2_native_ss,180,161,180,0.8944444444444445,1.0,19,19,29,29,1.0
PAIR_HARD_ENFORCE,POSITIVE_PAIR_EVIDENCE,10,103,petfold,180,160,180,0.8888888888888888,1.0,20,20,14,14,1.0
PAIR_HARD_ENFORCE,POSITIVE_PAIR_EVIDENCE,10,103,rnafold,180,162,180,0.9,1.0,18,18,13,13,1.0
PAIR_HARD_ENFORCE,POSITIVE_PAIR_EVIDENCE,10,103,trrosettarna2_native_ss,180,157,180,0.8722222222222222,1.0,23,23,29,29,1.0
PAIR_HARD_ENFORCE,POSITIVE_PAIR_EVIDENCE,10,107,petfold,180,158,180,0.8777777777777778,1.0,22,22,17,17,1.0
PAIR_HARD_ENFORCE,POSITIVE_PAIR_EVIDENCE,10,107,rnafold,180,159,180,0.8833333333333333,1.0,21,21,15,15,1.0
PAIR_HARD_ENFORCE,POSITIVE_PAIR_EVIDENCE,10,107,trrosettarna2_native_ss,180,157,180,0.8722222222222222,1.0,23,23,29,29,1.0
PAIR_HARD_ENFORCE,POSITIVE_PAIR_EVIDENCE,10,109,petfold,180,153,180,0.85,1.0,27,27,20,20,1.0
PAIR_HARD_ENFORCE,POSITIVE_PAIR_EVIDENCE,10,109,rnafold,180,154,180,0.8555555555555555,1.0,26,26,19,19,1.0
PAIR_HARD_ENFORCE,POSITIVE_PAIR_EVIDENCE,10,109,trrosettarna2_native_ss,180,156,180,0.8666666666666667,1.0,24,24,31,31,1.0
PAIR_HARD_ENFORCE,POSITIVE_PAIR_EVIDENCE,10,113,petfold,180,161,180,0.8944444444444445,1.0,19,19,16,16,1.0
PAIR_HARD_ENFORCE,POSITIVE_PAIR_EVIDENCE,10,113,rnafold,180,161,180,0.8944444444444445,1.0,19,19,15,15,1.0
PAIR_HARD_ENFORCE,POSITIVE_PAIR_EVIDENCE,10,113,trrosettarna2_native_ss,180,161,180,0.8944444444444445,1.0,19,19,30,30,1.0
PAIR_HARD_ENFORCE,POSITIVE_PAIR_EVIDENCE,20,101,petfold,338,295,338,0.8727810650887574,1.0,43,43,38,38,1.0
PAIR_HARD_ENFORCE,POSITIVE_PAIR_EVIDENCE,20,101,rnafold,338,298,338,0.8816568047337278,1.0,40,40,34,34,1.0
PAIR_HARD_ENFORCE,POSITIVE_PAIR_EVIDENCE,20,101,trrosettarna2_native_ss,338,299,338,0.8846153846153846,1.0,39,39,45,45,1.0
PAIR_HARD_ENFORCE,POSITIVE_PAIR_EVIDENCE,20,103,petfold,338,295,338,0.8727810650887574,1.0,43,43,31,31,1.0
PAIR_HARD_ENFORCE,POSITIVE_PAIR_EVIDENCE,20,103,rnafold,338,296,338,0.8757396449704142,1.0,42,42,33,33,1.0
PAIR_HARD_ENFORCE,POSITIVE_PAIR_EVIDENCE,20,103,trrosettarna2_native_ss,338,294,338,0.8698224852071006,1.0,44,44,60,60,1.0
PAIR_HARD_ENFORCE,POSITIVE_PAIR_EVIDENCE,20,107,petfold,338,290,338,0.8579881656804734,1.0,48,48,50,50,1.0
PAIR_HARD_ENFORCE,POSITIVE_PAIR_EVIDENCE,20,107,rnafold,338,293,338,0.8668639053254438,1.0,45,45,49,49,1.0
PAIR_HARD_ENFORCE,POSITIVE_PAIR_EVIDENCE,20,107,trrosettarna2_native_ss,338,293,338,0.8668639053254438,1.0,45,45,55,55,1.0
PAIR_HARD_ENFORCE,POSITIVE_PAIR_EVIDENCE,20,109,petfold,338,296,338,0.8757396449704142,1.0,42,42,39,39,1.0
PAIR_HARD_ENFORCE,POSITIVE_PAIR_EVIDENCE,20,109,rnafold,338,296,338,0.8757396449704142,1.0,42,42,39,39,1.0
PAIR_HARD_ENFORCE,POSITIVE_PAIR_EVIDENCE,20,109,trrosettarna2_native_ss,338,299,338,0.8846153846153846,1.0,39,39,57,57,1.0
PAIR_HARD_ENFORCE,POSITIVE_PAIR_EVIDENCE,20,113,petfold,338,292,338,0.863905325443787,1.0,46,46,38,38,1.0
PAIR_HARD_ENFORCE,POSITIVE_PAIR_EVIDENCE,20,113,rnafold,338,294,338,0.8698224852071006,1.0,44,44,34,34,1.0
PAIR_HARD_ENFORCE,POSITIVE_PAIR_EVIDENCE,20,113,trrosettarna2_native_ss,338,294,338,0.8698224852071006,1.0,44,44,57,57,1.0
PAIR_HARD_ENFORCE,POSITIVE_PAIR_EVIDENCE,50,101,petfold,875,759,875,0.8674285714285714,1.0,116,116,95,95,1.0
PAIR_HARD_ENFORCE,POSITIVE_PAIR_EVIDENCE,50,101,rnafold,875,762,875,0.8708571428571429,1.0,113,113,94,94,1.0
PAIR_HARD_ENFORCE,POSITIVE_PAIR_EVIDENCE,50,101,trrosettarna2_native_ss,875,766,875,0.8754285714285714,1.0,109,109,121,121,1.0
PAIR_HARD_ENFORCE,POSITIVE_PAIR_EVIDENCE,50,103,petfold,875,760,875,0.8685714285714285,1.0,115,115,93,93,1.0
PAIR_HARD_ENFORCE,POSITIVE_PAIR_EVIDENCE,50,103,rnafold,875,762,875,0.8708571428571429,1.0,113,113,93,93,1.0
PAIR_HARD_ENFORCE,POSITIVE_PAIR_EVIDENCE,50,103,trrosettarna2_native_ss,875,755,875,0.8628571428571429,1.0,120,120,126,126,1.0
PAIR_HARD_ENFORCE,POSITIVE_PAIR_EVIDENCE,50,107,petfold,875,764,875,0.8731428571428571,1.0,111,111,74,74,1.0
PAIR_HARD_ENFORCE,POSITIVE_PAIR_EVIDENCE,50,107,rnafold,875,770,875,0.88,1.0,105,105,72,72,1.0
PAIR_HARD_ENFORCE,POSITIVE_PAIR_EVIDENCE,50,107,trrosettarna2_native_ss,875,759,875,0.8674285714285714,1.0,116,116,127,127,1.0
PAIR_HARD_ENFORCE,POSITIVE_PAIR_EVIDENCE,50,109,petfold,875,768,875,0.8777142857142857,1.0,107,107,82,82,1.0
PAIR_HARD_ENFORCE,POSITIVE_PAIR_EVIDENCE,50,109,rnafold,875,775,875,0.8857142857142857,1.0,100,100,79,79,1.0
PAIR_HARD_ENFORCE,POSITIVE_PAIR_EVIDENCE,50,109,trrosettarna2_native_ss,875,766,875,0.8754285714285714,1.0,109,109,122,122,1.0
PAIR_HARD_ENFORCE,POSITIVE_PAIR_EVIDENCE,50,113,petfold,875,761,875,0.8697142857142857,1.0,114,114,87,87,1.0
PAIR_HARD_ENFORCE,POSITIVE_PAIR_EVIDENCE,50,113,rnafold,875,767,875,0.8765714285714286,1.0,108,108,82,82,1.0
PAIR_HARD_ENFORCE,POSITIVE_PAIR_EVIDENCE,50,113,trrosettarna2_native_ss,875,767,875,0.8765714285714286,1.0,108,108,120,120,1.0
PAIR_PROTECT_ONLY,POSITIVE_PAIR_EVIDENCE,0,101,petfold,0,0,0,,,0,0,0,0,
PAIR_PROTECT_ONLY,POSITIVE_PAIR_EVIDENCE,0,101,rnafold,0,0,0,,,0,0,0,0,
PAIR_PROTECT_ONLY,POSITIVE_PAIR_EVIDENCE,0,101,trrosettarna2_native_ss,0,0,0,,,0,0,0,0,
PAIR_PROTECT_ONLY,POSITIVE_PAIR_EVIDENCE,0,103,petfold,0,0,0,,,0,0,0,0,
PAIR_PROTECT_ONLY,POSITIVE_PAIR_EVIDENCE,0,103,rnafold,0,0,0,,,0,0,0,0,
PAIR_PROTECT_ONLY,POSITIVE_PAIR_EVIDENCE,0,103,trrosettarna2_native_ss,0,0,0,,,0,0,0,0,
PAIR_PROTECT_ONLY,POSITIVE_PAIR_EVIDENCE,0,107,petfold,0,0,0,,,0,0,0,0,
PAIR_PROTECT_ONLY,POSITIVE_PAIR_EVIDENCE,0,107,rnafold,0,0,0,,,0,0,0,0,
PAIR_PROTECT_ONLY,POSITIVE_PAIR_EVIDENCE,0,107,trrosettarna2_native_ss,0,0,0,,,0,0,0,0,
PAIR_PROTECT_ONLY,POSITIVE_PAIR_EVIDENCE,0,109,petfold,0,0,0,,,0,0,0,0,
PAIR_PROTECT_ONLY,POSITIVE_PAIR_EVIDENCE,0,109,rnafold,0,0,0,,,0,0,0,0,
PAIR_PROTECT_ONLY,POSITIVE_PAIR_EVIDENCE,0,109,trrosettarna2_native_ss,0,0,0,,,0,0,0,0,
PAIR_PROTECT_ONLY,POSITIVE_PAIR_EVIDENCE,0,113,petfold,0,0,0,,,0,0,0,0,
PAIR_PROTECT_ONLY,POSITIVE_PAIR_EVIDENCE,0,113,rnafold,0,0,0,,,0,0,0,0,
PAIR_PROTECT_ONLY,POSITIVE_PAIR_EVIDENCE,0,113,trrosettarna2_native_ss,0,0,0,,,0,0,0,0,
PAIR_PROTECT_ONLY,POSITIVE_PAIR_EVIDENCE,1,101,petfold,121,110,110,0.9090909090909091,0.9090909090909091,0,0,9,9,1.0
PAIR_PROTECT_ONLY,POSITIVE_PAIR_EVIDENCE,1,101,rnafold,121,113,113,0.9338842975206612,0.9338842975206612,0,0,4,4,1.0
PAIR_PROTECT_ONLY,POSITIVE_PAIR_EVIDENCE,1,101,trrosettarna2_native_ss,121,111,111,0.9173553719008265,0.9173553719008265,0,0,18,18,1.0
PAIR_PROTECT_ONLY,POSITIVE_PAIR_EVIDENCE,1,103,petfold,121,112,112,0.9256198347107438,0.9256198347107438,0,0,7,7,1.0
PAIR_PROTECT_ONLY,POSITIVE_PAIR_EVIDENCE,1,103,rnafold,121,112,112,0.9256198347107438,0.9256198347107438,0,0,7,7,1.0
PAIR_PROTECT_ONLY,POSITIVE_PAIR_EVIDENCE,1,103,trrosettarna2_native_ss,121,110,110,0.9090909090909091,0.9090909090909091,0,0,18,18,1.0
PAIR_PROTECT_ONLY,POSITIVE_PAIR_EVIDENCE,1,107,petfold,121,113,113,0.9338842975206612,0.9338842975206612,0,0,4,4,1.0
PAIR_PROTECT_ONLY,POSITIVE_PAIR_EVIDENCE,1,107,rnafold,121,113,113,0.9338842975206612,0.9338842975206612,0,0,4,4,1.0
PAIR_PROTECT_ONLY,POSITIVE_PAIR_EVIDENCE,1,107,trrosettarna2_native_ss,121,113,113,0.9338842975206612,0.9338842975206612,0,0,15,15,1.0
PAIR_PROTECT_ONLY,POSITIVE_PAIR_EVIDENCE,1,109,petfold,121,112,112,0.9256198347107438,0.9256198347107438,0,0,8,8,1.0
PAIR_PROTECT_ONLY,POSITIVE_PAIR_EVIDENCE,1,109,rnafold,121,112,112,0.9256198347107438,0.9256198347107438,0,0,8,8,1.0
PAIR_PROTECT_ONLY,POSITIVE_PAIR_EVIDENCE,1,109,trrosettarna2_native_ss,121,113,113,0.9338842975206612,0.9338842975206612,0,0,16,16,1.0
PAIR_PROTECT_ONLY,POSITIVE_PAIR_EVIDENCE,1,113,petfold,121,110,110,0.9090909090909091,0.9090909090909091,0,0,7,7,1.0
PAIR_PROTECT_ONLY,POSITIVE_PAIR_EVIDENCE,1,113,rnafold,121,111,111,0.9173553719008265,0.9173553719008265,0,0,6,6,1.0
PAIR_PROTECT_ONLY,POSITIVE_PAIR_EVIDENCE,1,113,trrosettarna2_native_ss,121,109,109,0.9008264462809917,0.9008264462809917,0,0,20,20,1.0
PAIR_PROTECT_ONLY,POSITIVE_PAIR_EVIDENCE,5,101,petfold,130,116,116,0.8923076923076924,0.8923076923076924,0,0,10,10,1.0
PAIR_PROTECT_ONLY,POSITIVE_PAIR_EVIDENCE,5,101,rnafold,130,116,116,0.8923076923076924,0.8923076923076924,0,0,11,11,1.0
PAIR_PROTECT_ONLY,POSITIVE_PAIR_EVIDENCE,5,101,trrosettarna2_native_ss,130,114,114,0.8769230769230769,0.8769230769230769,0,0,20,20,1.0
PAIR_PROTECT_ONLY,POSITIVE_PAIR_EVIDENCE,5,103,petfold,130,120,120,0.9230769230769231,0.9230769230769231,0,0,8,8,1.0
PAIR_PROTECT_ONLY,POSITIVE_PAIR_EVIDENCE,5,103,rnafold,130,120,120,0.9230769230769231,0.9230769230769231,0,0,6,6,1.0
PAIR_PROTECT_ONLY,POSITIVE_PAIR_EVIDENCE,5,103,trrosettarna2_native_ss,130,117,117,0.9,0.9,0,0,15,15,1.0
PAIR_PROTECT_ONLY,POSITIVE_PAIR_EVIDENCE,5,107,petfold,130,119,119,0.9153846153846154,0.9153846153846154,0,0,10,10,1.0
PAIR_PROTECT_ONLY,POSITIVE_PAIR_EVIDENCE,5,107,rnafold,130,119,119,0.9153846153846154,0.9153846153846154,0,0,9,9,1.0
PAIR_PROTECT_ONLY,POSITIVE_PAIR_EVIDENCE,5,107,trrosettarna2_native_ss,130,119,119,0.9153846153846154,0.9153846153846154,0,0,16,16,1.0
PAIR_PROTECT_ONLY,POSITIVE_PAIR_EVIDENCE,5,109,petfold,130,117,117,0.9,0.9,0,0,8,8,1.0
PAIR_PROTECT_ONLY,POSITIVE_PAIR_EVIDENCE,5,109,rnafold,130,118,118,0.9076923076923077,0.9076923076923077,0,0,8,8,1.0
PAIR_PROTECT_ONLY,POSITIVE_PAIR_EVIDENCE,5,109,trrosettarna2_native_ss,130,120,120,0.9230769230769231,0.9230769230769231,0,0,14,14,1.0
PAIR_PROTECT_ONLY,POSITIVE_PAIR_EVIDENCE,5,113,petfold,130,111,111,0.8538461538461538,0.8538461538461538,0,0,16,16,1.0
PAIR_PROTECT_ONLY,POSITIVE_PAIR_EVIDENCE,5,113,rnafold,130,110,110,0.8461538461538461,0.8461538461538461,0,0,14,14,1.0
PAIR_PROTECT_ONLY,POSITIVE_PAIR_EVIDENCE,5,113,trrosettarna2_native_ss,130,117,117,0.9,0.9,0,0,18,18,1.0
PAIR_PROTECT_ONLY,POSITIVE_PAIR_EVIDENCE,10,101,petfold,180,165,165,0.9166666666666666,0.9166666666666666,0,0,15,15,1.0
PAIR_PROTECT_ONLY,POSITIVE_PAIR_EVIDENCE,10,101,rnafold,180,165,165,0.9166666666666666,0.9166666666666666,0,0,14,14,1.0
PAIR_PROTECT_ONLY,POSITIVE_PAIR_EVIDENCE,10,101,trrosettarna2_native_ss,180,161,161,0.8944444444444445,0.8944444444444445,0,0,29,29,1.0
PAIR_PROTECT_ONLY,POSITIVE_PAIR_EVIDENCE,10,103,petfold,180,160,160,0.8888888888888888,0.8888888888888888,0,0,14,14,1.0
PAIR_PROTECT_ONLY,POSITIVE_PAIR_EVIDENCE,10,103,rnafold,180,162,162,0.9,0.9,0,0,13,13,1.0
PAIR_PROTECT_ONLY,POSITIVE_PAIR_EVIDENCE,10,103,trrosettarna2_native_ss,180,157,157,0.8722222222222222,0.8722222222222222,0,0,29,29,1.0
PAIR_PROTECT_ONLY,POSITIVE_PAIR_EVIDENCE,10,107,petfold,180,158,158,0.8777777777777778,0.8777777777777778,0,0,17,17,1.0
PAIR_PROTECT_ONLY,POSITIVE_PAIR_EVIDENCE,10,107,rnafold,180,159,159,0.8833333333333333,0.8833333333333333,0,0,15,15,1.0
PAIR_PROTECT_ONLY,POSITIVE_PAIR_EVIDENCE,10,107,trrosettarna2_native_ss,180,157,157,0.8722222222222222,0.8722222222222222,0,0,29,29,1.0
PAIR_PROTECT_ONLY,POSITIVE_PAIR_EVIDENCE,10,109,petfold,180,153,153,0.85,0.85,0,0,20,20,1.0
PAIR_PROTECT_ONLY,POSITIVE_PAIR_EVIDENCE,10,109,rnafold,180,154,154,0.8555555555555555,0.8555555555555555,0,0,19,19,1.0
PAIR_PROTECT_ONLY,POSITIVE_PAIR_EVIDENCE,10,109,trrosettarna2_native_ss,180,156,156,0.8666666666666667,0.8666666666666667,0,0,31,31,1.0
PAIR_PROTECT_ONLY,POSITIVE_PAIR_EVIDENCE,10,113,petfold,180,161,161,0.8944444444444445,0.8944444444444445,0,0,16,16,1.0
PAIR_PROTECT_ONLY,POSITIVE_PAIR_EVIDENCE,10,113,rnafold,180,161,161,0.8944444444444445,0.8944444444444445,0,0,15,15,1.0
PAIR_PROTECT_ONLY,POSITIVE_PAIR_EVIDENCE,10,113,trrosettarna2_native_ss,180,161,161,0.8944444444444445,0.8944444444444445,0,0,30,30,1.0
PAIR_PROTECT_ONLY,POSITIVE_PAIR_EVIDENCE,20,101,petfold,338,295,295,0.8727810650887574,0.8727810650887574,0,0,38,38,1.0
PAIR_PROTECT_ONLY,POSITIVE_PAIR_EVIDENCE,20,101,rnafold,338,298,298,0.8816568047337278,0.8816568047337278,0,0,34,34,1.0
PAIR_PROTECT_ONLY,POSITIVE_PAIR_EVIDENCE,20,101,trrosettarna2_native_ss,338,299,299,0.8846153846153846,0.8846153846153846,0,0,45,45,1.0
PAIR_PROTECT_ONLY,POSITIVE_PAIR_EVIDENCE,20,103,petfold,338,295,295,0.8727810650887574,0.8727810650887574,0,0,31,31,1.0
PAIR_PROTECT_ONLY,POSITIVE_PAIR_EVIDENCE,20,103,rnafold,338,296,296,0.8757396449704142,0.8757396449704142,0,0,33,33,1.0
PAIR_PROTECT_ONLY,POSITIVE_PAIR_EVIDENCE,20,103,trrosettarna2_native_ss,338,294,294,0.8698224852071006,0.8698224852071006,0,0,60,60,1.0
PAIR_PROTECT_ONLY,POSITIVE_PAIR_EVIDENCE,20,107,petfold,338,290,290,0.8579881656804734,0.8579881656804734,0,0,50,50,1.0
PAIR_PROTECT_ONLY,POSITIVE_PAIR_EVIDENCE,20,107,rnafold,338,293,293,0.8668639053254438,0.8668639053254438,0,0,49,49,1.0
PAIR_PROTECT_ONLY,POSITIVE_PAIR_EVIDENCE,20,107,trrosettarna2_native_ss,338,293,293,0.8668639053254438,0.8668639053254438,0,0,55,55,1.0
PAIR_PROTECT_ONLY,POSITIVE_PAIR_EVIDENCE,20,109,petfold,338,296,296,0.8757396449704142,0.8757396449704142,0,0,39,39,1.0
PAIR_PROTECT_ONLY,POSITIVE_PAIR_EVIDENCE,20,109,rnafold,338,296,296,0.8757396449704142,0.8757396449704142,0,0,39,39,1.0
PAIR_PROTECT_ONLY,POSITIVE_PAIR_EVIDENCE,20,109,trrosettarna2_native_ss,338,299,299,0.8846153846153846,0.8846153846153846,0,0,57,57,1.0
PAIR_PROTECT_ONLY,POSITIVE_PAIR_EVIDENCE,20,113,petfold,338,292,292,0.863905325443787,0.863905325443787,0,0,38,38,1.0
PAIR_PROTECT_ONLY,POSITIVE_PAIR_EVIDENCE,20,113,rnafold,338,294,294,0.8698224852071006,0.8698224852071006,0,0,34,34,1.0
PAIR_PROTECT_ONLY,POSITIVE_PAIR_EVIDENCE,20,113,trrosettarna2_native_ss,338,294,294,0.8698224852071006,0.8698224852071006,0,0,57,57,1.0
PAIR_PROTECT_ONLY,POSITIVE_PAIR_EVIDENCE,50,101,petfold,875,759,759,0.8674285714285714,0.8674285714285714,0,0,95,95,1.0
PAIR_PROTECT_ONLY,POSITIVE_PAIR_EVIDENCE,50,101,rnafold,875,762,762,0.8708571428571429,0.8708571428571429,0,0,94,94,1.0
PAIR_PROTECT_ONLY,POSITIVE_PAIR_EVIDENCE,50,101,trrosettarna2_native_ss,875,766,766,0.8754285714285714,0.8754285714285714,0,0,121,121,1.0
PAIR_PROTECT_ONLY,POSITIVE_PAIR_EVIDENCE,50,103,petfold,875,760,760,0.8685714285714285,0.8685714285714285,0,0,93,93,1.0
PAIR_PROTECT_ONLY,POSITIVE_PAIR_EVIDENCE,50,103,rnafold,875,762,762,0.8708571428571429,0.8708571428571429,0,0,93,93,1.0
PAIR_PROTECT_ONLY,POSITIVE_PAIR_EVIDENCE,50,103,trrosettarna2_native_ss,875,755,755,0.8628571428571429,0.8628571428571429,0,0,126,126,1.0
PAIR_PROTECT_ONLY,POSITIVE_PAIR_EVIDENCE,50,107,petfold,875,764,764,0.8731428571428571,0.8731428571428571,0,0,74,74,1.0
PAIR_PROTECT_ONLY,POSITIVE_PAIR_EVIDENCE,50,107,rnafold,875,770,770,0.88,0.88,0,0,72,72,1.0
PAIR_PROTECT_ONLY,POSITIVE_PAIR_EVIDENCE,50,107,trrosettarna2_native_ss,875,759,759,0.8674285714285714,0.8674285714285714,0,0,127,127,1.0
PAIR_PROTECT_ONLY,POSITIVE_PAIR_EVIDENCE,50,109,petfold,875,768,768,0.8777142857142857,0.8777142857142857,0,0,82,82,1.0
PAIR_PROTECT_ONLY,POSITIVE_PAIR_EVIDENCE,50,109,rnafold,875,775,775,0.8857142857142857,0.8857142857142857,0,0,79,79,1.0
PAIR_PROTECT_ONLY,POSITIVE_PAIR_EVIDENCE,50,109,trrosettarna2_native_ss,875,766,766,0.8754285714285714,0.8754285714285714,0,0,122,122,1.0
PAIR_PROTECT_ONLY,POSITIVE_PAIR_EVIDENCE,50,113,petfold,875,761,761,0.8697142857142857,0.8697142857142857,0,0,87,87,1.0
PAIR_PROTECT_ONLY,POSITIVE_PAIR_EVIDENCE,50,113,rnafold,875,767,767,0.8765714285714286,0.8765714285714286,0,0,82,82,1.0
PAIR_PROTECT_ONLY,POSITIVE_PAIR_EVIDENCE,50,113,trrosettarna2_native_ss,875,767,767,0.8765714285714286,0.8765714285714286,0,0,120,120,1.0
UNPAIRED_HARD_DELETE,UNPAIRED_NUCLEOTIDE_EVIDENCE,0,101,petfold,0,0,0,,,0,0,0,0,
UNPAIRED_HARD_DELETE,UNPAIRED_NUCLEOTIDE_EVIDENCE,0,101,rnafold,0,0,0,,,0,0,0,0,
UNPAIRED_HARD_DELETE,UNPAIRED_NUCLEOTIDE_EVIDENCE,0,101,trrosettarna2_native_ss,0,0,0,,,0,0,0,0,
UNPAIRED_HARD_DELETE,UNPAIRED_NUCLEOTIDE_EVIDENCE,0,103,petfold,0,0,0,,,0,0,0,0,
UNPAIRED_HARD_DELETE,UNPAIRED_NUCLEOTIDE_EVIDENCE,0,103,rnafold,0,0,0,,,0,0,0,0,
UNPAIRED_HARD_DELETE,UNPAIRED_NUCLEOTIDE_EVIDENCE,0,103,trrosettarna2_native_ss,0,0,0,,,0,0,0,0,
UNPAIRED_HARD_DELETE,UNPAIRED_NUCLEOTIDE_EVIDENCE,0,107,petfold,0,0,0,,,0,0,0,0,
UNPAIRED_HARD_DELETE,UNPAIRED_NUCLEOTIDE_EVIDENCE,0,107,rnafold,0,0,0,,,0,0,0,0,
UNPAIRED_HARD_DELETE,UNPAIRED_NUCLEOTIDE_EVIDENCE,0,107,trrosettarna2_native_ss,0,0,0,,,0,0,0,0,
UNPAIRED_HARD_DELETE,UNPAIRED_NUCLEOTIDE_EVIDENCE,0,109,petfold,0,0,0,,,0,0,0,0,
UNPAIRED_HARD_DELETE,UNPAIRED_NUCLEOTIDE_EVIDENCE,0,109,rnafold,0,0,0,,,0,0,0,0,
UNPAIRED_HARD_DELETE,UNPAIRED_NUCLEOTIDE_EVIDENCE,0,109,trrosettarna2_native_ss,0,0,0,,,0,0,0,0,
UNPAIRED_HARD_DELETE,UNPAIRED_NUCLEOTIDE_EVIDENCE,0,113,petfold,0,0,0,,,0,0,0,0,
UNPAIRED_HARD_DELETE,UNPAIRED_NUCLEOTIDE_EVIDENCE,0,113,rnafold,0,0,0,,,0,0,0,0,
UNPAIRED_HARD_DELETE,UNPAIRED_NUCLEOTIDE_EVIDENCE,0,113,trrosettarna2_native_ss,0,0,0,,,0,0,0,0,
UNPAIRED_HARD_DELETE,UNPAIRED_NUCLEOTIDE_EVIDENCE,1,101,petfold,121,104,121,0.859504132231405,1.0,0,0,17,17,1.0
UNPAIRED_HARD_DELETE,UNPAIRED_NUCLEOTIDE_EVIDENCE,1,101,rnafold,121,105,121,0.8677685950413223,1.0,0,0,16,16,1.0
UNPAIRED_HARD_DELETE,UNPAIRED_NUCLEOTIDE_EVIDENCE,1,101,trrosettarna2_native_ss,121,86,121,0.7107438016528925,1.0,0,0,35,35,1.0
UNPAIRED_HARD_DELETE,UNPAIRED_NUCLEOTIDE_EVIDENCE,1,103,petfold,121,105,121,0.8677685950413223,1.0,0,0,16,16,1.0
UNPAIRED_HARD_DELETE,UNPAIRED_NUCLEOTIDE_EVIDENCE,1,103,rnafold,121,107,121,0.8842975206611571,1.0,0,0,14,14,1.0
UNPAIRED_HARD_DELETE,UNPAIRED_NUCLEOTIDE_EVIDENCE,1,103,trrosettarna2_native_ss,121,87,121,0.71900826446281,1.0,0,0,34,34,1.0
UNPAIRED_HARD_DELETE,UNPAIRED_NUCLEOTIDE_EVIDENCE,1,107,petfold,121,106,121,0.8760330578512396,1.0,0,0,15,15,1.0
UNPAIRED_HARD_DELETE,UNPAIRED_NUCLEOTIDE_EVIDENCE,1,107,rnafold,121,112,121,0.9256198347107438,1.0,0,0,9,9,1.0
UNPAIRED_HARD_DELETE,UNPAIRED_NUCLEOTIDE_EVIDENCE,1,107,trrosettarna2_native_ss,121,78,121,0.6446280991735537,1.0,0,0,43,43,1.0
UNPAIRED_HARD_DELETE,UNPAIRED_NUCLEOTIDE_EVIDENCE,1,109,petfold,121,100,121,0.8264462809917356,1.0,0,0,21,21,1.0
UNPAIRED_HARD_DELETE,UNPAIRED_NUCLEOTIDE_EVIDENCE,1,109,rnafold,121,102,121,0.8429752066115702,1.0,0,0,19,19,1.0
UNPAIRED_HARD_DELETE,UNPAIRED_NUCLEOTIDE_EVIDENCE,1,109,trrosettarna2_native_ss,121,76,121,0.628099173553719,1.0,0,0,45,45,1.0
UNPAIRED_HARD_DELETE,UNPAIRED_NUCLEOTIDE_EVIDENCE,1,113,petfold,121,103,121,0.8512396694214877,1.0,0,0,18,18,1.0
UNPAIRED_HARD_DELETE,UNPAIRED_NUCLEOTIDE_EVIDENCE,1,113,rnafold,121,106,121,0.8760330578512396,1.0,0,0,15,15,1.0
UNPAIRED_HARD_DELETE,UNPAIRED_NUCLEOTIDE_EVIDENCE,1,113,trrosettarna2_native_ss,121,77,121,0.6363636363636364,1.0,0,0,44,44,1.0
UNPAIRED_HARD_DELETE,UNPAIRED_NUCLEOTIDE_EVIDENCE,5,101,petfold,134,112,134,0.835820895522388,1.0,0,0,21,21,1.0
UNPAIRED_HARD_DELETE,UNPAIRED_NUCLEOTIDE_EVIDENCE,5,101,rnafold,134,116,134,0.8656716417910447,1.0,0,0,18,18,1.0
UNPAIRED_HARD_DELETE,UNPAIRED_NUCLEOTIDE_EVIDENCE,5,101,trrosettarna2_native_ss,134,90,134,0.6716417910447762,1.0,0,0,43,43,1.0
UNPAIRED_HARD_DELETE,UNPAIRED_NUCLEOTIDE_EVIDENCE,5,103,petfold,134,113,134,0.8432835820895522,1.0,0,0,21,21,1.0
UNPAIRED_HARD_DELETE,UNPAIRED_NUCLEOTIDE_EVIDENCE,5,103,rnafold,134,118,134,0.8805970149253731,1.0,0,0,16,16,1.0
UNPAIRED_HARD_DELETE,UNPAIRED_NUCLEOTIDE_EVIDENCE,5,103,trrosettarna2_native_ss,134,96,134,0.7164179104477612,1.0,0,0,38,38,1.0
UNPAIRED_HARD_DELETE,UNPAIRED_NUCLEOTIDE_EVIDENCE,5,107,petfold,134,111,134,0.8283582089552238,1.0,0,0,22,22,1.0
UNPAIRED_HARD_DELETE,UNPAIRED_NUCLEOTIDE_EVIDENCE,5,107,rnafold,134,114,134,0.8507462686567164,1.0,0,0,19,19,1.0
UNPAIRED_HARD_DELETE,UNPAIRED_NUCLEOTIDE_EVIDENCE,5,107,trrosettarna2_native_ss,134,84,134,0.6268656716417911,1.0,0,0,50,50,1.0
UNPAIRED_HARD_DELETE,UNPAIRED_NUCLEOTIDE_EVIDENCE,5,109,petfold,134,116,134,0.8656716417910447,1.0,0,0,18,18,1.0
UNPAIRED_HARD_DELETE,UNPAIRED_NUCLEOTIDE_EVIDENCE,5,109,rnafold,134,121,134,0.9029850746268657,1.0,0,0,13,13,1.0
UNPAIRED_HARD_DELETE,UNPAIRED_NUCLEOTIDE_EVIDENCE,5,109,trrosettarna2_native_ss,134,91,134,0.6791044776119403,1.0,0,0,43,43,1.0
UNPAIRED_HARD_DELETE,UNPAIRED_NUCLEOTIDE_EVIDENCE,5,113,petfold,134,110,134,0.8208955223880597,1.0,0,0,24,24,1.0
UNPAIRED_HARD_DELETE,UNPAIRED_NUCLEOTIDE_EVIDENCE,5,113,rnafold,134,117,134,0.8731343283582089,1.0,0,0,17,17,1.0
UNPAIRED_HARD_DELETE,UNPAIRED_NUCLEOTIDE_EVIDENCE,5,113,trrosettarna2_native_ss,134,93,134,0.6940298507462687,1.0,0,0,41,41,1.0
UNPAIRED_HARD_DELETE,UNPAIRED_NUCLEOTIDE_EVIDENCE,10,101,petfold,185,157,185,0.8486486486486486,1.0,0,0,28,28,1.0
UNPAIRED_HARD_DELETE,UNPAIRED_NUCLEOTIDE_EVIDENCE,10,101,rnafold,185,161,185,0.8702702702702703,1.0,0,0,24,24,1.0
UNPAIRED_HARD_DELETE,UNPAIRED_NUCLEOTIDE_EVIDENCE,10,101,trrosettarna2_native_ss,185,117,185,0.6324324324324324,1.0,0,0,67,67,1.0
UNPAIRED_HARD_DELETE,UNPAIRED_NUCLEOTIDE_EVIDENCE,10,103,petfold,185,157,185,0.8486486486486486,1.0,0,0,27,27,1.0
UNPAIRED_HARD_DELETE,UNPAIRED_NUCLEOTIDE_EVIDENCE,10,103,rnafold,185,159,185,0.8594594594594595,1.0,0,0,25,25,1.0
UNPAIRED_HARD_DELETE,UNPAIRED_NUCLEOTIDE_EVIDENCE,10,103,trrosettarna2_native_ss,185,129,185,0.6972972972972973,1.0,0,0,54,54,1.0
UNPAIRED_HARD_DELETE,UNPAIRED_NUCLEOTIDE_EVIDENCE,10,107,petfold,185,152,185,0.8216216216216217,1.0,0,0,33,33,1.0
UNPAIRED_HARD_DELETE,UNPAIRED_NUCLEOTIDE_EVIDENCE,10,107,rnafold,185,155,185,0.8378378378378378,1.0,0,0,30,30,1.0
UNPAIRED_HARD_DELETE,UNPAIRED_NUCLEOTIDE_EVIDENCE,10,107,trrosettarna2_native_ss,185,122,185,0.6594594594594595,1.0,0,0,63,63,1.0
UNPAIRED_HARD_DELETE,UNPAIRED_NUCLEOTIDE_EVIDENCE,10,109,petfold,185,160,185,0.8648648648648649,1.0,0,0,25,25,1.0
UNPAIRED_HARD_DELETE,UNPAIRED_NUCLEOTIDE_EVIDENCE,10,109,rnafold,185,160,185,0.8648648648648649,1.0,0,0,25,25,1.0
UNPAIRED_HARD_DELETE,UNPAIRED_NUCLEOTIDE_EVIDENCE,10,109,trrosettarna2_native_ss,185,130,185,0.7027027027027027,1.0,0,0,55,55,1.0
UNPAIRED_HARD_DELETE,UNPAIRED_NUCLEOTIDE_EVIDENCE,10,113,petfold,185,156,185,0.8432432432432433,1.0,0,0,29,29,1.0
UNPAIRED_HARD_DELETE,UNPAIRED_NUCLEOTIDE_EVIDENCE,10,113,rnafold,185,157,185,0.8486486486486486,1.0,0,0,28,28,1.0
UNPAIRED_HARD_DELETE,UNPAIRED_NUCLEOTIDE_EVIDENCE,10,113,trrosettarna2_native_ss,185,131,185,0.7081081081081081,1.0,0,0,54,54,1.0
UNPAIRED_HARD_DELETE,UNPAIRED_NUCLEOTIDE_EVIDENCE,20,101,petfold,333,267,333,0.8018018018018018,1.0,0,0,59,59,1.0
UNPAIRED_HARD_DELETE,UNPAIRED_NUCLEOTIDE_EVIDENCE,20,101,rnafold,333,281,333,0.8438438438438438,1.0,0,0,47,47,1.0
UNPAIRED_HARD_DELETE,UNPAIRED_NUCLEOTIDE_EVIDENCE,20,101,trrosettarna2_native_ss,333,217,333,0.6516516516516516,1.0,0,0,103,103,1.0
UNPAIRED_HARD_DELETE,UNPAIRED_NUCLEOTIDE_EVIDENCE,20,103,petfold,333,280,333,0.8408408408408409,1.0,0,0,51,51,1.0
UNPAIRED_HARD_DELETE,UNPAIRED_NUCLEOTIDE_EVIDENCE,20,103,rnafold,333,283,333,0.8498498498498499,1.0,0,0,48,48,1.0
UNPAIRED_HARD_DELETE,UNPAIRED_NUCLEOTIDE_EVIDENCE,20,103,trrosettarna2_native_ss,333,228,333,0.6846846846846847,1.0,0,0,102,102,1.0
UNPAIRED_HARD_DELETE,UNPAIRED_NUCLEOTIDE_EVIDENCE,20,107,petfold,333,288,333,0.8648648648648649,1.0,0,0,44,44,1.0
UNPAIRED_HARD_DELETE,UNPAIRED_NUCLEOTIDE_EVIDENCE,20,107,rnafold,333,290,333,0.8708708708708709,1.0,0,0,42,42,1.0
UNPAIRED_HARD_DELETE,UNPAIRED_NUCLEOTIDE_EVIDENCE,20,107,trrosettarna2_native_ss,333,222,333,0.6666666666666666,1.0,0,0,103,103,1.0
UNPAIRED_HARD_DELETE,UNPAIRED_NUCLEOTIDE_EVIDENCE,20,109,petfold,333,275,333,0.8258258258258259,1.0,0,0,53,53,1.0
UNPAIRED_HARD_DELETE,UNPAIRED_NUCLEOTIDE_EVIDENCE,20,109,rnafold,333,282,333,0.8468468468468469,1.0,0,0,47,47,1.0
UNPAIRED_HARD_DELETE,UNPAIRED_NUCLEOTIDE_EVIDENCE,20,109,trrosettarna2_native_ss,333,219,333,0.6576576576576577,1.0,0,0,106,106,1.0
UNPAIRED_HARD_DELETE,UNPAIRED_NUCLEOTIDE_EVIDENCE,20,113,petfold,333,276,333,0.8288288288288288,1.0,0,0,56,56,1.0
UNPAIRED_HARD_DELETE,UNPAIRED_NUCLEOTIDE_EVIDENCE,20,113,rnafold,333,278,333,0.8348348348348348,1.0,0,0,54,54,1.0
UNPAIRED_HARD_DELETE,UNPAIRED_NUCLEOTIDE_EVIDENCE,20,113,trrosettarna2_native_ss,333,225,333,0.6756756756756757,1.0,0,0,103,103,1.0
UNPAIRED_HARD_DELETE,UNPAIRED_NUCLEOTIDE_EVIDENCE,50,101,petfold,873,722,873,0.827033218785796,1.0,0,0,122,122,1.0
UNPAIRED_HARD_DELETE,UNPAIRED_NUCLEOTIDE_EVIDENCE,50,101,rnafold,873,737,873,0.8442153493699885,1.0,0,0,112,112,1.0
UNPAIRED_HARD_DELETE,UNPAIRED_NUCLEOTIDE_EVIDENCE,50,101,trrosettarna2_native_ss,873,598,873,0.6849942726231386,1.0,0,0,218,218,1.0
UNPAIRED_HARD_DELETE,UNPAIRED_NUCLEOTIDE_EVIDENCE,50,103,petfold,873,738,873,0.845360824742268,1.0,0,0,119,119,1.0
UNPAIRED_HARD_DELETE,UNPAIRED_NUCLEOTIDE_EVIDENCE,50,103,rnafold,873,755,873,0.8648339060710195,1.0,0,0,103,103,1.0
UNPAIRED_HARD_DELETE,UNPAIRED_NUCLEOTIDE_EVIDENCE,50,103,trrosettarna2_native_ss,873,581,873,0.6655211912943871,1.0,0,0,226,226,1.0
UNPAIRED_HARD_DELETE,UNPAIRED_NUCLEOTIDE_EVIDENCE,50,107,petfold,873,728,873,0.8339060710194731,1.0,0,0,122,122,1.0
UNPAIRED_HARD_DELETE,UNPAIRED_NUCLEOTIDE_EVIDENCE,50,107,rnafold,873,750,873,0.8591065292096219,1.0,0,0,105,105,1.0
UNPAIRED_HARD_DELETE,UNPAIRED_NUCLEOTIDE_EVIDENCE,50,107,trrosettarna2_native_ss,873,589,873,0.6746849942726232,1.0,0,0,224,224,1.0
UNPAIRED_HARD_DELETE,UNPAIRED_NUCLEOTIDE_EVIDENCE,50,109,petfold,873,739,873,0.8465063001145475,1.0,0,0,117,117,1.0
UNPAIRED_HARD_DELETE,UNPAIRED_NUCLEOTIDE_EVIDENCE,50,109,rnafold,873,756,873,0.865979381443299,1.0,0,0,103,103,1.0
UNPAIRED_HARD_DELETE,UNPAIRED_NUCLEOTIDE_EVIDENCE,50,109,trrosettarna2_native_ss,873,586,873,0.6712485681557846,1.0,0,0,228,228,1.0
UNPAIRED_HARD_DELETE,UNPAIRED_NUCLEOTIDE_EVIDENCE,50,113,petfold,873,721,873,0.8258877434135166,1.0,0,0,128,128,1.0
UNPAIRED_HARD_DELETE,UNPAIRED_NUCLEOTIDE_EVIDENCE,50,113,rnafold,873,739,873,0.8465063001145475,1.0,0,0,112,112,1.0
UNPAIRED_HARD_DELETE,UNPAIRED_NUCLEOTIDE_EVIDENCE,50,113,trrosettarna2_native_ss,873,587,873,0.6723940435280642,1.0,0,0,232,232,1.0
