condition,source_model,fold,seed,deployable,macro_delta_f1,micro_delta_f1,modification_precision,delete_recall,correct_pair_preservation,modified_pair_count,modified_rna_count,eligible_rna_count,beneficial_edit_count,harmful_edit_count,original_tp_count,tp_after_count,original_fp_count
V3_BASE,rnafold,0,17,True,-0.004581032945549075,-0.010010752616948504,0.125,0.027777777777777776,0.9773462783171522,8,4,25,1,7,309,302,36
V3_BASE,petfold,0,17,True,-0.0019606066985091266,-0.007392473118279508,0.3,0.07142857142857142,0.9772727272727273,10,5,25,3,7,308,301,42
V3_BASE,trrosettarna2_native_ss,0,17,True,0.05698860619962627,0.0650255965694495,0.9310344827586207,0.7605633802816901,0.9873417721518988,58,19,25,54,4,316,312,71
V3_BASE,rnafold,0,29,True,-0.005067241454197977,-0.01165320761726174,0.1111111111111111,0.027777777777777776,0.9741100323624595,9,4,25,1,8,309,301,36
V3_BASE,petfold,0,29,True,-0.001159458885318947,-0.007703418391911354,0.3333333333333333,0.09523809523809523,0.974025974025974,12,6,25,4,8,308,300,42
V3_BASE,trrosettarna2_native_ss,0,29,True,0.05778747741064169,0.06325063094216465,0.9016393442622951,0.7746478873239436,0.9810126582278481,61,19,25,55,6,316,310,71
V3_BASE,rnafold,0,41,True,-0.006151610404513814,-0.015569845640309388,0.2,0.08333333333333333,0.9611650485436893,15,4,25,3,12,309,297,36
V3_BASE,petfold,0,41,True,-0.002243827835634784,-0.01165954139137193,0.3333333333333333,0.14285714285714285,0.961038961038961,18,6,25,6,12,308,296,42
V3_BASE,trrosettarna2_native_ss,0,41,True,0.05620372726101579,0.06451284120226353,0.890625,0.8028169014084507,0.9778481012658228,64,21,25,57,7,316,309,71
V3_BASE,rnafold,0,53,True,-0.007948477409646824,-0.015260450961897876,0.15384615384615385,0.05555555555555555,0.9644012944983819,13,5,25,2,11,309,298,36
V3_BASE,petfold,0,53,True,-0.005328051162606875,-0.012671083812932249,0.26666666666666666,0.09523809523809523,0.9642857142857143,15,6,25,4,11,308,297,42
V3_BASE,trrosettarna2_native_ss,0,53,True,0.05328060936826105,0.06182081418932461,0.9,0.7605633802816901,0.9810126582278481,60,19,25,54,6,316,310,71
V3_BASE,rnafold,0,67,True,-0.00631631515482447,-0.01390661934584081,0.21428571428571427,0.08333333333333333,0.9644012944983819,14,4,25,3,11,309,298,36
V3_BASE,petfold,0,67,True,-0.0019982761756890313,-0.008647493198600809,0.3888888888888889,0.16666666666666666,0.9642857142857143,18,7,25,7,11,308,297,42
V3_BASE,trrosettarna2_native_ss,0,67,True,0.053181539291131535,0.06199987796128004,0.9137931034482759,0.7464788732394366,0.9841772151898734,58,19,25,53,5,316,311,71
V3_BASE,rnafold,1,17,False,0.0,0.0,,0.0,1.0,0,0,24,0,0,243,243,33
V3_BASE,petfold,1,17,False,0.0,0.0,,0.0,1.0,0,0,24,0,0,242,242,36
V3_BASE,trrosettarna2_native_ss,1,17,False,0.0,0.0,,0.0,1.0,0,0,24,0,0,246,246,53
V3_BASE,rnafold,1,29,False,0.0,0.0,,0.0,1.0,0,0,24,0,0,243,243,33
V3_BASE,petfold,1,29,False,0.0,0.0,,0.0,1.0,0,0,24,0,0,242,242,36
V3_BASE,trrosettarna2_native_ss,1,29,False,0.0,0.0,,0.0,1.0,0,0,24,0,0,246,246,53
V3_BASE,rnafold,1,41,False,0.0,0.0,,0.0,1.0,0,0,24,0,0,243,243,33
V3_BASE,petfold,1,41,False,0.0,0.0,,0.0,1.0,0,0,24,0,0,242,242,36
V3_BASE,trrosettarna2_native_ss,1,41,False,0.0,0.0,,0.0,1.0,0,0,24,0,0,246,246,53
V3_BASE,rnafold,1,53,False,0.0,0.0,,0.0,1.0,0,0,24,0,0,243,243,33
V3_BASE,petfold,1,53,False,0.0,0.0,,0.0,1.0,0,0,24,0,0,242,242,36
V3_BASE,trrosettarna2_native_ss,1,53,False,0.0,0.0,,0.0,1.0,0,0,24,0,0,246,246,53
V3_BASE,rnafold,1,67,False,0.0,0.0,,0.0,1.0,0,0,24,0,0,243,243,33
V3_BASE,petfold,1,67,False,0.0,0.0,,0.0,1.0,0,0,24,0,0,242,242,36
V3_BASE,trrosettarna2_native_ss,1,67,False,0.0,0.0,,0.0,1.0,0,0,24,0,0,246,246,53
V3_BASE,rnafold,2,17,True,-0.0024286287125712077,-0.005252208815683224,0.4166666666666667,0.05102040816326531,0.9801136363636364,12,3,24,5,7,352,345,98
V3_BASE,petfold,2,17,True,-0.0007747964327242327,-0.0039059231219820134,0.5263157894736842,0.0970873786407767,0.9741379310344828,19,5,24,10,9,348,339,103
V3_BASE,trrosettarna2_native_ss,2,17,True,0.05903483928391764,0.0863475645942321,0.9487179487179487,0.7350993377483444,0.9826086956521739,117,20,24,111,6,345,339,151
V3_BASE,rnafold,2,29,True,-0.00043182739697099115,-0.0015024798210638846,0.5,0.030612244897959183,0.9914772727272727,6,4,24,3,3,352,349,98
V3_BASE,petfold,2,29,True,0.0014950403884415736,0.0007758512029976128,0.6428571428571429,0.08737864077669903,0.985632183908046,14,6,24,9,5,348,343,103
V3_BASE,trrosettarna2_native_ss,2,29,True,0.061329989496611975,0.08924746251326299,0.95,0.7549668874172185,0.9826086956521739,120,21,24,114,6,345,339,151
V3_BASE,rnafold,2,41,True,-0.002492789458303867,-0.002325925195880374,0.5555555555555556,0.10204081632653061,0.9772727272727273,18,5,24,10,8,352,344,98
V3_BASE,petfold,2,41,True,0.0006898326121157067,0.0022965256108239407,0.6666666666666666,0.13592233009708737,0.9798850574712644,21,7,24,14,7,348,341,103
V3_BASE,trrosettarna2_native_ss,2,41,True,0.06405429304903287,0.08731189023476904,0.9491525423728814,0.7417218543046358,0.9826086956521739,118,20,24,112,6,345,339,151
V3_BASE,rnafold,2,53,True,-0.0010956564974365184,0.0009271978021977434,0.6428571428571429,0.09183673469387756,0.9857954545454546,14,5,24,9,5,352,347,98
V3_BASE,petfold,2,53,True,0.0006349559317473848,0.0022965256108239407,0.6666666666666666,0.13592233009708737,0.9798850574712644,21,7,24,14,7,348,341,103
V3_BASE,trrosettarna2_native_ss,2,53,True,0.05739933870179081,0.08446277351804776,0.9333333333333333,0.7417218543046358,0.9768115942028985,120,20,24,112,8,345,337,151
V3_BASE,rnafold,2,67,True,-0.005441708035593247,-0.003537087912087955,0.5,0.07142857142857142,0.9801136363636364,14,6,24,7,7,352,345,98
V3_BASE,petfold,2,67,True,-0.002608245419007708,4.933459958800235e-05,0.6190476190476191,0.1262135922330097,0.9770114942528736,21,8,24,13,8,348,340,103
V3_BASE,trrosettarna2_native_ss,2,67,True,0.06553534420652005,0.09216824805235901,0.9512195121951219,0.7748344370860927,0.9826086956521739,123,20,24,117,6,345,339,151
V3_BASE,rnafold,3,17,True,-0.0008768746976294169,-0.0017386171554291119,0.0,0.0,0.9965156794425087,1,1,24,0,1,287,286,15
V3_BASE,petfold,3,17,True,-0.001726262391775174,-0.002484740452654899,0.42857142857142855,0.15789473684210525,0.9859154929577465,7,3,24,3,4,284,280,19
V3_BASE,trrosettarna2_native_ss,3,17,True,0.05270723033107457,0.08676318564578889,0.9577464788732394,0.8,0.9885931558935361,71,20,24,68,3,263,260,85
V3_BASE,rnafold,3,29,True,-0.002420084574172629,-0.0034829440552111013,0.0,0.0,0.9930313588850174,2,2,24,0,2,287,285,15
V3_BASE,petfold,3,29,True,-0.003269472268318386,-0.004263515560749664,0.375,0.15789473684210525,0.9823943661971831,8,4,24,3,5,284,279,19
V3_BASE,trrosettarna2_native_ss,3,29,True,0.049497353787864684,0.08295281582952818,0.9315068493150684,0.8,0.9809885931558935,73,20,24,68,5,263,258,85
V3_BASE,rnafold,3,41,True,-0.0008768746976294169,-0.0017386171554291119,0.0,0.0,0.9965156794425087,1,1,24,0,1,287,286,15
V3_BASE,petfold,3,41,True,-0.001726262391775174,-0.002484740452654899,0.42857142857142855,0.15789473684210525,0.9859154929577465,7,3,24,3,4,284,280,19
V3_BASE,trrosettarna2_native_ss,3,41,True,0.0510405636644079,0.0848612574639972,0.9444444444444444,0.8,0.9847908745247148,72,20,24,68,4,263,259,85
V3_BASE,rnafold,3,53,True,-0.002420084574172629,-0.0034829440552111013,0.0,0.0,0.9930313588850174,2,2,24,0,2,287,285,15
V3_BASE,petfold,3,53,True,-0.003269472268318386,-0.004263515560749664,0.375,0.15789473684210525,0.9823943661971831,8,4,24,3,5,284,279,19
V3_BASE,trrosettarna2_native_ss,3,53,True,0.05183421445805869,0.08637747336377477,0.9452054794520548,0.8117647058823529,0.9847908745247148,73,20,24,69,4,263,259,85
V3_BASE,rnafold,3,67,True,-0.002420084574172629,-0.0034829440552111013,0.0,0.0,0.9930313588850174,2,2,24,0,2,287,285,15
V3_BASE,petfold,3,67,True,-0.003269472268318386,-0.004263515560749664,0.375,0.15789473684210525,0.9823943661971831,8,4,24,3,5,284,279,19
V3_BASE,trrosettarna2_native_ss,3,67,True,0.05072310334694758,0.08525147863786409,0.9571428571428572,0.788235294117647,0.9885931558935361,70,20,24,67,3,263,260,85
V3_BASE,rnafold,4,17,True,0.00047274387063119444,0.0014461538461538748,1.0,0.02631578947368421,1.0,1,1,24,1,0,282,282,38
V3_BASE,petfold,4,17,True,0.0036778237865194435,0.005754938930574549,1.0,0.0975609756097561,1.0,4,3,24,4,0,281,281,41
V3_BASE,trrosettarna2_native_ss,4,17,True,0.06426734785077091,0.06121839921443284,0.9782608695652174,0.625,0.9965635738831615,46,22,24,45,1,291,290,72
V3_BASE,rnafold,4,29,True,0.0,0.0,,0.0,1.0,0,0,24,0,0,282,282,38
V3_BASE,petfold,4,29,True,0.003160225442834142,0.004309287204024015,1.0,0.07317073170731707,1.0,3,2,24,3,0,281,281,41
V3_BASE,trrosettarna2_native_ss,4,29,True,0.06693595437077121,0.06271997068664603,0.9787234042553191,0.6388888888888888,0.9965635738831615,47,21,24,46,1,291,290,72
V3_BASE,rnafold,4,41,True,0.00047274387063119444,0.0014461538461538748,1.0,0.02631578947368421,1.0,1,1,24,1,0,282,282,38
V3_BASE,petfold,4,41,True,0.0036778237865194435,0.005754938930574549,1.0,0.0975609756097561,1.0,4,3,24,4,0,281,281,41
V3_BASE,trrosettarna2_native_ss,4,41,True,0.062318030111979485,0.059721648196384036,0.9777777777777777,0.6111111111111112,0.9965635738831615,45,22,24,44,1,291,290,72
V3_BASE,rnafold,4,53,True,-0.0012299229387189674,-0.0020784565916398545,0.3333333333333333,0.02631578947368421,0.9929078014184397,3,2,24,1,2,282,280,38
V3_BASE,petfold,4,53,True,0.0036778237865194435,0.005754938930574549,1.0,0.0975609756097561,1.0,4,3,24,4,0,281,281,41
V3_BASE,trrosettarna2_native_ss,4,53,True,0.06736877520198988,0.061000579486188866,0.9583333333333334,0.6388888888888888,0.993127147766323,48,21,24,46,2,291,289,72
V3_BASE,rnafold,4,67,True,-0.00023148148148148065,-0.0003133226324237848,0.5,0.02631578947368421,0.9964539007092199,2,1,24,1,1,282,281,38
V3_BASE,petfold,4,67,True,0.0036778237865194435,0.005754938930574549,1.0,0.0975609756097561,1.0,4,3,24,4,0,281,281,41
V3_BASE,trrosettarna2_native_ss,4,67,True,0.06573800275219836,0.06293192106957834,1.0,0.625,1.0,45,21,24,45,0,291,291,72
V3_VETO2_FIXED,rnafold,0,17,True,-0.0008349282296650707,-0.00025821981508833414,0.5,0.027777777777777776,0.9967637540453075,2,2,25,1,1,309,308,36
V3_VETO2_FIXED,petfold,0,17,True,0.001785498017374878,0.0023789133123989226,0.75,0.07142857142857142,0.9967532467532467,4,4,25,3,1,308,307,42
V3_VETO2_FIXED,trrosettarna2_native_ss,0,17,True,0.05970344202812994,0.06995033976953313,1.0,0.7464788732394366,1.0,53,19,25,53,0,316,316,71
V3_VETO2_FIXED,rnafold,0,29,True,-8.865248226950672e-05,-0.00025821981508833414,0.5,0.027777777777777776,0.9967637540453075,2,1,25,1,1,309,308,36
V3_VETO2_FIXED,petfold,0,29,True,0.0038191300866095234,0.003716586458283766,0.8,0.09523809523809523,0.9967532467532467,5,4,25,4,1,308,307,42
V3_VETO2_FIXED,trrosettarna2_native_ss,0,29,True,0.06278036510505303,0.07137733067020824,1.0,0.7605633802816901,1.0,54,19,25,54,0,316,316,71
V3_VETO2_FIXED,rnafold,0,41,True,-0.00016227447441869103,0.000839663782795208,0.6,0.08333333333333333,0.9935275080906149,5,3,25,3,2,309,307,36
V3_VETO2_FIXED,petfold,0,41,True,0.003745508094460339,0.004786062984588946,0.75,0.14285714285714285,0.9935064935064936,8,5,25,6,2,308,306,42
V3_VETO2_FIXED,trrosettarna2_native_ss,0,41,True,0.06033647760853393,0.07266302224052368,0.9824561403508771,0.7887323943661971,0.9968354430379747,57,21,25,56,1,316,315,71
V3_VETO2_FIXED,rnafold,0,53,True,-0.0004497098646034825,0.0010957751294110585,0.6666666666666666,0.05555555555555555,0.9967637540453075,3,2,25,2,1,309,308,36
V3_VETO2_FIXED,petfold,0,53,True,0.0021707163824364662,0.003716586458283766,0.8,0.09523809523809523,0.9967532467532467,5,4,25,4,1,308,307,42
V3_VETO2_FIXED,trrosettarna2_native_ss,0,53,True,0.05795423240275932,0.06995033976953313,1.0,0.7464788732394366,1.0,53,19,25,53,0,316,316,71
V3_VETO2_FIXED,rnafold,0,67,True,-0.0006391328194397294,-0.000779277385326238,0.5,0.08333333333333333,0.9902912621359223,6,3,25,3,3,309,306,36
V3_VETO2_FIXED,petfold,0,67,True,0.0036789061596957094,0.004512288786482355,0.7,0.16666666666666666,0.9902597402597403,10,6,25,7,3,308,305,42
V3_VETO2_FIXED,trrosettarna2_native_ss,0,67,True,0.05735050085165936,0.06852762770214338,1.0,0.7323943661971831,1.0,52,19,25,52,0,316,316,71
V3_VETO2_FIXED,rnafold,1,17,False,0.0,0.0,,0.0,1.0,0,0,24,0,0,243,243,33
V3_VETO2_FIXED,petfold,1,17,False,0.0,0.0,,0.0,1.0,0,0,24,0,0,242,242,36
V3_VETO2_FIXED,trrosettarna2_native_ss,1,17,False,0.0,0.0,,0.0,1.0,0,0,24,0,0,246,246,53
V3_VETO2_FIXED,rnafold,1,29,False,0.0,0.0,,0.0,1.0,0,0,24,0,0,243,243,33
V3_VETO2_FIXED,petfold,1,29,False,0.0,0.0,,0.0,1.0,0,0,24,0,0,242,242,36
V3_VETO2_FIXED,trrosettarna2_native_ss,1,29,False,0.0,0.0,,0.0,1.0,0,0,24,0,0,246,246,53
V3_VETO2_FIXED,rnafold,1,41,False,0.0,0.0,,0.0,1.0,0,0,24,0,0,243,243,33
V3_VETO2_FIXED,petfold,1,41,False,0.0,0.0,,0.0,1.0,0,0,24,0,0,242,242,36
V3_VETO2_FIXED,trrosettarna2_native_ss,1,41,False,0.0,0.0,,0.0,1.0,0,0,24,0,0,246,246,53
V3_VETO2_FIXED,rnafold,1,53,False,0.0,0.0,,0.0,1.0,0,0,24,0,0,243,243,33
V3_VETO2_FIXED,petfold,1,53,False,0.0,0.0,,0.0,1.0,0,0,24,0,0,242,242,36
V3_VETO2_FIXED,trrosettarna2_native_ss,1,53,False,0.0,0.0,,0.0,1.0,0,0,24,0,0,246,246,53
V3_VETO2_FIXED,rnafold,1,67,False,0.0,0.0,,0.0,1.0,0,0,24,0,0,243,243,33
V3_VETO2_FIXED,petfold,1,67,False,0.0,0.0,,0.0,1.0,0,0,24,0,0,242,242,36
V3_VETO2_FIXED,trrosettarna2_native_ss,1,67,False,0.0,0.0,,0.0,1.0,0,0,24,0,0,246,246,53
V3_VETO2_FIXED,rnafold,2,17,True,-0.001091721528043631,-0.0006474146009030068,0.5714285714285714,0.04081632653061224,0.9914772727272727,7,2,24,4,3,352,349,98
V3_VETO2_FIXED,petfold,2,17,True,0.0017803244670816856,0.003523856852778229,0.75,0.08737864077669903,0.9913793103448276,12,3,24,9,3,348,345,103
V3_VETO2_FIXED,trrosettarna2_native_ss,2,17,True,0.06245477221703515,0.08918203573152106,0.9652173913043478,0.7350993377483444,0.9884057971014493,115,20,24,111,4,345,341,151
V3_VETO2_FIXED,rnafold,2,29,True,-0.0007737672611215657,-0.0009994420590447861,0.5,0.02040816326530612,0.9943181818181818,4,3,24,2,2,352,350,98
V3_VETO2_FIXED,petfold,2,29,True,0.002284548451919816,0.004039906872593035,0.8,0.07766990291262135,0.9942528735632183,10,5,24,8,2,348,346,103
V3_VETO2_FIXED,trrosettarna2_native_ss,2,29,True,0.06379206802359923,0.08969852507963771,0.9576271186440678,0.7483443708609272,0.9855072463768116,118,21,24,113,5,345,340,151
V3_VETO2_FIXED,rnafold,2,41,True,-0.0009608691513413198,0.001429305660931468,0.6666666666666666,0.08163265306122448,0.9886363636363636,12,3,24,8,4,352,348,98
V3_VETO2_FIXED,petfold,2,41,True,0.00335511671564274,0.008832898574463566,0.9230769230769231,0.11650485436893204,0.9971264367816092,13,4,24,12,1,348,347,103
V3_VETO2_FIXED,trrosettarna2_native_ss,2,41,True,0.0674742259821504,0.09014743972902972,0.9655172413793104,0.7417218543046358,0.9884057971014493,116,20,24,112,4,345,341,151
V3_VETO2_FIXED,rnafold,2,53,True,2.5343294086550838e-05,0.004151404151404137,0.8,0.08163265306122448,0.9943181818181818,10,3,24,8,2,352,350,98
V3_VETO2_FIXED,petfold,2,53,True,0.002915618100752656,0.008325819350791908,0.8666666666666667,0.1262135922330097,0.9942528735632183,15,4,24,13,2,348,346,103
V3_VETO2_FIXED,trrosettarna2_native_ss,2,53,True,0.0612935700312428,0.08873135482069217,0.9572649572649573,0.7417218543046358,0.9855072463768116,117,20,24,112,5,345,340,151
V3_VETO2_FIXED,rnafold,2,67,True,-0.0011734438676230137,0.0010684099474331799,0.6666666666666666,0.061224489795918366,0.9914772727272727,9,4,24,6,3,352,349,98
V3_VETO2_FIXED,petfold,2,67,True,0.00283555351681377,0.0074648144136999495,0.8571428571428571,0.11650485436893204,0.9942528735632183,14,5,24,12,2,348,346,103
V3_VETO2_FIXED,trrosettarna2_native_ss,2,67,True,0.06829269714769652,0.09359039964680982,0.9590163934426229,0.7748344370860927,0.9855072463768116,122,20,24,117,5,345,340,151
V3_VETO2_FIXED,rnafold,3,17,True,0.0,0.0,,0.0,1.0,0,0,24,0,0,287,287,15
V3_VETO2_FIXED,petfold,3,17,True,0.003182870370370373,0.00457194372001668,1.0,0.15789473684210525,1.0,3,2,24,3,0,284,284,19
V3_VETO2_FIXED,trrosettarna2_native_ss,3,17,True,0.05729552398186822,0.09243022122990496,1.0,0.8,1.0,68,20,24,68,0,263,263,85
V3_VETO2_FIXED,rnafold,3,29,True,0.0,0.0,,0.0,1.0,0,0,24,0,0,287,287,15
V3_VETO2_FIXED,petfold,3,29,True,0.003182870370370373,0.00457194372001668,1.0,0.15789473684210525,1.0,3,2,24,3,0,284,284,19
V3_VETO2_FIXED,trrosettarna2_native_ss,3,29,True,0.055628857315201556,0.09054763457894577,0.9855072463768116,0.8,0.9961977186311787,69,20,24,68,1,263,262,85
V3_VETO2_FIXED,rnafold,3,41,True,0.0,0.0,,0.0,1.0,0,0,24,0,0,287,287,15
V3_VETO2_FIXED,petfold,3,41,True,0.003182870370370373,0.00457194372001668,1.0,0.15789473684210525,1.0,3,2,24,3,0,284,284,19
V3_VETO2_FIXED,trrosettarna2_native_ss,3,41,True,0.055628857315201556,0.09054763457894577,0.9855072463768116,0.8,0.9961977186311787,69,20,24,68,1,263,262,85
V3_VETO2_FIXED,rnafold,3,53,True,0.0,0.0,,0.0,1.0,0,0,24,0,0,287,287,15
V3_VETO2_FIXED,petfold,3,53,True,0.003182870370370373,0.00457194372001668,1.0,0.15789473684210525,1.0,3,2,24,3,0,284,284,19
V3_VETO2_FIXED,trrosettarna2_native_ss,3,53,True,0.056422508108852354,0.09206578868897142,0.9857142857142858,0.8117647058823529,0.9961977186311787,70,20,24,69,1,263,262,85
V3_VETO2_FIXED,rnafold,3,67,True,0.0,0.0,,0.0,1.0,0,0,24,0,0,287,287,15
V3_VETO2_FIXED,petfold,3,67,True,0.003182870370370373,0.00457194372001668,1.0,0.15789473684210525,1.0,3,2,24,3,0,284,284,19
V3_VETO2_FIXED,trrosettarna2_native_ss,3,67,True,0.055311396997741236,0.09091659572272537,1.0,0.788235294117647,1.0,67,20,24,67,0,263,263,85
V3_VETO2_FIXED,rnafold,4,17,True,0.00047274387063119444,0.0014461538461538748,1.0,0.02631578947368421,1.0,1,1,24,1,0,282,282,38
V3_VETO2_FIXED,petfold,4,17,True,0.0036778237865194435,0.005754938930574549,1.0,0.0975609756097561,1.0,4,3,24,4,0,281,281,41
V3_VETO2_FIXED,trrosettarna2_native_ss,4,17,True,0.06426734785077091,0.06121839921443284,0.9782608695652174,0.625,0.9965635738831615,46,22,24,45,1,291,290,72
V3_VETO2_FIXED,rnafold,4,29,True,0.0,0.0,,0.0,1.0,0,0,24,0,0,282,282,38
V3_VETO2_FIXED,petfold,4,29,True,0.003160225442834142,0.004309287204024015,1.0,0.07317073170731707,1.0,3,2,24,3,0,281,281,41
V3_VETO2_FIXED,trrosettarna2_native_ss,4,29,True,0.06693595437077121,0.06271997068664603,0.9787234042553191,0.6388888888888888,0.9965635738831615,47,21,24,46,1,291,290,72
V3_VETO2_FIXED,rnafold,4,41,True,0.00047274387063119444,0.0014461538461538748,1.0,0.02631578947368421,1.0,1,1,24,1,0,282,282,38
V3_VETO2_FIXED,petfold,4,41,True,0.0036778237865194435,0.005754938930574549,1.0,0.0975609756097561,1.0,4,3,24,4,0,281,281,41
V3_VETO2_FIXED,trrosettarna2_native_ss,4,41,True,0.062318030111979485,0.059721648196384036,0.9777777777777777,0.6111111111111112,0.9965635738831615,45,22,24,44,1,291,290,72
V3_VETO2_FIXED,rnafold,4,53,True,0.00047274387063119444,0.0014461538461538748,1.0,0.02631578947368421,1.0,1,1,24,1,0,282,282,38
V3_VETO2_FIXED,petfold,4,53,True,0.0036778237865194435,0.005754938930574549,1.0,0.0975609756097561,1.0,4,3,24,4,0,281,281,41
V3_VETO2_FIXED,trrosettarna2_native_ss,4,53,True,0.06814561136018196,0.06271997068664603,0.9787234042553191,0.6388888888888888,0.9965635738831615,47,21,24,46,1,291,290,72
V3_VETO2_FIXED,rnafold,4,67,True,0.00047274387063119444,0.0014461538461538748,1.0,0.02631578947368421,1.0,1,1,24,1,0,282,282,38
V3_VETO2_FIXED,petfold,4,67,True,0.0036778237865194435,0.005754938930574549,1.0,0.0975609756097561,1.0,4,3,24,4,0,281,281,41
V3_VETO2_FIXED,trrosettarna2_native_ss,4,67,True,0.06573800275219836,0.06293192106957834,1.0,0.625,1.0,45,21,24,45,0,291,291,72
V3_VETO2_RECALIBRATED,rnafold,0,17,True,0.0013514426749720876,0.0005820234132145607,0.5714285714285714,0.1111111111111111,0.9902912621359223,7,3,25,4,3,309,306,36
V3_VETO2_RECALIBRATED,petfold,0,17,True,0.007263684552658254,0.007221954742416936,0.75,0.21428571428571427,0.9902597402597403,12,8,25,9,3,308,305,42
V3_VETO2_RECALIBRATED,trrosettarna2_native_ss,0,17,True,0.06431163288803704,0.07266302224052368,0.9824561403508771,0.7887323943661971,0.9968354430379747,57,20,25,56,1,316,315,71
V3_VETO2_RECALIBRATED,rnafold,0,29,True,0.00013935748722766484,-0.0013065845216240213,0.5,0.1388888888888889,0.9838187702265372,10,5,25,5,5,309,304,36
V3_VETO2_RECALIBRATED,petfold,0,29,True,0.006051599364913831,0.005319920684818902,0.6666666666666666,0.23809523809523808,0.9837662337662337,15,8,25,10,5,308,303,42
V3_VETO2_RECALIBRATED,trrosettarna2_native_ss,0,29,True,0.06512525064283127,0.07540868565341086,0.9672131147540983,0.8309859154929577,0.9936708860759493,61,22,25,59,2,316,314,71
V3_VETO2_RECALIBRATED,rnafold,0,41,True,0.0021055904879434275,0.001947393870345926,0.625,0.1388888888888889,0.9902912621359223,8,4,25,5,3,309,306,36
V3_VETO2_RECALIBRATED,petfold,0,41,True,0.008449681218531077,0.009947846242997938,0.7857142857142857,0.2619047619047619,0.9902597402597403,14,8,25,11,3,308,305,42
V3_VETO2_RECALIBRATED,trrosettarna2_native_ss,0,41,True,0.06527867314479822,0.07526968350351093,0.9523809523809523,0.8450704225352113,0.990506329113924,63,22,25,60,3,316,313,71
V3_VETO2_RECALIBRATED,rnafold,0,53,True,0.0006277579756281559,0.00032284028692985967,0.5555555555555556,0.1388888888888889,0.9870550161812298,9,5,25,5,4,309,305,36
V3_VETO2_RECALIBRATED,petfold,0,53,True,0.006539999853314322,0.006953834266949954,0.7142857142857143,0.23809523809523808,0.987012987012987,14,8,25,10,4,308,304,42
V3_VETO2_RECALIBRATED,trrosettarna2_native_ss,0,53,True,0.06346178128486475,0.0741027523939578,0.9827586206896551,0.8028169014084507,0.9968354430379747,58,21,25,57,1,316,315,71
V3_VETO2_RECALIBRATED,rnafold,0,67,True,0.00013935748722766484,-0.0013065845216240213,0.5,0.1388888888888889,0.9838187702265372,10,5,25,5,5,309,304,36
V3_VETO2_RECALIBRATED,petfold,0,67,True,0.006483448217815315,0.006684103458297064,0.6875,0.2619047619047619,0.9837662337662337,16,8,25,11,5,308,303,42
V3_VETO2_RECALIBRATED,trrosettarna2_native_ss,0,67,True,0.06625428290089579,0.07686136037918379,0.967741935483871,0.8450704225352113,0.9936708860759493,62,22,25,60,2,316,314,71
V3_VETO2_RECALIBRATED,rnafold,1,17,True,0.0,0.0,,0.0,1.0,0,0,24,0,0,243,243,33
V3_VETO2_RECALIBRATED,petfold,1,17,True,0.0023715538847117836,0.0032352076147695863,1.0,0.05555555555555555,1.0,2,2,24,2,0,242,242,36
V3_VETO2_RECALIBRATED,trrosettarna2_native_ss,1,17,True,0.04506714023112827,0.06335543484049633,0.975609756097561,0.7547169811320755,0.9959349593495935,41,14,24,40,1,246,245,53
V3_VETO2_RECALIBRATED,rnafold,1,29,True,0.0,0.0,,0.0,1.0,0,0,24,0,0,243,243,33
V3_VETO2_RECALIBRATED,petfold,1,29,True,0.0023715538847117836,0.0032352076147695863,1.0,0.05555555555555555,1.0,2,2,24,2,0,242,242,36
V3_VETO2_RECALIBRATED,trrosettarna2_native_ss,1,29,True,0.0422893624533505,0.05956755605261754,0.9512195121951219,0.7358490566037735,0.991869918699187,41,15,24,39,2,246,244,53
V3_VETO2_RECALIBRATED,rnafold,1,41,False,0.0,0.0,,0.0,1.0,0,0,24,0,0,243,243,33
V3_VETO2_RECALIBRATED,petfold,1,41,False,0.0,0.0,,0.0,1.0,0,0,24,0,0,242,242,36
V3_VETO2_RECALIBRATED,trrosettarna2_native_ss,1,41,False,0.0,0.0,,0.0,1.0,0,0,24,0,0,246,246,53
V3_VETO2_RECALIBRATED,rnafold,1,53,False,0.0,0.0,,0.0,1.0,0,0,24,0,0,243,243,33
V3_VETO2_RECALIBRATED,petfold,1,53,False,0.0,0.0,,0.0,1.0,0,0,24,0,0,242,242,36
V3_VETO2_RECALIBRATED,trrosettarna2_native_ss,1,53,False,0.0,0.0,,0.0,1.0,0,0,24,0,0,246,246,53
V3_VETO2_RECALIBRATED,rnafold,1,67,False,0.0,0.0,,0.0,1.0,0,0,24,0,0,243,243,33
V3_VETO2_RECALIBRATED,petfold,1,67,False,0.0,0.0,,0.0,1.0,0,0,24,0,0,242,242,36
V3_VETO2_RECALIBRATED,trrosettarna2_native_ss,1,67,False,0.0,0.0,,0.0,1.0,0,0,24,0,0,246,246,53
V3_VETO2_RECALIBRATED,rnafold,2,17,True,-0.0022173535069371433,0.02732714246421042,0.7746478873239436,0.5612244897959183,0.9545454545454546,71,7,24,55,16,352,336,98
V3_VETO2_RECALIBRATED,petfold,2,17,True,0.00612354342807776,0.03457411664348731,0.8194444444444444,0.5728155339805825,0.9626436781609196,72,7,24,59,13,348,335,103
V3_VETO2_RECALIBRATED,trrosettarna2_native_ss,2,17,True,0.06941093702162843,0.0958681368205958,0.920863309352518,0.847682119205298,0.9681159420289855,139,21,24,128,11,345,334,151
V3_VETO2_RECALIBRATED,rnafold,2,29,True,-0.0026198339128690345,0.0012896398114763397,0.6470588235294118,0.11224489795918367,0.9829545454545454,17,6,24,11,6,352,346,98
V3_VETO2_RECALIBRATED,petfold,2,29,True,0.004627151769227361,0.010920404217213298,0.8888888888888888,0.1553398058252427,0.9942528735632183,18,6,24,16,2,348,346,103
V3_VETO2_RECALIBRATED,trrosettarna2_native_ss,2,29,True,0.07316547401783302,0.10049177093188566,0.9612403100775194,0.8211920529801324,0.9855072463768116,129,21,24,124,5,345,340,151
V3_VETO2_RECALIBRATED,rnafold,2,41,True,-0.0025613591038321135,0.02732714246421042,0.7746478873239436,0.5612244897959183,0.9545454545454546,71,7,24,55,16,352,336,98
V3_VETO2_RECALIBRATED,petfold,2,41,True,0.004343359592945059,0.03505314226568912,0.8285714285714286,0.5631067961165048,0.9655172413793104,70,6,24,58,12,348,336,103
V3_VETO2_RECALIBRATED,trrosettarna2_native_ss,2,41,True,0.07051317810231607,0.09631349589508587,0.927007299270073,0.8410596026490066,0.9710144927536232,137,21,24,127,10,345,335,151
V3_VETO2_RECALIBRATED,rnafold,2,53,True,-0.001264408217951249,0.024960198811788903,0.7868852459016393,0.4897959183673469,0.9630681818181818,61,7,24,48,13,352,339,98
V3_VETO2_RECALIBRATED,petfold,2,53,True,0.005636433994686281,0.0317790386666873,0.847457627118644,0.4854368932038835,0.9741379310344828,59,6,24,50,9,348,339,103
V3_VETO2_RECALIBRATED,trrosettarna2_native_ss,2,53,True,0.06990798316932872,0.09775487294621898,0.9338235294117647,0.8410596026490066,0.9739130434782609,136,21,24,127,9,345,336,151
V3_VETO2_RECALIBRATED,rnafold,2,67,True,-0.0015124899328114807,0.031694061681969754,0.7710843373493976,0.6530612244897959,0.9460227272727273,83,9,24,64,19,352,333,98
V3_VETO2_RECALIBRATED,petfold,2,67,True,0.007598715125452724,0.040352216866319846,0.8192771084337349,0.6601941747572816,0.9568965517241379,83,9,24,68,15,348,333,103
V3_VETO2_RECALIBRATED,trrosettarna2_native_ss,2,67,True,0.06870925297992835,0.09542059193469721,0.9148936170212766,0.8543046357615894,0.9652173913043478,141,21,24,129,12,345,333,151
V3_VETO2_RECALIBRATED,rnafold,3,17,True,-0.0038654731163353614,-0.003906345105571418,0.3333333333333333,0.13333333333333333,0.9860627177700348,6,4,24,2,4,287,283,15
V3_VETO2_RECALIBRATED,petfold,3,17,True,0.005447682030153121,0.00743261491924585,0.8571428571428571,0.3157894736842105,0.9964788732394366,7,5,24,6,1,284,283,19
V3_VETO2_RECALIBRATED,trrosettarna2_native_ss,3,17,True,0.05455806536205666,0.09169886430160412,0.9722222222222222,0.8235294117647058,0.9923954372623575,72,21,24,70,2,263,261,85
V3_VETO2_RECALIBRATED,rnafold,3,29,True,-0.003972011784511786,-0.005233008872426503,0.0,0.0,0.9895470383275261,3,2,24,0,3,287,284,15
V3_VETO2_RECALIBRATED,petfold,3,29,True,0.0037979334854334836,0.00435012005900659,0.8,0.21052631578947367,0.9964788732394366,5,4,24,4,1,284,283,19
V3_VETO2_RECALIBRATED,trrosettarna2_native_ss,3,29,True,0.05184097852732276,0.08865863366341775,0.9714285714285714,0.8,0.9923954372623575,70,20,24,68,2,263,261,85
V3_VETO2_RECALIBRATED,rnafold,3,41,True,-0.0043265329723663065,-0.005233008872426503,0.0,0.0,0.9895470383275261,3,3,24,0,3,287,284,15
V3_VETO2_RECALIBRATED,petfold,3,41,True,0.0049866221741221755,0.006105951152390765,1.0,0.21052631578947367,1.0,4,3,24,4,0,284,284,19
V3_VETO2_RECALIBRATED,trrosettarna2_native_ss,3,41,True,0.052891398695389995,0.09017615492906539,0.971830985915493,0.8117647058823529,0.9923954372623575,71,20,24,69,2,263,261,85
V3_VETO2_RECALIBRATED,rnafold,3,53,True,-0.0043265329723663065,-0.005233008872426503,0.0,0.0,0.9895470383275261,3,3,24,0,3,287,284,15
V3_VETO2_RECALIBRATED,petfold,3,53,True,0.0049866221741221755,0.006105951152390765,1.0,0.21052631578947367,1.0,4,3,24,4,0,284,284,19
V3_VETO2_RECALIBRATED,trrosettarna2_native_ss,3,53,True,0.056422508108852354,0.09206578868897142,0.9857142857142858,0.8117647058823529,0.9961977186311787,70,20,24,69,1,263,262,85
V3_VETO2_RECALIBRATED,rnafold,3,67,True,-0.0038654731163353614,-0.003906345105571418,0.3333333333333333,0.13333333333333333,0.9860627177700348,6,4,24,2,4,287,283,15
V3_VETO2_RECALIBRATED,petfold,3,67,True,0.005447682030153121,0.00743261491924585,0.8571428571428571,0.3157894736842105,0.9964788732394366,7,5,24,6,1,284,283,19
V3_VETO2_RECALIBRATED,trrosettarna2_native_ss,3,67,True,0.05455806536205666,0.09169886430160412,0.9722222222222222,0.8235294117647058,0.9923954372623575,72,21,24,70,2,263,261,85
V3_VETO2_RECALIBRATED,rnafold,4,17,True,0.0008741122711710911,0.005515993537964503,0.8333333333333334,0.13157894736842105,0.9964539007092199,6,3,24,5,1,282,281,38
V3_VETO2_RECALIBRATED,petfold,4,17,True,0.005504320060313525,0.010119874466224199,1.0,0.17073170731707318,1.0,7,4,24,7,0,281,281,41
V3_VETO2_RECALIBRATED,trrosettarna2_native_ss,4,17,True,0.06950325031426142,0.06705420328174816,0.9615384615384616,0.6944444444444444,0.993127147766323,52,22,24,50,2,291,289,72
V3_VETO2_RECALIBRATED,rnafold,4,29,True,0.003296579407255996,0.008747011308562258,1.0,0.15789473684210525,1.0,6,3,24,6,0,282,282,38
V3_VETO2_RECALIBRATED,petfold,4,29,True,0.005504320060313525,0.010119874466224199,1.0,0.17073170731707318,1.0,7,4,24,7,0,281,281,41
V3_VETO2_RECALIBRATED,trrosettarna2_native_ss,4,29,True,0.07220630809756722,0.07011059314595558,0.9629629629629629,0.7222222222222222,0.993127147766323,54,22,24,52,2,291,289,72
V3_VETO2_RECALIBRATED,rnafold,4,41,True,0.0029593562439458737,0.008458995137763381,0.875,0.18421052631578946,0.9964539007092199,8,5,24,7,1,282,281,38
V3_VETO2_RECALIBRATED,petfold,4,41,True,0.006476775827340807,0.013053374831606734,1.0,0.21951219512195122,1.0,9,4,24,9,0,281,281,41
V3_VETO2_RECALIBRATED,trrosettarna2_native_ss,4,41,True,0.07120286458619972,0.06685326415572757,0.9444444444444444,0.7083333333333334,0.9896907216494846,54,22,24,51,3,291,288,72
V3_VETO2_RECALIBRATED,rnafold,4,53,True,0.0028582392552980776,0.007277419354838721,1.0,0.13157894736842105,1.0,5,2,24,5,0,282,282,38
V3_VETO2_RECALIBRATED,petfold,4,53,True,0.0049714982359315985,0.008660210033207716,1.0,0.14634146341463414,1.0,6,4,24,6,0,281,281,41
V3_VETO2_RECALIBRATED,trrosettarna2_native_ss,4,53,True,0.07374647548047371,0.06972612152743685,0.9310344827586207,0.75,0.9862542955326461,58,22,24,54,4,291,287,72
V3_VETO2_RECALIBRATED,rnafold,4,67,True,0.0028582392552980776,0.007277419354838721,1.0,0.13157894736842105,1.0,5,2,24,5,0,282,282,38
V3_VETO2_RECALIBRATED,petfold,4,67,True,0.005504320060313525,0.010119874466224199,1.0,0.17073170731707318,1.0,7,4,24,7,0,281,281,41
V3_VETO2_RECALIBRATED,trrosettarna2_native_ss,4,67,True,0.06938747741438182,0.06685326415572757,0.9444444444444444,0.7083333333333334,0.9896907216494846,54,22,24,51,3,291,288,72
AGREEMENT_ZERO_SUPPORT_RULE,rnafold,0,17,True,0.003402560455192036,0.005425562035112463,1.0,0.1111111111111111,1.0,4,2,25,4,0,309,309,36
AGREEMENT_ZERO_SUPPORT_RULE,petfold,0,17,True,0.009199877538708124,0.010720781085479136,1.0,0.19047619047619047,1.0,8,5,25,8,0,308,308,42
AGREEMENT_ZERO_SUPPORT_RULE,trrosettarna2_native_ss,0,17,True,0.013104138023554875,0.05035774874837062,0.7560975609756098,0.8732394366197183,0.9367088607594937,82,23,25,62,20,316,296,71
AGREEMENT_ZERO_SUPPORT_RULE,rnafold,0,29,True,0.003402560455192036,0.005425562035112463,1.0,0.1111111111111111,1.0,4,2,25,4,0,309,309,36
AGREEMENT_ZERO_SUPPORT_RULE,petfold,0,29,True,0.009199877538708124,0.010720781085479136,1.0,0.19047619047619047,1.0,8,5,25,8,0,308,308,42
AGREEMENT_ZERO_SUPPORT_RULE,trrosettarna2_native_ss,0,29,True,0.013104138023554875,0.05035774874837062,0.7560975609756098,0.8732394366197183,0.9367088607594937,82,23,25,62,20,316,296,71
AGREEMENT_ZERO_SUPPORT_RULE,rnafold,0,41,True,0.003402560455192036,0.005425562035112463,1.0,0.1111111111111111,1.0,4,2,25,4,0,309,309,36
AGREEMENT_ZERO_SUPPORT_RULE,petfold,0,41,True,0.009199877538708124,0.010720781085479136,1.0,0.19047619047619047,1.0,8,5,25,8,0,308,308,42
AGREEMENT_ZERO_SUPPORT_RULE,trrosettarna2_native_ss,0,41,True,0.013104138023554875,0.05035774874837062,0.7560975609756098,0.8732394366197183,0.9367088607594937,82,23,25,62,20,316,296,71
AGREEMENT_ZERO_SUPPORT_RULE,rnafold,0,53,True,0.003402560455192036,0.005425562035112463,1.0,0.1111111111111111,1.0,4,2,25,4,0,309,309,36
AGREEMENT_ZERO_SUPPORT_RULE,petfold,0,53,True,0.009199877538708124,0.010720781085479136,1.0,0.19047619047619047,1.0,8,5,25,8,0,308,308,42
AGREEMENT_ZERO_SUPPORT_RULE,trrosettarna2_native_ss,0,53,True,0.013104138023554875,0.05035774874837062,0.7560975609756098,0.8732394366197183,0.9367088607594937,82,23,25,62,20,316,296,71
AGREEMENT_ZERO_SUPPORT_RULE,rnafold,0,67,True,0.003402560455192036,0.005425562035112463,1.0,0.1111111111111111,1.0,4,2,25,4,0,309,309,36
AGREEMENT_ZERO_SUPPORT_RULE,petfold,0,67,True,0.009199877538708124,0.010720781085479136,1.0,0.19047619047619047,1.0,8,5,25,8,0,308,308,42
AGREEMENT_ZERO_SUPPORT_RULE,trrosettarna2_native_ss,0,67,True,0.013104138023554875,0.05035774874837062,0.7560975609756098,0.8732394366197183,0.9367088607594937,82,23,25,62,20,316,296,71
AGREEMENT_ZERO_SUPPORT_RULE,rnafold,1,17,True,0.003916040100250623,0.00327246283128646,1.0,0.06060606060606061,1.0,2,2,24,2,0,243,243,33
AGREEMENT_ZERO_SUPPORT_RULE,petfold,1,17,True,0.0041866028708133956,0.004861715663296073,1.0,0.08333333333333333,1.0,3,1,24,3,0,242,242,36
AGREEMENT_ZERO_SUPPORT_RULE,trrosettarna2_native_ss,1,17,True,0.02839837188489233,0.04691648740940746,0.7666666666666667,0.8679245283018868,0.943089430894309,60,19,24,46,14,246,232,53
AGREEMENT_ZERO_SUPPORT_RULE,rnafold,1,29,True,0.003916040100250623,0.00327246283128646,1.0,0.06060606060606061,1.0,2,2,24,2,0,243,243,33
AGREEMENT_ZERO_SUPPORT_RULE,petfold,1,29,True,0.0041866028708133956,0.004861715663296073,1.0,0.08333333333333333,1.0,3,1,24,3,0,242,242,36
AGREEMENT_ZERO_SUPPORT_RULE,trrosettarna2_native_ss,1,29,True,0.02839837188489233,0.04691648740940746,0.7666666666666667,0.8679245283018868,0.943089430894309,60,19,24,46,14,246,232,53
AGREEMENT_ZERO_SUPPORT_RULE,rnafold,1,41,True,0.003916040100250623,0.00327246283128646,1.0,0.06060606060606061,1.0,2,2,24,2,0,243,243,33
AGREEMENT_ZERO_SUPPORT_RULE,petfold,1,41,True,0.0041866028708133956,0.004861715663296073,1.0,0.08333333333333333,1.0,3,1,24,3,0,242,242,36
AGREEMENT_ZERO_SUPPORT_RULE,trrosettarna2_native_ss,1,41,True,0.02839837188489233,0.04691648740940746,0.7666666666666667,0.8679245283018868,0.943089430894309,60,19,24,46,14,246,232,53
AGREEMENT_ZERO_SUPPORT_RULE,rnafold,1,53,True,0.003916040100250623,0.00327246283128646,1.0,0.06060606060606061,1.0,2,2,24,2,0,243,243,33
AGREEMENT_ZERO_SUPPORT_RULE,petfold,1,53,True,0.0041866028708133956,0.004861715663296073,1.0,0.08333333333333333,1.0,3,1,24,3,0,242,242,36
AGREEMENT_ZERO_SUPPORT_RULE,trrosettarna2_native_ss,1,53,True,0.02839837188489233,0.04691648740940746,0.7666666666666667,0.8679245283018868,0.943089430894309,60,19,24,46,14,246,232,53
AGREEMENT_ZERO_SUPPORT_RULE,rnafold,1,67,True,0.003916040100250623,0.00327246283128646,1.0,0.06060606060606061,1.0,2,2,24,2,0,243,243,33
AGREEMENT_ZERO_SUPPORT_RULE,petfold,1,67,True,0.0041866028708133956,0.004861715663296073,1.0,0.08333333333333333,1.0,3,1,24,3,0,242,242,36
AGREEMENT_ZERO_SUPPORT_RULE,trrosettarna2_native_ss,1,67,True,0.02839837188489233,0.04691648740940746,0.7666666666666667,0.8679245283018868,0.943089430894309,60,19,24,46,14,246,232,53
AGREEMENT_ZERO_SUPPORT_RULE,rnafold,2,17,True,0.0007046201185943318,0.0034155689784828303,1.0,0.04081632653061224,1.0,4,2,24,4,0,352,352,98
AGREEMENT_ZERO_SUPPORT_RULE,petfold,2,17,True,0.004569087670918621,0.0042163113091646665,1.0,0.04854368932038835,1.0,5,3,24,5,0,348,348,103
AGREEMENT_ZERO_SUPPORT_RULE,trrosettarna2_native_ss,2,17,True,0.05739545314011213,0.08428801787464568,0.845679012345679,0.9072847682119205,0.927536231884058,162,21,24,137,25,345,320,151
AGREEMENT_ZERO_SUPPORT_RULE,rnafold,2,29,True,0.0007046201185943318,0.0034155689784828303,1.0,0.04081632653061224,1.0,4,2,24,4,0,352,352,98
AGREEMENT_ZERO_SUPPORT_RULE,petfold,2,29,True,0.004569087670918621,0.0042163113091646665,1.0,0.04854368932038835,1.0,5,3,24,5,0,348,348,103
AGREEMENT_ZERO_SUPPORT_RULE,trrosettarna2_native_ss,2,29,True,0.05739545314011213,0.08428801787464568,0.845679012345679,0.9072847682119205,0.927536231884058,162,21,24,137,25,345,320,151
AGREEMENT_ZERO_SUPPORT_RULE,rnafold,2,41,True,0.0007046201185943318,0.0034155689784828303,1.0,0.04081632653061224,1.0,4,2,24,4,0,352,352,98
AGREEMENT_ZERO_SUPPORT_RULE,petfold,2,41,True,0.004569087670918621,0.0042163113091646665,1.0,0.04854368932038835,1.0,5,3,24,5,0,348,348,103
AGREEMENT_ZERO_SUPPORT_RULE,trrosettarna2_native_ss,2,41,True,0.05739545314011213,0.08428801787464568,0.845679012345679,0.9072847682119205,0.927536231884058,162,21,24,137,25,345,320,151
AGREEMENT_ZERO_SUPPORT_RULE,rnafold,2,53,True,0.0007046201185943318,0.0034155689784828303,1.0,0.04081632653061224,1.0,4,2,24,4,0,352,352,98
AGREEMENT_ZERO_SUPPORT_RULE,petfold,2,53,True,0.004569087670918621,0.0042163113091646665,1.0,0.04854368932038835,1.0,5,3,24,5,0,348,348,103
AGREEMENT_ZERO_SUPPORT_RULE,trrosettarna2_native_ss,2,53,True,0.05739545314011213,0.08428801787464568,0.845679012345679,0.9072847682119205,0.927536231884058,162,21,24,137,25,345,320,151
AGREEMENT_ZERO_SUPPORT_RULE,rnafold,2,67,True,0.0007046201185943318,0.0034155689784828303,1.0,0.04081632653061224,1.0,4,2,24,4,0,352,352,98
AGREEMENT_ZERO_SUPPORT_RULE,petfold,2,67,True,0.004569087670918621,0.0042163113091646665,1.0,0.04854368932038835,1.0,5,3,24,5,0,348,348,103
AGREEMENT_ZERO_SUPPORT_RULE,trrosettarna2_native_ss,2,67,True,0.05739545314011213,0.08428801787464568,0.845679012345679,0.9072847682119205,0.927536231884058,162,21,24,137,25,345,320,151
AGREEMENT_ZERO_SUPPORT_RULE,rnafold,3,17,True,-0.0016571969696969706,-0.0017386171554291119,0.0,0.0,0.9965156794425087,1,1,24,0,1,287,286,15
AGREEMENT_ZERO_SUPPORT_RULE,petfold,3,17,True,0.003796145983645985,0.00457194372001668,1.0,0.15789473684210525,1.0,3,3,24,3,0,284,284,19
AGREEMENT_ZERO_SUPPORT_RULE,trrosettarna2_native_ss,3,17,True,0.04591208171607301,0.10340513359949643,0.9523809523809523,0.9411764705882353,0.9847908745247148,84,20,24,80,4,263,259,85
AGREEMENT_ZERO_SUPPORT_RULE,rnafold,3,29,True,-0.0016571969696969706,-0.0017386171554291119,0.0,0.0,0.9965156794425087,1,1,24,0,1,287,286,15
AGREEMENT_ZERO_SUPPORT_RULE,petfold,3,29,True,0.003796145983645985,0.00457194372001668,1.0,0.15789473684210525,1.0,3,3,24,3,0,284,284,19
AGREEMENT_ZERO_SUPPORT_RULE,trrosettarna2_native_ss,3,29,True,0.04591208171607301,0.10340513359949643,0.9523809523809523,0.9411764705882353,0.9847908745247148,84,20,24,80,4,263,259,85
AGREEMENT_ZERO_SUPPORT_RULE,rnafold,3,41,True,-0.0016571969696969706,-0.0017386171554291119,0.0,0.0,0.9965156794425087,1,1,24,0,1,287,286,15
AGREEMENT_ZERO_SUPPORT_RULE,petfold,3,41,True,0.003796145983645985,0.00457194372001668,1.0,0.15789473684210525,1.0,3,3,24,3,0,284,284,19
AGREEMENT_ZERO_SUPPORT_RULE,trrosettarna2_native_ss,3,41,True,0.04591208171607301,0.10340513359949643,0.9523809523809523,0.9411764705882353,0.9847908745247148,84,20,24,80,4,263,259,85
AGREEMENT_ZERO_SUPPORT_RULE,rnafold,3,53,True,-0.0016571969696969706,-0.0017386171554291119,0.0,0.0,0.9965156794425087,1,1,24,0,1,287,286,15
AGREEMENT_ZERO_SUPPORT_RULE,petfold,3,53,True,0.003796145983645985,0.00457194372001668,1.0,0.15789473684210525,1.0,3,3,24,3,0,284,284,19
AGREEMENT_ZERO_SUPPORT_RULE,trrosettarna2_native_ss,3,53,True,0.04591208171607301,0.10340513359949643,0.9523809523809523,0.9411764705882353,0.9847908745247148,84,20,24,80,4,263,259,85
AGREEMENT_ZERO_SUPPORT_RULE,rnafold,3,67,True,-0.0016571969696969706,-0.0017386171554291119,0.0,0.0,0.9965156794425087,1,1,24,0,1,287,286,15
AGREEMENT_ZERO_SUPPORT_RULE,petfold,3,67,True,0.003796145983645985,0.00457194372001668,1.0,0.15789473684210525,1.0,3,3,24,3,0,284,284,19
AGREEMENT_ZERO_SUPPORT_RULE,trrosettarna2_native_ss,3,67,True,0.04591208171607301,0.10340513359949643,0.9523809523809523,0.9411764705882353,0.9847908745247148,84,20,24,80,4,263,259,85
AGREEMENT_ZERO_SUPPORT_RULE,rnafold,4,17,True,0.004074110416899386,0.007277419354838721,1.0,0.13157894736842105,1.0,5,3,24,5,0,282,282,38
AGREEMENT_ZERO_SUPPORT_RULE,petfold,4,17,True,0.005398427438604502,0.005754938930574549,1.0,0.0975609756097561,1.0,4,3,24,4,0,281,281,41
AGREEMENT_ZERO_SUPPORT_RULE,trrosettarna2_native_ss,4,17,True,0.06929801266203885,0.05936857249967065,0.7922077922077922,0.8472222222222222,0.9450171821305842,77,22,24,61,16,291,275,72
AGREEMENT_ZERO_SUPPORT_RULE,rnafold,4,29,True,0.004074110416899386,0.007277419354838721,1.0,0.13157894736842105,1.0,5,3,24,5,0,282,282,38
AGREEMENT_ZERO_SUPPORT_RULE,petfold,4,29,True,0.005398427438604502,0.005754938930574549,1.0,0.0975609756097561,1.0,4,3,24,4,0,281,281,41
AGREEMENT_ZERO_SUPPORT_RULE,trrosettarna2_native_ss,4,29,True,0.06929801266203885,0.05936857249967065,0.7922077922077922,0.8472222222222222,0.9450171821305842,77,22,24,61,16,291,275,72
AGREEMENT_ZERO_SUPPORT_RULE,rnafold,4,41,True,0.004074110416899386,0.007277419354838721,1.0,0.13157894736842105,1.0,5,3,24,5,0,282,282,38
AGREEMENT_ZERO_SUPPORT_RULE,petfold,4,41,True,0.005398427438604502,0.005754938930574549,1.0,0.0975609756097561,1.0,4,3,24,4,0,281,281,41
AGREEMENT_ZERO_SUPPORT_RULE,trrosettarna2_native_ss,4,41,True,0.06929801266203885,0.05936857249967065,0.7922077922077922,0.8472222222222222,0.9450171821305842,77,22,24,61,16,291,275,72
AGREEMENT_ZERO_SUPPORT_RULE,rnafold,4,53,True,0.004074110416899386,0.007277419354838721,1.0,0.13157894736842105,1.0,5,3,24,5,0,282,282,38
AGREEMENT_ZERO_SUPPORT_RULE,petfold,4,53,True,0.005398427438604502,0.005754938930574549,1.0,0.0975609756097561,1.0,4,3,24,4,0,281,281,41
AGREEMENT_ZERO_SUPPORT_RULE,trrosettarna2_native_ss,4,53,True,0.06929801266203885,0.05936857249967065,0.7922077922077922,0.8472222222222222,0.9450171821305842,77,22,24,61,16,291,275,72
AGREEMENT_ZERO_SUPPORT_RULE,rnafold,4,67,True,0.004074110416899386,0.007277419354838721,1.0,0.13157894736842105,1.0,5,3,24,5,0,282,282,38
AGREEMENT_ZERO_SUPPORT_RULE,petfold,4,67,True,0.005398427438604502,0.005754938930574549,1.0,0.0975609756097561,1.0,4,3,24,4,0,281,281,41
AGREEMENT_ZERO_SUPPORT_RULE,trrosettarna2_native_ss,4,67,True,0.06929801266203885,0.05936857249967065,0.7922077922077922,0.8472222222222222,0.9450171821305842,77,22,24,61,16,291,275,72
