channel,density_percent,method,eligible_realization_count,eligible_rna_count,missing_rna_count,sum_tp,sum_fp,sum_fn,sum_original_tp,sum_original_fp,sum_original_fn,sum_preserved_tp,sum_lost_tp,sum_removed_fp,sum_preserved_original_fp,sum_new_tp,sum_new_fp,sum_unchanged_pairs,sum_deleted_pairs,sum_added_pairs,sum_beneficial_changes,sum_harmful_changes,sum_modified_pair_count,sum_evidence_item_count,micro_precision,macro_precision,macro_precision_defined_rna_count,micro_recall,macro_recall,macro_recall_defined_rna_count,micro_f1,macro_f1,macro_f1_defined_rna_count,micro_tp_preservation,macro_tp_preservation,macro_tp_preservation_defined_rna_count,micro_fp_removal,macro_fp_removal,macro_fp_removal_defined_rna_count,micro_modification_precision,macro_modification_precision,macro_modification_precision_defined_rna_count,micro_fp_removed_per_evidence_item,macro_fp_removed_per_evidence_item,macro_fp_removed_per_evidence_item_defined_rna_count,macro_delta_f1_vs_b0,micro_delta_f1_vs_b0,macro_delta_f1_vs_b1,micro_delta_f1_vs_b1,micro_delta_f1_per_evidence_item,macro_delta_f1_per_evidence_item,macro_delta_f1_per_evidence_item_defined_rna_count
POSITIVE_PAIR_EVIDENCE,0,B0_ORIGINAL,1815,121,0,21985,4465,3155,21985,4465,3155,21985,0,0,4465,0,0,26450,0,0,0,0,0,0,0.8311909262759924,0.8521946259518096,121,0.874502784407319,0.9112435670539333,121,0.8522969567745687,0.8786352964320931,121,1.0,1.0,121,0.0,0.0,109,,,0,,,0,0.0,0.0,0.0,0.0,,,0
POSITIVE_PAIR_EVIDENCE,0,B1_LOCAL_HARD,1815,121,0,21985,4465,3155,21985,4465,3155,21985,0,0,4465,0,0,26450,0,0,0,0,0,0,0.8311909262759924,0.8521946259518096,121,0.874502784407319,0.9112435670539333,121,0.8522969567745687,0.8786352964320931,121,1.0,1.0,121,0.0,0.0,109,,,0,,,0,0.0,0.0,0.0,0.0,,,0
POSITIVE_PAIR_EVIDENCE,0,B2_GLOBAL_REFOLD,1815,121,0,22095,3300,3045,21985,4465,3155,21560,425,2175,2290,535,1010,23850,2600,1545,2710,1435,4145,0,0.8700531600708801,0.9069374161618192,121,0.8788782816229117,0.9138670306547281,121,0.8744434550311665,0.9058176119079561,121,0.9806686377075279,0.9746047813793409,121,0.48712206047032475,0.706121992917003,109,0.6537997587454765,0.7650930462092486,110,,,0,0.027182315475862917,0.022146498256597758,0.027182315475862917,0.022146498256597758,,,0
POSITIVE_PAIR_EVIDENCE,1,B0_ORIGINAL,1815,121,0,21985,4465,3155,21985,4465,3155,21985,0,0,4465,0,0,26450,0,0,0,0,0,1815,0.8311909262759924,0.8521946259518096,121,0.874502784407319,0.9112435670539333,121,0.8522969567745687,0.8786352964320931,121,1.0,1.0,121,0.0,0.0,109,,,0,0.0,0.0,121,0.0,0.0,-0.006299727238689878,-0.005632473237063729,0.0,0.0,121
POSITIVE_PAIR_EVIDENCE,1,B1_LOCAL_HARD,1815,121,0,22126,4314,3014,21985,4465,3155,21985,0,151,4314,141,0,26299,151,141,292,0,292,1815,0.8368381240544629,0.8584556389301585,121,0.8801113762927606,0.9178488239117053,121,0.8579294300116325,0.884935023670783,121,1.0,1.0,121,0.03381858902575588,0.017967623389567706,109,1.0,1.0,32,0.08319559228650138,0.08319559228650138,121,0.006299727238689878,0.005632473237063729,0.0,0.0,3.103291039704534e-06,0.000419981815912661,121
POSITIVE_PAIR_EVIDENCE,1,B2_GLOBAL_REFOLD,1815,121,0,22392,2970,2748,21985,4465,3155,21454,531,2582,1883,938,1087,23337,3113,2025,3520,1618,5138,1815,0.8828956706884316,0.9201193107832284,121,0.890692124105012,0.9278662542680499,121,0.8867767613163835,0.9198106299727674,121,0.9758471685239937,0.9644366726726978,121,0.5782754759238522,0.734865018281369,109,0.6850914752822109,0.7960358546532911,110,1.4225895316804407,1.4225895316804407,121,0.041175333540674264,0.03447980454181476,0.034875606301984385,0.028847331304751034,1.8997137488603176e-05,0.0027450222360449533,121
POSITIVE_PAIR_EVIDENCE,5,B0_ORIGINAL,1809,121,0,21929,4465,3151,21929,4465,3151,21929,0,0,4465,0,0,26394,0,0,0,0,0,1944,0.8308327650223536,0.8521946259518096,121,0.8743620414673047,0.9112435670539333,121,0.8520418075144733,0.8786352964320931,121,1.0,1.0,121,0.0,0.0,109,,,0,0.0,0.0,121,0.0,0.0,-0.006947294229278866,-0.0073319785161380935,0.0,0.0,121
POSITIVE_PAIR_EVIDENCE,5,B1_LOCAL_HARD,1809,121,0,22122,4282,2958,21929,4465,3151,21929,0,183,4282,193,0,26211,183,193,376,0,376,1944,0.8378276018785032,0.8591408017710805,121,0.8820574162679425,0.918401872430916,121,0.8593737860306114,0.885582590661372,121,1.0,1.0,121,0.04098544232922732,0.01698225385949728,109,1.0,1.0,29,0.0941358024691358,0.07768595041322314,121,0.006947294229278866,0.0073319785161380935,0.0,0.0,3.7715938869023117e-06,0.00043213222577112706,121
POSITIVE_PAIR_EVIDENCE,5,B2_GLOBAL_REFOLD,1809,121,0,22701,2661,2379,21929,4465,3151,21383,546,2944,1521,1318,1140,22904,3490,2458,4262,1686,5948,1944,0.8950792524248876,0.9270915357733726,121,0.9051435406698565,0.933676038689374,121,0.9000832639467111,0.9260494117362392,121,0.9751014638150395,0.9603776016946501,121,0.6593505039193729,0.7536389329900628,109,0.7165433759246805,0.7943523892353906,110,1.51440329218107,1.3359963269054178,121,0.047414115304146076,0.048041456432237784,0.04046682107486721,0.04070947791609969,2.4712683349916556e-05,0.0030111778248790915,121
POSITIVE_PAIR_EVIDENCE,10,B0_ORIGINAL,1785,121,0,21743,4156,2818,21743,4156,2818,21743,0,0,4156,0,0,25899,0,0,0,0,0,2637,0.8395304838024634,0.8521946259518096,121,0.8852652579292374,0.9112435670539333,121,0.8617915180340864,0.8786352964320931,121,1.0,1.0,121,0.0,0.0,109,,,0,0.0,0.0,121,0.0,0.0,-0.008543626680696081,-0.010498307167071008,0.0,0.0,121
POSITIVE_PAIR_EVIDENCE,10,B1_LOCAL_HARD,1785,121,0,22007,3890,2554,21743,4156,2818,21743,0,266,3890,264,0,25633,266,264,530,0,530,2637,0.8497895509132332,0.8608084867397354,121,0.8960140059443834,0.9199405439011761,121,0.8722898252011574,0.8871789231127892,121,1.0,1.0,121,0.06400384985563042,0.0235293744739503,109,1.0,1.0,32,0.10087220326128175,0.07789715335169882,121,0.008543626680696081,0.010498307167071008,0.0,0.0,3.981155543068263e-06,0.0004353518275399055,121
POSITIVE_PAIR_EVIDENCE,10,B2_GLOBAL_REFOLD,1785,121,0,22728,2223,1833,21743,4156,2818,21365,378,2880,1276,1363,947,22641,3258,2310,4243,1325,5568,2637,0.9109053745340868,0.9295059180648642,121,0.9253694882130207,0.9396936381018245,121,0.9180804653417354,0.9307761211834313,121,0.9826150945131766,0.9707332248225193,121,0.6929740134744947,0.754592652068827,109,0.7620330459770115,0.805355782364162,110,1.0921501706484642,0.9729843893480257,121,0.05214082475133819,0.056288947307648995,0.04359719807064211,0.04579064014057799,2.1345827572108074e-05,0.0027607393057942266,121
POSITIVE_PAIR_EVIDENCE,20,B0_ORIGINAL,1710,118,3,20933,3140,1573,20933,3140,1573,20933,0,0,3140,0,0,24073,0,0,0,0,0,4542,0.8695634112906576,0.8638581972903275,118,0.9301075268817204,0.9250968576768236,118,0.8988170634835441,0.8913315905113885,118,1.0,1.0,118,0.0,0.0,106,,,0,0.0,0.0,118,0.0,0.0,-0.013947195177375193,-0.012459582503189237,0.0,0.0,118
POSITIVE_PAIR_EVIDENCE,20,B1_LOCAL_HARD,1710,118,3,21225,2852,1281,20933,3140,1573,20933,0,288,2852,292,0,23785,288,292,580,0,580,4542,0.8815467043236284,0.8777976417121778,118,0.9430818448413756,0.9391818507301379,118,0.9112766459867333,0.9052787856887637,118,1.0,1.0,118,0.09171974522292993,0.0421250591950876,106,1.0,1.0,35,0.06340819022457067,0.05949936206292138,118,0.013947195177375193,0.012459582503189237,0.0,0.0,2.7431929773644292e-06,0.0006391323791626889,118
POSITIVE_PAIR_EVIDENCE,20,B2_GLOBAL_REFOLD,1710,118,3,21612,1410,894,20933,3140,1573,20645,288,2179,961,967,449,21606,2467,1416,3146,737,3883,4542,0.9387542350794892,0.9428924707714758,118,0.960277259397494,0.954210203688136,118,0.9493937796520823,0.9448497930311658,118,0.9862418191372474,0.9626767993998095,118,0.6939490445859873,0.7725208880612348,106,0.8101983002832861,0.8150717998758193,107,0.47974460590048434,0.5174367362079226,118,0.053518202519777236,0.050576716168538205,0.03957100734240204,0.03811713366534897,1.1135340415794409e-05,0.002198551734635026,118
POSITIVE_PAIR_EVIDENCE,50,B0_ORIGINAL,1635,113,8,20138,2734,1105,20138,2734,1105,20138,0,0,2734,0,0,22872,0,0,0,0,0,11142,0.880465197621546,0.880211246759843,113,0.9479828649437462,0.948908432487512,113,0.9129774453133854,0.9116179208354757,113,1.0,1.0,113,0.0,0.0,101,,,0,0.0,0.0,113,0.0,0.0,-0.024245122838003064,-0.023937491601551453,0.0,0.0,113
POSITIVE_PAIR_EVIDENCE,50,B1_LOCAL_HARD,1635,113,8,20718,2265,525,20138,2734,1105,20138,0,469,2265,580,0,22403,469,580,1049,0,1049,11142,0.9014488970108341,0.9014885124253847,113,0.9752859765569835,0.9762634686066106,113,0.9369149369149369,0.9358630436734787,113,1.0,1.0,113,0.17154352596927577,0.08652979929563048,101,1.0,1.0,39,0.042092981511398314,0.04111503762415878,113,0.024245122838003064,0.023937491601551453,0.0,0.0,2.1484016874485238e-06,0.0005638565826600104,113
POSITIVE_PAIR_EVIDENCE,50,B2_GLOBAL_REFOLD,1635,113,8,21009,999,234,20138,2734,1105,20071,67,2026,708,938,291,20779,2093,1229,2964,358,3322,11142,0.954607415485278,0.956383244125066,113,0.9889846066939698,0.985979407296024,113,0.9714919886245404,0.9692075663494077,113,0.9966729565994638,0.9923041815076474,113,0.7410387710314558,0.7934789462111446,101,0.8922335942203492,0.8758856838133461,102,0.1818345000897505,0.18933526299319325,113,0.057589645513932086,0.05851454331115502,0.03334452267592902,0.03457705170960357,5.2517091465764694e-06,0.0011321056142480554,113
UNPAIRED_NUCLEOTIDE_EVIDENCE,0,B0_ORIGINAL,1815,121,0,21985,4465,3155,21985,4465,3155,21985,0,0,4465,0,0,26450,0,0,0,0,0,0,0.8311909262759924,0.8521946259518096,121,0.874502784407319,0.9112435670539333,121,0.8522969567745687,0.8786352964320931,121,1.0,1.0,121,0.0,0.0,109,,,0,,,0,0.0,0.0,0.0,0.0,,,0
UNPAIRED_NUCLEOTIDE_EVIDENCE,0,B1_LOCAL_HARD,1815,121,0,21985,4465,3155,21985,4465,3155,21985,0,0,4465,0,0,26450,0,0,0,0,0,0,0.8311909262759924,0.8521946259518096,121,0.874502784407319,0.9112435670539333,121,0.8522969567745687,0.8786352964320931,121,1.0,1.0,121,0.0,0.0,109,,,0,,,0,0.0,0.0,0.0,0.0,,,0
UNPAIRED_NUCLEOTIDE_EVIDENCE,0,B2_GLOBAL_REFOLD,1815,121,0,22095,3300,3045,21985,4465,3155,21560,425,2175,2290,535,1010,23850,2600,1545,2710,1435,4145,0,0.8700531600708801,0.9069374161618192,121,0.8788782816229117,0.9138670306547281,121,0.8744434550311665,0.9058176119079561,121,0.9806686377075279,0.9746047813793409,121,0.48712206047032475,0.706121992917003,109,0.6537997587454765,0.7650930462092486,110,,,0,0.027182315475862917,0.022146498256597758,0.027182315475862917,0.022146498256597758,,,0
UNPAIRED_NUCLEOTIDE_EVIDENCE,1,B0_ORIGINAL,1815,121,0,21985,4465,3155,21985,4465,3155,21985,0,0,4465,0,0,26450,0,0,0,0,0,1815,0.8311909262759924,0.8521946259518096,121,0.874502784407319,0.9112435670539333,121,0.8522969567745687,0.8786352964320931,121,1.0,1.0,121,0.0,0.0,109,,,0,0.0,0.0,121,0.0,0.0,-0.007613872261922117,-0.006005957590341726,0.0,0.0,121
UNPAIRED_NUCLEOTIDE_EVIDENCE,1,B1_LOCAL_HARD,1815,121,0,21985,4104,3155,21985,4465,3155,21985,0,361,4104,0,0,26089,361,0,361,0,361,1815,0.8426923224347426,0.8660697168632027,121,0.874502784407319,0.9112435670539333,121,0.8583029143649105,0.8862491686940153,121,1.0,1.0,121,0.08085106382978724,0.17977409659989269,109,1.0,1.0,99,0.19889807162534434,0.19889807162534434,121,0.007613872261922117,0.006005957590341726,0.0,0.0,3.3090675428880035e-06,0.0005075914841281415,121
UNPAIRED_NUCLEOTIDE_EVIDENCE,1,B2_GLOBAL_REFOLD,1815,121,0,22224,2937,2916,21985,4465,3155,21584,401,2527,1938,640,999,23522,2928,1639,3167,1400,4567,1815,0.8832717300584237,0.9238364411583446,121,0.8840095465393795,0.9222045957087484,121,0.8836404842846066,0.9185587340830326,121,0.9817602911075733,0.9792054641530801,121,0.5659574468085107,0.7703510673326134,109,0.6934530326253558,0.8204125915929332,112,1.3922865013774104,1.3922865013774104,121,0.03992343765093942,0.03134352751003788,0.0323095653890173,0.025337569919696157,1.7269161162555306e-05,0.0026615625100626303,121
UNPAIRED_NUCLEOTIDE_EVIDENCE,5,B0_ORIGINAL,1815,121,0,21985,4465,3155,21985,4465,3155,21985,0,0,4465,0,0,26450,0,0,0,0,0,2010,0.8311909262759924,0.8521946259518096,121,0.874502784407319,0.9112435670539333,121,0.8522969567745687,0.8786352964320931,121,1.0,1.0,121,0.0,0.0,109,,,0,0.0,0.0,121,0.0,0.0,-0.008106986894743873,-0.006726995087268484,0.0,0.0,121
UNPAIRED_NUCLEOTIDE_EVIDENCE,5,B1_LOCAL_HARD,1815,121,0,21985,4061,3155,21985,4465,3155,21985,0,404,4061,0,0,26046,404,0,404,0,404,2010,0.8440835444981954,0.8669641465796082,121,0.874502784407319,0.9112435670539333,121,0.8590239518618372,0.886742283326837,121,1.0,1.0,121,0.09048152295632698,0.16216220645146753,109,1.0,1.0,96,0.2009950248756219,0.1971166207529844,121,0.008106986894743873,0.006726995087268484,0.0,0.0,3.3467637250091957e-06,0.0005271500096411041,121
UNPAIRED_NUCLEOTIDE_EVIDENCE,5,B2_GLOBAL_REFOLD,1815,121,0,22221,2910,2919,21985,4465,3155,21527,458,2692,1773,694,1137,23300,3150,1831,3386,1595,4981,2010,0.8842067565954399,0.9240578978741076,121,0.883890214797136,0.9217023122828926,121,0.8840484573611028,0.9188053962364519,121,0.9791676142824653,0.9781331546395095,121,0.6029115341545352,0.7769414695469113,109,0.6797831760690625,0.8164561152286206,111,1.3393034825870647,1.2209182736455464,121,0.040170099804358705,0.03175150058653409,0.03206311290961483,0.025024505499265604,1.5796766460962233e-05,0.002670582774123822,121
UNPAIRED_NUCLEOTIDE_EVIDENCE,10,B0_ORIGINAL,1815,121,0,21985,4465,3155,21985,4465,3155,21985,0,0,4465,0,0,26450,0,0,0,0,0,2775,0.8311909262759924,0.8521946259518096,121,0.874502784407319,0.9112435670539333,121,0.8522969567745687,0.8786352964320931,121,1.0,1.0,121,0.0,0.0,109,,,0,0.0,0.0,121,0.0,0.0,-0.009402059132486262,-0.009471265399744855,0.0,0.0,121
UNPAIRED_NUCLEOTIDE_EVIDENCE,10,B1_LOCAL_HARD,1815,121,0,21985,3898,3155,21985,4465,3155,21985,0,567,3898,0,0,25883,567,0,567,0,567,2775,0.8493992195649654,0.8692273536888846,121,0.874502784407319,0.9112435670539333,121,0.8617682221743136,0.8880373555645794,121,1.0,1.0,121,0.12698768197088467,0.18942413847722586,109,1.0,1.0,99,0.20432432432432432,0.1825528007346189,121,0.009402059132486262,0.009471265399744855,0.0,0.0,3.4130686125206682e-06,0.000486003377625879,121
UNPAIRED_NUCLEOTIDE_EVIDENCE,10,B2_GLOBAL_REFOLD,1815,121,0,22464,2586,2676,21985,4465,3155,21600,385,2967,1498,864,1088,23098,3352,1952,3831,1473,5304,2775,0.8967664670658683,0.9304317153672138,121,0.8935560859188544,0.9275756721510047,121,0.8951583980872684,0.924845033184596,121,0.982488060040937,0.9822968138600167,121,0.664501679731243,0.7921654620971728,109,0.7222850678733032,0.8231681555825924,112,1.0691891891891891,0.9465748393021121,121,0.04620973675250284,0.042861441312699644,0.03680767762001658,0.03339017591295479,1.544556443700888e-05,0.002364755443963726,121
UNPAIRED_NUCLEOTIDE_EVIDENCE,20,B0_ORIGINAL,1815,121,0,21985,4465,3155,21985,4465,3155,21985,0,0,4465,0,0,26450,0,0,0,0,0,4995,0.8311909262759924,0.8521946259518096,121,0.874502784407319,0.9112435670539333,121,0.8522969567745687,0.8786352964320931,121,1.0,1.0,121,0.0,0.0,109,,,0,0.0,0.0,121,0.0,0.0,-0.016149838950041517,-0.017156495728792853,0.0,0.0,121
UNPAIRED_NUCLEOTIDE_EVIDENCE,20,B1_LOCAL_HARD,1815,121,0,21985,3447,3155,21985,4465,3155,21985,0,1018,3447,0,0,25432,1018,0,1018,0,1018,4995,0.8644620949984272,0.8818620405018306,121,0.874502784407319,0.9112435670539333,121,0.8694534525033616,0.8947851353821347,121,1.0,1.0,121,0.22799552071668533,0.31341240478537685,109,1.0,1.0,106,0.2038038038038038,0.18076457212820848,121,0.016149838950041517,0.017156495728792853,0.0,0.0,3.434733879638209e-06,0.00048288476978189073,121
UNPAIRED_NUCLEOTIDE_EVIDENCE,20,B2_GLOBAL_REFOLD,1815,121,0,22539,2208,2601,21985,4465,3155,21528,457,3312,1153,1011,1055,22681,3769,2066,4323,1512,5835,4995,0.9107770638865317,0.9355892875296238,121,0.8965393794749403,0.9265178397858981,121,0.9036021408382946,0.9271913569328215,121,0.9792130998408005,0.9793292660302528,121,0.7417693169092945,0.8286826539661952,109,0.7408740359897172,0.8344678959982673,112,0.6630630630630631,0.5477965805238533,121,0.04855606050072836,0.05130518406372586,0.03240622155068684,0.03414868833493301,1.0271308120866038e-05,0.001290241243374967,121
UNPAIRED_NUCLEOTIDE_EVIDENCE,50,B0_ORIGINAL,1815,121,0,21985,4465,3155,21985,4465,3155,21985,0,0,4465,0,0,26450,0,0,0,0,0,13095,0.8311909262759924,0.8521946259518096,121,0.874502784407319,0.9112435670539333,121,0.8522969567745687,0.8786352964320931,121,1.0,1.0,121,0.0,0.0,109,,,0,0.0,0.0,121,0.0,0.0,-0.036776733868455924,-0.0392458563400524,0.0,0.0,121
UNPAIRED_NUCLEOTIDE_EVIDENCE,50,B1_LOCAL_HARD,1815,121,0,21985,2194,3155,21985,4465,3155,21985,0,2271,2194,0,0,24179,2271,0,2271,0,2271,13095,0.9092601017411803,0.9229538690540804,121,0.874502784407319,0.9112435670539333,121,0.8915428131146211,0.9154120303005491,121,1.0,1.0,121,0.5086226203807391,0.7005422230435088,109,1.0,1.0,108,0.1734249713631157,0.15224943746976177,121,0.036776733868455924,0.0392458563400524,0.0,0.0,2.9970107934366094e-06,0.00040953668999601974,121
UNPAIRED_NUCLEOTIDE_EVIDENCE,50,B2_GLOBAL_REFOLD,1815,121,0,22833,1101,2307,21985,4465,3155,21594,391,3974,491,1239,610,22085,4365,1849,5213,1001,6214,13095,0.953998495863625,0.9685547874515171,121,0.9082338902147972,0.9332581672909575,121,0.9305538574397848,0.9465994712184265,121,0.9822151466909256,0.9826742098901403,121,0.89003359462486,0.9308807164170242,109,0.8389121338912134,0.8950834334660861,112,0.3034746086292478,0.24081385494084998,121,0.06796417478633332,0.07825690066521607,0.031187440917877396,0.03901104432516367,5.976090161528528e-06,0.0006637934190205615,121
