dataset,source_model,feature_group_dimension,feature_group_value,predicted_pair_count,keep_count,delete_count,keep_fraction,delete_fraction,n_rnas_represented,n_rnas_with_delete
Legacy121_v1,rnafold,structural_unit,singleton,13,7,6,0.5384615384615384,0.46153846153846156,11,4
Legacy121_v1,rnafold,structural_unit,strict_stem,1680,1466,214,0.8726190476190476,0.12738095238095237,121,49
Legacy121_v1,rnafold,stem_length,length_2,72,41,31,0.5694444444444444,0.4305555555555556,28,12
Legacy121_v1,rnafold,stem_length,length_3,153,115,38,0.7516339869281046,0.24836601307189543,35,9
Legacy121_v1,rnafold,stem_length,length_4_plus,1455,1310,145,0.9003436426116839,0.09965635738831616,120,45
Legacy121_v1,rnafold,stem_length,not_in_stem,13,7,6,0.5384615384615384,0.46153846153846156,11,4
Legacy121_v1,rnafold,stem_position,inner_boundary,326,257,69,0.7883435582822086,0.2116564417177914,121,40
Legacy121_v1,rnafold,stem_position,interior,1028,949,79,0.9231517509727627,0.07684824902723736,121,20
Legacy121_v1,rnafold,stem_position,outer_boundary,326,260,66,0.7975460122699386,0.20245398773006135,121,34
Legacy121_v1,rnafold,stem_position,singleton,13,7,6,0.5384615384615384,0.46153846153846156,11,4
Legacy121_v1,rnafold,pair_class,watson_crick,1538,1352,186,0.8790637191157347,0.12093628088426528,121,47
Legacy121_v1,rnafold,pair_class,wobble,155,121,34,0.7806451612903226,0.21935483870967742,74,20
Legacy121_v1,rnafold,pair_type,AU,297,248,49,0.835016835016835,0.16498316498316498,108,28
Legacy121_v1,rnafold,pair_type,CG,398,343,55,0.8618090452261307,0.13819095477386933,113,19
Legacy121_v1,rnafold,pair_type,GC,566,511,55,0.9028268551236749,0.09717314487632508,120,21
Legacy121_v1,rnafold,pair_type,GU,80,62,18,0.775,0.225,53,14
Legacy121_v1,rnafold,pair_type,UA,277,250,27,0.9025270758122743,0.09747292418772563,99,15
Legacy121_v1,rnafold,pair_type,UG,75,59,16,0.7866666666666666,0.21333333333333335,44,10
Legacy121_v1,petfold,structural_unit,singleton,10,2,8,0.2,0.8,8,7
Legacy121_v1,petfold,structural_unit,strict_stem,1694,1461,233,0.8624557260920898,0.13754427390791027,121,56
Legacy121_v1,petfold,stem_length,length_2,68,33,35,0.4852941176470588,0.5147058823529411,28,15
Legacy121_v1,petfold,stem_length,length_3,141,103,38,0.7304964539007093,0.2695035460992908,36,11
Legacy121_v1,petfold,stem_length,length_4_plus,1485,1325,160,0.8922558922558923,0.10774410774410774,120,47
Legacy121_v1,petfold,stem_length,not_in_stem,10,2,8,0.2,0.8,8,7
Legacy121_v1,petfold,stem_position,inner_boundary,312,241,71,0.7724358974358975,0.22756410256410256,121,43
Legacy121_v1,petfold,stem_position,interior,1070,977,93,0.9130841121495327,0.08691588785046729,121,29
Legacy121_v1,petfold,stem_position,outer_boundary,312,243,69,0.7788461538461539,0.22115384615384615,121,38
Legacy121_v1,petfold,stem_position,singleton,10,2,8,0.2,0.8,8,7
Legacy121_v1,petfold,pair_class,other,15,0,15,0.0,1.0,11,11
Legacy121_v1,petfold,pair_class,watson_crick,1534,1344,190,0.8761408083441982,0.12385919165580182,121,50
Legacy121_v1,petfold,pair_class,wobble,155,119,36,0.7677419354838709,0.23225806451612904,75,22
Legacy121_v1,petfold,pair_type,AA,1,0,1,0.0,1.0,1,1
Legacy121_v1,petfold,pair_type,AC,3,0,3,0.0,1.0,2,2
Legacy121_v1,petfold,pair_type,AG,2,0,2,0.0,1.0,2,2
Legacy121_v1,petfold,pair_type,AU,296,248,48,0.8378378378378378,0.16216216216216217,108,29
Legacy121_v1,petfold,pair_type,CA,2,0,2,0.0,1.0,2,2
Legacy121_v1,petfold,pair_type,CC,2,0,2,0.0,1.0,2,2
Legacy121_v1,petfold,pair_type,CG,397,340,57,0.8564231738035264,0.14357682619647355,114,21
Legacy121_v1,petfold,pair_type,CU,1,0,1,0.0,1.0,1,1
Legacy121_v1,petfold,pair_type,GA,1,0,1,0.0,1.0,1,1
Legacy121_v1,petfold,pair_type,GC,565,509,56,0.9008849557522124,0.09911504424778761,120,22
Legacy121_v1,petfold,pair_type,GG,1,0,1,0.0,1.0,1,1
Legacy121_v1,petfold,pair_type,GU,80,61,19,0.7625,0.2375,53,15
Legacy121_v1,petfold,pair_type,UA,276,247,29,0.894927536231884,0.10507246376811594,99,18
Legacy121_v1,petfold,pair_type,UG,75,58,17,0.7733333333333333,0.22666666666666666,45,11
Legacy121_v1,petfold,pair_type,UU,2,0,2,0.0,1.0,2,2
Legacy121_v1,trrosettarna2_native_ss,structural_unit,singleton,63,14,49,0.2222222222222222,0.7777777777777778,43,33
Legacy121_v1,trrosettarna2_native_ss,structural_unit,strict_stem,1830,1447,383,0.7907103825136612,0.20928961748633879,121,100
Legacy121_v1,trrosettarna2_native_ss,stem_length,length_2,44,18,26,0.4090909090909091,0.5909090909090909,16,9
Legacy121_v1,trrosettarna2_native_ss,stem_length,length_3,84,55,29,0.6547619047619048,0.34523809523809523,19,8
Legacy121_v1,trrosettarna2_native_ss,stem_length,length_4_plus,1702,1374,328,0.8072855464159812,0.1927144535840188,121,97
Legacy121_v1,trrosettarna2_native_ss,stem_length,not_in_stem,63,14,49,0.2222222222222222,0.7777777777777778,43,33
Legacy121_v1,trrosettarna2_native_ss,stem_position,inner_boundary,295,150,145,0.5084745762711864,0.4915254237288136,121,87
Legacy121_v1,trrosettarna2_native_ss,stem_position,interior,1240,1078,162,0.8693548387096774,0.13064516129032258,121,54
Legacy121_v1,trrosettarna2_native_ss,stem_position,outer_boundary,295,219,76,0.7423728813559322,0.2576271186440678,121,39
Legacy121_v1,trrosettarna2_native_ss,stem_position,singleton,63,14,49,0.2222222222222222,0.7777777777777778,43,33
Legacy121_v1,trrosettarna2_native_ss,pair_class,other,273,0,273,0.0,1.0,90,90
Legacy121_v1,trrosettarna2_native_ss,pair_class,watson_crick,1439,1345,94,0.9346768589298123,0.06532314107018763,121,39
Legacy121_v1,trrosettarna2_native_ss,pair_class,wobble,181,116,65,0.6408839779005525,0.35911602209944754,87,46
Legacy121_v1,trrosettarna2_native_ss,pair_type,AA,29,0,29,0.0,1.0,23,23
Legacy121_v1,trrosettarna2_native_ss,pair_type,AC,16,0,16,0.0,1.0,15,15
Legacy121_v1,trrosettarna2_native_ss,pair_type,AG,32,0,32,0.0,1.0,23,23
Legacy121_v1,trrosettarna2_native_ss,pair_type,AU,263,246,17,0.935361216730038,0.06463878326996197,102,14
Legacy121_v1,trrosettarna2_native_ss,pair_type,CA,20,0,20,0.0,1.0,17,17
Legacy121_v1,trrosettarna2_native_ss,pair_type,CC,17,0,17,0.0,1.0,8,8
Legacy121_v1,trrosettarna2_native_ss,pair_type,CG,376,348,28,0.925531914893617,0.07446808510638298,110,16
Legacy121_v1,trrosettarna2_native_ss,pair_type,CU,9,0,9,0.0,1.0,8,8
Legacy121_v1,trrosettarna2_native_ss,pair_type,GA,74,0,74,0.0,1.0,55,55
Legacy121_v1,trrosettarna2_native_ss,pair_type,GC,535,506,29,0.9457943925233645,0.05420560747663551,119,15
Legacy121_v1,trrosettarna2_native_ss,pair_type,GG,22,0,22,0.0,1.0,15,15
Legacy121_v1,trrosettarna2_native_ss,pair_type,GU,75,59,16,0.7866666666666666,0.21333333333333335,50,9
Legacy121_v1,trrosettarna2_native_ss,pair_type,UA,265,245,20,0.9245283018867925,0.07547169811320754,99,14
Legacy121_v1,trrosettarna2_native_ss,pair_type,UC,20,0,20,0.0,1.0,14,14
Legacy121_v1,trrosettarna2_native_ss,pair_type,UG,106,57,49,0.5377358490566038,0.46226415094339623,67,42
Legacy121_v1,trrosettarna2_native_ss,pair_type,UU,34,0,34,0.0,1.0,28,28
Legacy121_v1,ALL,structural_unit,singleton,86,23,63,0.26744186046511625,0.7325581395348837,54,41
Legacy121_v1,ALL,structural_unit,strict_stem,5204,4374,830,0.8405073020753266,0.15949269792467333,121,105
Legacy121_v1,ALL,stem_length,length_2,184,92,92,0.5,0.5,38,22
Legacy121_v1,ALL,stem_length,length_3,378,273,105,0.7222222222222222,0.2777777777777778,43,16
Legacy121_v1,ALL,stem_length,length_4_plus,4642,4009,633,0.8636363636363636,0.13636363636363635,121,104
Legacy121_v1,ALL,stem_length,not_in_stem,86,23,63,0.26744186046511625,0.7325581395348837,54,41
Legacy121_v1,ALL,stem_position,inner_boundary,933,648,285,0.6945337620578779,0.3054662379421222,121,99
Legacy121_v1,ALL,stem_position,interior,3338,3004,334,0.8999400838825644,0.10005991611743559,121,62
Legacy121_v1,ALL,stem_position,outer_boundary,933,722,211,0.7738478027867095,0.22615219721329047,121,52
Legacy121_v1,ALL,stem_position,singleton,86,23,63,0.26744186046511625,0.7325581395348837,54,41
Legacy121_v1,ALL,pair_class,other,288,0,288,0.0,1.0,90,90
Legacy121_v1,ALL,pair_class,watson_crick,4511,4041,470,0.8958102416315673,0.10418975836843272,121,60
Legacy121_v1,ALL,pair_class,wobble,491,356,135,0.725050916496945,0.27494908350305497,93,55
Legacy121_v1,ALL,pair_type,AA,30,0,30,0.0,1.0,23,23
Legacy121_v1,ALL,pair_type,AC,19,0,19,0.0,1.0,15,15
Legacy121_v1,ALL,pair_type,AG,34,0,34,0.0,1.0,23,23
Legacy121_v1,ALL,pair_type,AU,856,742,114,0.866822429906542,0.13317757009345793,108,32
Legacy121_v1,ALL,pair_type,CA,22,0,22,0.0,1.0,17,17
Legacy121_v1,ALL,pair_type,CC,19,0,19,0.0,1.0,10,10
Legacy121_v1,ALL,pair_type,CG,1171,1031,140,0.8804440649017934,0.11955593509820667,114,27
Legacy121_v1,ALL,pair_type,CU,10,0,10,0.0,1.0,8,8
Legacy121_v1,ALL,pair_type,GA,75,0,75,0.0,1.0,55,55
Legacy121_v1,ALL,pair_type,GC,1666,1526,140,0.9159663865546218,0.08403361344537816,120,27
Legacy121_v1,ALL,pair_type,GG,23,0,23,0.0,1.0,16,16
Legacy121_v1,ALL,pair_type,GU,235,182,53,0.774468085106383,0.225531914893617,57,21
Legacy121_v1,ALL,pair_type,UA,818,742,76,0.9070904645476773,0.09290953545232274,101,25
Legacy121_v1,ALL,pair_type,UC,20,0,20,0.0,1.0,14,14
Legacy121_v1,ALL,pair_type,UG,256,174,82,0.6796875,0.3203125,71,47
Legacy121_v1,ALL,pair_type,UU,36,0,36,0.0,1.0,28,28
