failure_component,variant,source_model,metric,observed,required,margin_observed_minus_required,status,responsible_source,macro_delta_f1,micro_delta_f1
A_PRESERVATION,POOLED_SOURCE_AWARE,pooled,correct_pair_preservation,0.9880795569112636,0.99,-0.001920443088736401,FAIL,pooled aggregate,,
A_PRESERVATION,POOLED_SOURCE_AWARE,rnafold,correct_pair_preservation,0.9894022667006428,0.98,0.009402266700642814,PASS,rnafold,,
A_PRESERVATION,POOLED_SOURCE_AWARE,petfold,correct_pair_preservation,0.9841404421828779,0.98,0.0041404421828779014,PASS,petfold,,
A_PRESERVATION,POOLED_SOURCE_AWARE,trrosettarna2_native_ss,correct_pair_preservation,0.9906783150064489,0.98,0.01067831500644889,PASS,trrosettarna2_native_ss,,
B_PER_SOURCE_DELTA_F1,POOLED_SOURCE_AWARE,rnafold,macro_and_micro_delta_f1_positive,0,1,-1,FAIL,rnafold,-0.002677018372902601,-0.003899273881604888
B_PER_SOURCE_DELTA_F1,POOLED_SOURCE_AWARE,petfold,macro_and_micro_delta_f1_positive,0,1,-1,FAIL,petfold,-0.0004969708506767372,-0.0016214083129978477
B_PER_SOURCE_DELTA_F1,POOLED_SOURCE_AWARE,trrosettarna2_native_ss,macro_and_micro_delta_f1_positive,1,1,0,PASS,trrosettarna2_native_ss,0.05806175155048181,0.07424602213718012
B_PER_SOURCE_DELTA_F1,POOLED_SOURCE_AWARE,pooled_gate,sources_with_positive_macro_and_micro_delta_f1,1,2,-1,FAIL,rnafold;petfold,,
A_PRESERVATION,POOLED_SOURCE_AGNOSTIC,pooled,correct_pair_preservation,0.9850926072157197,0.99,-0.004907392784280318,FAIL,pooled aggregate,,
A_PRESERVATION,POOLED_SOURCE_AGNOSTIC,rnafold,correct_pair_preservation,0.985884190658026,0.98,0.005884190658026034,PASS,rnafold,,
A_PRESERVATION,POOLED_SOURCE_AGNOSTIC,petfold,correct_pair_preservation,0.9828237449777033,0.98,0.002823744977703324,PASS,petfold,,
A_PRESERVATION,POOLED_SOURCE_AGNOSTIC,trrosettarna2_native_ss,correct_pair_preservation,0.9864606652641544,0.98,0.006460665264154453,PASS,trrosettarna2_native_ss,,
B_PER_SOURCE_DELTA_F1,POOLED_SOURCE_AGNOSTIC,rnafold,macro_and_micro_delta_f1_positive,0,1,-1,FAIL,rnafold,-0.0025742603633161385,-0.004575845906651171
B_PER_SOURCE_DELTA_F1,POOLED_SOURCE_AGNOSTIC,petfold,macro_and_micro_delta_f1_positive,0,1,-1,FAIL,petfold,-0.00043214273383898144,-0.0018496340336040472
B_PER_SOURCE_DELTA_F1,POOLED_SOURCE_AGNOSTIC,trrosettarna2_native_ss,macro_and_micro_delta_f1_positive,1,1,0,PASS,trrosettarna2_native_ss,0.05836131700723065,0.07449732146856683
B_PER_SOURCE_DELTA_F1,POOLED_SOURCE_AGNOSTIC,pooled_gate,sources_with_positive_macro_and_micro_delta_f1,1,2,-1,FAIL,rnafold;petfold,,
C_LOMO_TRANSFER,LOMO_HOLDOUT_RNAFOLD,rnafold,modification_precision,0.31444444444444447,0.8,-0.4855555555555556,FAIL,rnafold,,
C_LOMO_TRANSFER,LOMO_HOLDOUT_RNAFOLD,rnafold,correct_pair_preservation,0.9939804801595099,0.98,0.013980480159509923,PASS,,,
C_LOMO_TRANSFER,LOMO_HOLDOUT_RNAFOLD,rnafold,macro_delta_f1,-0.0010942711820636035,>0.0,-0.0010942711820636035,FAIL,rnafold,,
C_LOMO_TRANSFER,LOMO_HOLDOUT_RNAFOLD,rnafold,micro_delta_f1,-0.0018885736013574128,>0.0,-0.0018885736013574128,FAIL,rnafold,,
C_LOMO_TRANSFER,LOMO_HOLDOUT_PETFOLD,petfold,modification_precision,0.6594259854598201,0.8,-0.14057401454017993,FAIL,petfold,,
C_LOMO_TRANSFER,LOMO_HOLDOUT_PETFOLD,petfold,correct_pair_preservation,0.9882510217797805,0.98,0.008251021779780543,PASS,,,
C_LOMO_TRANSFER,LOMO_HOLDOUT_PETFOLD,petfold,macro_delta_f1,0.0008270089988482185,>0.0,0.0008270089988482185,PASS,,,
C_LOMO_TRANSFER,LOMO_HOLDOUT_PETFOLD,petfold,micro_delta_f1,-0.00032991308659985607,>0.0,-0.00032991308659985607,FAIL,petfold,,
C_LOMO_TRANSFER,LOMO_HOLDOUT_TRROSETTARNA2,trrosettarna2_native_ss,modification_precision,0.9078198019166548,0.8,0.10781980191665474,PASS,,,
C_LOMO_TRANSFER,LOMO_HOLDOUT_TRROSETTARNA2,trrosettarna2_native_ss,correct_pair_preservation,0.9832146012077606,0.98,0.0032146012077606256,PASS,,,
C_LOMO_TRANSFER,LOMO_HOLDOUT_TRROSETTARNA2,trrosettarna2_native_ss,macro_delta_f1,0.03381934426763254,>0.0,0.03381934426763254,PASS,,,
C_LOMO_TRANSFER,LOMO_HOLDOUT_TRROSETTARNA2,trrosettarna2_native_ss,micro_delta_f1,0.042202993431945675,>0.0,0.042202993431945675,PASS,,,
DEPLOYABILITY_DIAGNOSTIC,LOMO_HOLDOUT_PETFOLD,applicable,deployable_fold_seed_runs,21,not a frozen v1 gate,,DESCRIPTIVE,,,
DEPLOYABILITY_DIAGNOSTIC,LOMO_HOLDOUT_RNAFOLD,applicable,deployable_fold_seed_runs,15,not a frozen v1 gate,,DESCRIPTIVE,,,
DEPLOYABILITY_DIAGNOSTIC,LOMO_HOLDOUT_TRROSETTARNA2,applicable,deployable_fold_seed_runs,17,not a frozen v1 gate,,DESCRIPTIVE,,,
DEPLOYABILITY_DIAGNOSTIC,MODEL_SPECIFIC_PETFOLD,applicable,deployable_fold_seed_runs,14,not a frozen v1 gate,,DESCRIPTIVE,,,
DEPLOYABILITY_DIAGNOSTIC,MODEL_SPECIFIC_RNAFOLD,applicable,deployable_fold_seed_runs,20,not a frozen v1 gate,,DESCRIPTIVE,,,
DEPLOYABILITY_DIAGNOSTIC,MODEL_SPECIFIC_TRROSETTARNA2,applicable,deployable_fold_seed_runs,14,not a frozen v1 gate,,DESCRIPTIVE,,,
DEPLOYABILITY_DIAGNOSTIC,POOLED_SOURCE_AGNOSTIC,applicable,deployable_fold_seed_runs,20,not a frozen v1 gate,,DESCRIPTIVE,,,
DEPLOYABILITY_DIAGNOSTIC,POOLED_SOURCE_AWARE,applicable,deployable_fold_seed_runs,16,not a frozen v1 gate,,DESCRIPTIVE,,,
